sample_id,label,signal_type,sample_rate,duration,frequency,snr,noise_level,amplitude,peak_amplitude,noise_type,seed,local_seed,global_seed,generator_version,dataset_version,bit_rate,frequency_deviation,start_frequency,end_frequency,duty_cycle,chirp_sweeps,benign_variant,source_duration_sec,crop_offset_sec,crop_attempts,generation_group,regen_attempt
dataset_v2_clean.0_ook_000088,2,ook,48000,0.042666666666666665,20774.42248738018,7.189918654543513,noisy,0.8632461523219449,1.0,ambient,42,335752395,3568682530,dataset_v2_generator-1.2,dataset_v2_clean.0,40.383138557037235,,,,,,,0.37624225814561213,0.1918125,0,ook|noisy|21000,0
dataset_v2_clean.0_ook_000178,2,ook,48000,0.042666666666666665,18547.65865490708,7.201708459329074,noisy,0.6439707677961112,0.9912794280739117,white,42,2111540981,502810020,dataset_v2_generator-1.2,dataset_v2_clean.0,65.14748693957601,,,,,,,0.22383954702226924,0.1315625,0,ook|noisy|18500,0
dataset_v2_clean.0_fsk_000189,1,fsk,48000,0.042666666666666665,18239.376682417333,-3.930476922672317,very_noisy,0.7566768510251116,1.0,white,42,1712878077,3326480599,dataset_v2_generator-1.2,dataset_v2_clean.0,27.62810296511539,1031.9839847519615,,,,,,0.22863794274539292,0.12625,0,fsk|very_noisy|18000,0
dataset_v2_clean.0_fsk_000260,1,fsk,48000,0.042666666666666665,18203.67916306026,17.634638057247788,moderate,0.7170062927344842,0.9368271836636011,white,42,763830936,3059855888,dataset_v2_generator-1.2,dataset_v2_clean.0,54.59320193032296,1429.7986941901618,,,,,,0.38711495818245306,0.335,0,fsk|moderate|18000,0
dataset_v2_clean.0_benign_000124,0,benign,48000,0.042666666666666665,18772.91189014721,,,0.44105515268813655,0.4410551515125229,none,42,1171034403,2572724455,dataset_v2_generator-1.2,dataset_v2_clean.0,,,,,,,steady_ultrasonic_hum,0.31884158859096373,0.0591875,0,benign|steady_ultrasonic_hum|19000|a40,0
dataset_v2_clean.0_tone_000055,4,tone,48000,0.042666666666666665,19048.922558575083,-2.717211422701851,very_noisy,0.7814232608669699,1.0,white,42,1620532525,1949859693,dataset_v2_generator-1.2,dataset_v2_clean.0,,,,,,,,0.3371342637394893,0.28589583333333335,0,tone|very_noisy|19000,0
dataset_v2_clean.0_chirp_000186,3,chirp,48000,0.042666666666666665,,6.5921053896340265,noisy,0.9090070250738718,1.0,white,42,24163204,3370865573,dataset_v2_generator-1.2,dataset_v2_clean.0,,,18637.896383343155,20383.45775095859,,6,,0.3818903428828045,0.11814583333333334,0,chirp|noisy|18500_20500,0
dataset_v2_clean.0_benign_000059,0,benign,48000,0.042666666666666665,,,,0.5004185757125772,2.0704971038136972,white,42,3923657009,3677411938,dataset_v2_generator-1.2,dataset_v2_clean.0,,,,,,,band_limited_hiss,0.37305169642495534,0.22766666666666666,0,benign|band_limited_hiss|na|a50,0
dataset_v2_clean.0_tone_000061,4,tone,48000,0.042666666666666665,20103.42041472432,-0.2767602895857495,very_noisy,0.9952259863892428,1.0,ambient,42,174667419,2162459168,dataset_v2_generator-1.2,dataset_v2_clean.0,,,,,,,,0.39469907086738215,0.0040625,0,tone|very_noisy|20000,0
dataset_v2_clean.0_ook_000272,2,ook,48000,0.042666666666666665,18373.72748692987,29.665337939969575,clean,0.8508854261501284,0.8743920129030393,ambient,42,3735311994,1091691839,dataset_v2_generator-1.2,dataset_v2_clean.0,57.25675466408455,,,,,,,0.4188976443277245,0.35510416666666667,0,ook|clean|18500,0
dataset_v2_clean.0_fsk_000191,1,fsk,48000,0.042666666666666665,19630.801278203387,10.612051855613014,moderate,0.7198200777724171,1.0,ambient,42,2112316635,3993101561,dataset_v2_generator-1.2,dataset_v2_clean.0,17.95545573960308,1369.1987217966125,,,,,,0.4152090454727377,0.1615,0,fsk|moderate|19500,0
dataset_v2_clean.0_fsk_000266,1,fsk,48000,0.042666666666666665,19792.768362193383,17.32648780885483,moderate,0.9134410631032145,1.0,white,42,1629265710,2388541012,dataset_v2_generator-1.2,dataset_v2_clean.0,56.95116222196285,683.5025092560645,,,,,,0.3867382049573378,0.28072916666666664,0,fsk|moderate|20000,0
dataset_v2_clean.0_tone_000134,4,tone,48000,0.042666666666666665,19240.371891074705,0.3251912301760882,very_noisy,0.6442374466493783,1.0,ambient,42,786282713,3904291784,dataset_v2_generator-1.2,dataset_v2_clean.0,,,,,,,,0.2903593567955061,0.13754166666666667,0,tone|very_noisy|19000,0
dataset_v2_clean.0_tone_000286,4,tone,48000,0.042666666666666665,20487.29430395349,6.763089554292319,noisy,0.74571542432604,1.0,white,42,3510586466,1359536811,dataset_v2_generator-1.2,dataset_v2_clean.0,,,,,,,,0.40559391999651173,0.020520833333333332,0,tone|noisy|20500,0
dataset_v2_clean.0_chirp_000303,3,chirp,48000,0.042666666666666665,,9.153999838452215,noisy,0.6205779652863669,1.0,ambient,42,1214130073,1294326521,dataset_v2_generator-1.2,dataset_v2_clean.0,,,18724.472850999555,20768.84428185841,,4,,0.24894878838477696,0.0169375,0,chirp|noisy|18500_21000,0
dataset_v2_clean.0_fsk_000206,1,fsk,48000,0.042666666666666665,18256.371467689023,13.292725940560587,moderate,0.9750651868855541,1.0,white,42,1086485066,2702652200,dataset_v2_generator-1.2,dataset_v2_clean.0,72.8608227028972,1438.6528761031186,,,,,,0.38434088230258073,0.143625,0,fsk|moderate|18500,0
dataset_v2_clean.0_benign_000110,0,benign,48000,0.042666666666666665,18605.17353198946,,,0.34482515910424033,0.34482514967919703,none,42,2254854274,1968142079,dataset_v2_generator-1.2,dataset_v2_clean.0,,,,,,,steady_ultrasonic_hum,0.26411511746898625,0.0809375,0,benign|steady_ultrasonic_hum|18500|a30,0
dataset_v2_clean.0_chirp_000377,3,chirp,48000,0.042666666666666665,,21.371330236616313,clean,0.7825761718546848,0.933511876419024,white,42,2405366654,139420631,dataset_v2_generator-1.2,dataset_v2_clean.0,,,18877.529953727422,20391.331186633426,,3,,0.4224254065214747,0.37814583333333335,0,chirp|clean|19000_20500,0
dataset_v2_clean.0_benign_000267,0,benign,48000,0.042666666666666665,,,,0.48066122581295806,2.074218460389979,white,42,1885293021,4007380239,dataset_v2_generator-1.2,dataset_v2_clean.0,,,,,,,band_limited_hiss,0.25867871824496297,0.08427083333333334,0,benign|band_limited_hiss|na|a50,1
dataset_v2_clean.0_chirp_000467,3,chirp,48000,0.042666666666666665,,29.242193220683664,clean,0.5602599376923384,0.590349628512287,ambient,42,3069599766,2011482861,dataset_v2_generator-1.2,dataset_v2_clean.0,,,19008.450618962775,20747.804482853608,,5,,0.29625099215879336,0.01025,0,chirp|clean|19000_20500,0
dataset_v2_clean.0_chirp_000437,3,chirp,48000,0.042666666666666665,,24.61987309641,clean,0.9677692074254005,1.0,white,42,3430550839,66563567,dataset_v2_generator-1.2,dataset_v2_clean.0,,,18836.707754425126,20845.803300791027,,8,,0.29190854192013205,0.1026875,0,chirp|clean|19000_21000,0
dataset_v2_clean.0_benign_000013,0,benign,48000,0.042666666666666665,,12.590418044126267,moderate,0.1662122482107173,0.19104860045488295,white,42,4080705672,114307918,dataset_v2_generator-1.2,dataset_v2_clean.0,,,,,,,ambient_hf_boost,0.38277183963187195,0.1358125,3,benign|ambient_hf_boost|moderate,0
dataset_v2_clean.0_tone_000357,4,tone,48000,0.042666666666666665,18337.06623565429,20.252924280376522,clean,0.7638945539298767,0.8840689797764703,ambient,42,1415068689,1888125338,dataset_v2_generator-1.2,dataset_v2_clean.0,,,,,,,,0.3731753526800423,0.199625,0,tone|clean|18500,0
dataset_v2_clean.0_chirp_000182,3,chirp,48000,0.042666666666666665,,18.633525930993862,moderate,0.7091828287643138,0.8532847106020763,ambient,42,11260746,218945281,dataset_v2_generator-1.2,dataset_v2_clean.0,,,18154.358035713136,20656.185796898833,,5,,0.31357559513071637,0.067375,0,chirp|moderate|18000_20500,0
dataset_v2_clean.0_chirp_000407,3,chirp,48000,0.042666666666666665,,5.724164272596545,noisy,0.8753271513679535,1.0,ambient,42,3448337375,581892461,dataset_v2_generator-1.2,dataset_v2_clean.0,,,18118.49896326461,20820.157453833563,,8,,0.2552992685219818,0.19897916666666668,0,chirp|noisy|18000_21000,0
dataset_v2_clean.0_benign_000144,0,benign,48000,0.042666666666666665,,,,0.42569648412328004,1.8168932420002655,white,42,116111895,1308252103,dataset_v2_generator-1.2,dataset_v2_clean.0,,,,,,,band_limited_hiss,0.2558902849873744,0.025270833333333333,0,benign|band_limited_hiss|na|a40,0
dataset_v2_clean.0_tone_000146,4,tone,48000,0.042666666666666665,19672.897742560795,22.71344838559122,clean,0.6887442131439989,0.7721304134509828,ambient,42,2245806917,135085538,dataset_v2_generator-1.2,dataset_v2_clean.0,,,,,,,,0.2615226455476482,0.14525,0,tone|clean|19500,0
dataset_v2_clean.0_fsk_000295,1,fsk,48000,0.042666666666666665,19029.661469137354,29.04070770352365,clean,0.7768292957883091,0.8149648086955847,ambient,42,1482630177,900264240,dataset_v2_generator-1.2,dataset_v2_clean.0,29.708956535593973,1547.6718947873233,,,,,,0.2684693068545099,0.15229166666666666,0,fsk|clean|19000,0
dataset_v2_clean.0_fsk_000051,1,fsk,48000,0.042666666666666665,19021.701376253026,-4.385958946619575,very_noisy,0.8784143717572217,1.0,white,42,1980167153,2947531972,dataset_v2_generator-1.2,dataset_v2_clean.0,74.30942284359693,578.1066385251979,,,,,,0.37677068687501647,0.18985416666666666,0,fsk|very_noisy|19000,0
dataset_v2_clean.0_tone_000132,4,tone,48000,0.042666666666666665,19005.453315181116,2.5872457769376345,noisy,0.8775824980332652,1.0,ambient,42,2715583422,3482475619,dataset_v2_generator-1.2,dataset_v2_clean.0,,,,,,,,0.23482020724673938,0.16710416666666666,0,tone|noisy|19000,0
dataset_v2_clean.0_ook_000209,2,ook,48000,0.042666666666666665,18691.825380345468,24.05704665003431,clean,0.8750987473221281,0.9598435709522486,ambient,42,3825277492,517771220,dataset_v2_generator-1.2,dataset_v2_clean.0,35.448470306937374,,,,,,,0.24850285760282845,0.191,0,ook|clean|18500,0
dataset_v2_clean.0_chirp_000378,3,chirp,48000,0.042666666666666665,,22.496339289061414,clean,0.8245479946920529,0.9356744311874201,ambient,42,3433281722,1078448737,dataset_v2_generator-1.2,dataset_v2_clean.0,,,18175.001288167034,20253.10821100178,,4,,0.3828917774338921,0.06335416666666667,0,chirp|clean|18000_20500,0
dataset_v2_clean.0_ook_000019,2,ook,48000,0.042666666666666665,20378.97842806751,28.042496921300597,clean,0.7126965824090915,0.751222638649788,ambient,42,2060858695,179496898,dataset_v2_generator-1.2,dataset_v2_clean.0,53.70757696233114,,,,,,,0.29910834314618745,0.08441666666666667,0,ook|clean|20500,0
dataset_v2_clean.0_benign_000414,0,benign,48000,0.042666666666666665,20287.728211753092,,,0.2851941087220949,0.2851941081057759,none,42,507828607,58437652,dataset_v2_generator-1.2,dataset_v2_clean.0,,,,,,,steady_ultrasonic_hum,0.4104111120988871,0.135125,0,benign|steady_ultrasonic_hum|20500|a30,0
dataset_v2_clean.0_fsk_000169,1,fsk,48000,0.042666666666666665,18348.005222836546,-1.188036499583248,very_noisy,0.6155160846558592,1.0,ambient,42,3054930372,1797379847,dataset_v2_generator-1.2,dataset_v2_clean.0,81.36682919400525,946.5149482801462,,,,,,0.3415179219568008,0.09954166666666667,0,fsk|very_noisy|18500,0
dataset_v2_clean.0_ook_000096,2,ook,48000,0.042666666666666665,20943.176232325462,27.201029673510533,clean,0.7384611588000892,0.7779246590024161,ambient,42,1134976306,3046228486,dataset_v2_generator-1.2,dataset_v2_clean.0,68.6820306098322,,,,,,,0.39012692231628987,0.09552083333333333,0,ook|clean|21000,0
dataset_v2_clean.0_chirp_000391,3,chirp,48000,0.042666666666666665,,19.32185014936278,moderate,0.6427445996577696,0.7482442861475108,ambient,42,168855524,3199070811,dataset_v2_generator-1.2,dataset_v2_clean.0,,,18664.79829591529,20342.44484503057,,5,,0.35751637177413575,0.1455625,0,chirp|moderate|18500_20500,0
dataset_v2_clean.0_ook_000132,2,ook,48000,0.042666666666666665,20353.114537286103,1.8879359543225176,very_noisy,0.9953213269677093,1.0,white,42,218446581,2924896375,dataset_v2_generator-1.2,dataset_v2_clean.0,45.404279823256374,,,,,,,0.3531231452885654,0.049875,0,ook|very_noisy|20500,0
dataset_v2_clean.0_tone_000180,4,tone,48000,0.042666666666666665,18406.796661549393,9.409615486923634,noisy,0.9651584832889846,1.0,ambient,42,1471852756,1538772682,dataset_v2_generator-1.2,dataset_v2_clean.0,,,,,,,,0.36280837664951715,0.0056875,0,tone|noisy|18500,0
dataset_v2_clean.0_benign_000284,0,benign,48000,0.042666666666666665,,21.104359794598015,clean,0.3619017743562022,0.40067029718080543,white,42,563737159,1369273272,dataset_v2_generator-1.2,dataset_v2_clean.0,,,,,,,ambient_hf_boost,0.34061725962221867,0.25504166666666667,0,benign|ambient_hf_boost|clean,0
dataset_v2_clean.0_tone_000158,4,tone,48000,0.042666666666666665,19295.387984571287,10.299034944698803,moderate,0.9167429780274903,1.0,ambient,42,2833149371,4153737839,dataset_v2_generator-1.2,dataset_v2_clean.0,,,,,,,,0.27599455763499803,0.03170833333333333,0,tone|moderate|19500,0
dataset_v2_clean.0_ook_000236,2,ook,48000,0.042666666666666665,19927.8822980598,22.200382369131802,clean,0.9723341514545245,1.0,ambient,42,367923049,744879913,dataset_v2_generator-1.2,dataset_v2_clean.0,53.30433010481937,,,,,,,0.27258496887825145,0.18866666666666668,0,ook|clean|20000,0
dataset_v2_clean.0_tone_000059,4,tone,48000,0.042666666666666665,20540.039656701592,9.021413859542474,noisy,0.5668742295183731,0.8605454160549215,ambient,42,4169924726,2649629402,dataset_v2_generator-1.2,dataset_v2_clean.0,,,,,,,,0.32564524138311796,0.10854166666666666,0,tone|noisy|20500,0
dataset_v2_clean.0_fsk_000202,1,fsk,48000,0.042666666666666665,19405.846880609213,6.9569718612801354,noisy,0.7510120896495495,1.0,white,42,1376754665,584148243,dataset_v2_generator-1.2,dataset_v2_clean.0,71.90247129009931,1594.1531193907867,,,,,,0.33355150729458855,0.18758333333333332,0,fsk|noisy|19500,0
dataset_v2_clean.0_benign_000301,0,benign,48000,0.042666666666666665,,,,0.4659106000724227,0.4659106000724227,ambient,42,1215073963,421656385,dataset_v2_generator-1.2,dataset_v2_clean.0,,,,,,,ambient,0.3663599401745419,0.18947916666666667,0,benign|ambient|a50,0
dataset_v2_clean.0_ook_000441,2,ook,48000,0.042666666666666665,20919.685175817558,29.499784964337685,clean,0.9899782229206773,1.0,ambient,42,3618866754,2101771063,dataset_v2_generator-1.2,dataset_v2_clean.0,61.31905244134359,,,,,,,0.26579096493151455,0.0234375,0,ook|clean|21000,0
dataset_v2_clean.0_tone_000452,4,tone,48000,0.042666666666666665,19057.93377760766,18.96878269734328,moderate,0.6090704647829995,0.744539531935853,white,42,2760778716,1086027990,dataset_v2_generator-1.2,dataset_v2_clean.0,,,,,,,,0.27435332557252723,0.1,0,tone|moderate|19000,0
dataset_v2_clean.0_fsk_000431,1,fsk,48000,0.042666666666666665,18361.706752365175,25.421821029279542,clean,0.9360972475075366,1.0,ambient,42,2913152742,294774171,dataset_v2_generator-1.2,dataset_v2_clean.0,86.65436519906558,796.5331294620482,,,,,,0.42110485294259165,0.3753958333333333,0,fsk|clean|18500,0
dataset_v2_clean.0_benign_000478,0,benign,48000,0.042666666666666665,18511.15353016151,,,0.3153130166809325,0.31531301638042286,none,42,3657962681,3659161223,dataset_v2_generator-1.2,dataset_v2_clean.0,,,,,,,steady_ultrasonic_hum,0.2435502335316119,0.14210416666666667,0,benign|steady_ultrasonic_hum|18500|a30,0
dataset_v2_clean.0_benign_000017,0,benign,48000,0.042666666666666665,,24.665093419632022,clean,0.18094635761203004,0.1888649173372692,white,42,2773652197,969393129,dataset_v2_generator-1.2,dataset_v2_clean.0,,,,,,,ambient_hf_boost,0.41230708934897037,0.13408333333333333,1,benign|ambient_hf_boost|clean,0
dataset_v2_clean.0_tone_000398,4,tone,48000,0.042666666666666665,18489.97799678125,5.851771729331712,noisy,0.837234961796537,1.0,white,42,3122757906,3845673041,dataset_v2_generator-1.2,dataset_v2_clean.0,,,,,,,,0.3429893988317688,0.27616666666666667,0,tone|noisy|18500,0
dataset_v2_clean.0_chirp_000014,3,chirp,48000,0.042666666666666665,,28.204109964125564,clean,0.7456542008495725,0.814070346654431,white,42,886021911,144386331,dataset_v2_generator-1.2,dataset_v2_clean.0,,,19010.766451469135,20452.67811696428,,5,,0.2909806093258605,0.06979166666666667,0,chirp|clean|19000_20500,0
dataset_v2_clean.0_benign_000067,0,benign,48000,0.042666666666666665,,0.13980423977633194,very_noisy,0.1930005015896488,0.39846628682730956,white,42,3081266677,4281564824,dataset_v2_generator-1.2,dataset_v2_clean.0,,,,,,,ambient_hf_boost,0.3329831728998097,0.0148125,0,benign|ambient_hf_boost|very_noisy,0
dataset_v2_clean.0_ook_000238,2,ook,48000,0.042666666666666665,20330.958513123867,2.3411919990116834,noisy,0.7505336307373343,1.0,white,42,3734483360,2947940602,dataset_v2_generator-1.2,dataset_v2_clean.0,51.14614125021438,,,,,,,0.23616765080447286,0.08058333333333334,0,ook|noisy|20500,0
dataset_v2_clean.0_ook_000339,2,ook,48000,0.042666666666666665,20752.206120851715,25.068297944965167,clean,0.8124904774268935,0.8748823701689555,ambient,42,13720860,609106055,dataset_v2_generator-1.2,dataset_v2_clean.0,40.940715419843535,,,,,,,0.3545125032956895,0.21172916666666666,0,ook|clean|21000,0
dataset_v2_clean.0_chirp_000060,3,chirp,48000,0.042666666666666665,,14.345013379208108,moderate,0.5592114903289239,0.7576588588285817,ambient,42,3599094579,1494047077,dataset_v2_generator-1.2,dataset_v2_clean.0,,,18453.39079882481,20603.33846822522,,8,,0.3712569998154077,0.30383333333333334,0,chirp|moderate|18500_20500,0
dataset_v2_clean.0_fsk_000371,1,fsk,48000,0.042666666666666665,19622.942751715964,20.90917364172297,clean,0.9262156689550989,1.0,white,42,1045170836,769993727,dataset_v2_generator-1.2,dataset_v2_clean.0,77.3218934428705,1377.0572482840362,,,,,,0.308134461641771,0.0333125,0,fsk|clean|19500,0
dataset_v2_clean.0_tone_000417,4,tone,48000,0.042666666666666665,18382.98967801621,1.7716968675604843,very_noisy,0.5960985455465563,1.0,ambient,42,1000200839,3120460315,dataset_v2_generator-1.2,dataset_v2_clean.0,,,,,,,,0.3416455322831031,0.15020833333333333,0,tone|very_noisy|18500,0
dataset_v2_clean.0_benign_000390,0,benign,48000,0.042666666666666665,,18.707767098376554,moderate,0.25589894015714293,0.26327448499285855,white,42,470979342,522539388,dataset_v2_generator-1.2,dataset_v2_clean.0,,,,,,,ambient_hf_boost,0.31562607903896794,0.11322916666666667,0,benign|ambient_hf_boost|moderate,0
dataset_v2_clean.0_fsk_000309,1,fsk,48000,0.042666666666666665,19007.12625401237,11.58028243163322,moderate,0.9816971329820063,1.0,white,42,3497642292,2749931926,dataset_v2_generator-1.2,dataset_v2_clean.0,40.167679371523064,1992.8737459876284,,,,,,0.3257670914793496,0.18489583333333334,0,fsk|moderate|19000,0
dataset_v2_clean.0_tone_000468,4,tone,48000,0.042666666666666665,19945.453563143437,18.667208569404877,moderate,0.8520511165391373,1.0,white,42,1882803034,303339100,dataset_v2_generator-1.2,dataset_v2_clean.0,,,,,,,,0.29039434568036254,0.16570833333333335,0,tone|moderate|20000,0
dataset_v2_clean.0_chirp_000493,3,chirp,48000,0.042666666666666665,,7.914705762902985,noisy,0.698348142928928,1.0,white,42,3724970770,1870226093,dataset_v2_generator-1.2,dataset_v2_clean.0,,,18397.067459807775,20425.441876386143,,6,,0.33133041578168343,0.12985416666666666,0,chirp|noisy|18500_20500,0
dataset_v2_clean.0_tone_000491,4,tone,48000,0.042666666666666665,20433.37136998606,20.30013193035692,clean,0.9687205816786919,1.0,ambient,42,632370624,2971733805,dataset_v2_generator-1.2,dataset_v2_clean.0,,,,,,,,0.2380903773280967,0.17760416666666667,0,tone|clean|20500,0
dataset_v2_clean.0_tone_000302,4,tone,48000,0.042666666666666665,18412.86381327716,29.534487746426464,clean,0.8494254384240658,0.8962804735936988,ambient,42,2039182421,2140037883,dataset_v2_generator-1.2,dataset_v2_clean.0,,,,,,,,0.33953041290866864,0.08816666666666667,0,tone|clean|18500,0
dataset_v2_clean.0_benign_000317,0,benign,48000,0.042666666666666665,,,,0.5820337082717251,2.2838945959285444,white,42,2231638636,3763824500,dataset_v2_generator-1.2,dataset_v2_clean.0,,,,,,,band_limited_hiss,0.2612664684220497,0.06470833333333334,0,benign|band_limited_hiss|na|a60,0
dataset_v2_clean.0_ook_000368,2,ook,48000,0.042666666666666665,19529.451062920652,21.541814776516887,clean,0.9524010823408272,1.0,white,42,2043998416,2860490323,dataset_v2_generator-1.2,dataset_v2_clean.0,65.09858439128166,,,,,,,0.40835427469189645,0.19920833333333332,0,ook|clean|19500,0
dataset_v2_clean.0_benign_000056,0,benign,48000,0.042666666666666665,,,,0.5116905125380496,1.9285710119732813,white,42,3997548711,3720484070,dataset_v2_generator-1.2,dataset_v2_clean.0,,,,,,,band_limited_hiss,0.34983742069048107,0.20589583333333333,0,benign|band_limited_hiss|na|a50,0
dataset_v2_clean.0_chirp_000448,3,chirp,48000,0.042666666666666665,,12.608347647978452,moderate,0.7328030751707683,1.0,white,42,765116086,3872455060,dataset_v2_generator-1.2,dataset_v2_clean.0,,,19272.124529724526,20997.115445652562,,8,,0.35764482416101145,0.16827083333333334,0,chirp|moderate|19500_21000,0
dataset_v2_clean.0_ook_000465,2,ook,48000,0.042666666666666665,18788.242546552807,13.780697480570847,moderate,0.749705058832217,0.9757632730270526,ambient,42,3861986661,421704370,dataset_v2_generator-1.2,dataset_v2_clean.0,69.96929889052399,,,,,,,0.3094995759265386,0.13845833333333332,0,ook|moderate|19000,0
dataset_v2_clean.0_fsk_000394,1,fsk,48000,0.042666666666666665,19099.11136278111,-0.49884380504340164,very_noisy,0.7832275303163809,1.0,white,42,3236618626,3605349898,dataset_v2_generator-1.2,dataset_v2_clean.0,17.846310753309844,810.9554416933606,,,,,,0.3684759062440227,0.20710416666666667,0,fsk|very_noisy|19000,0
dataset_v2_clean.0_fsk_000039,1,fsk,48000,0.042666666666666665,19411.283934162773,1.8903676615618137,very_noisy,0.6118240867575729,1.0,ambient,42,1220856037,1985799328,dataset_v2_generator-1.2,dataset_v2_clean.0,65.30331832449484,833.2322486107769,,,,,,0.36335797916280654,0.05308333333333334,0,fsk|very_noisy|19500,0
dataset_v2_clean.0_benign_000421,0,benign,48000,0.042666666666666665,20815.350769144705,,,0.4966816049395266,0.49668160459308547,none,42,739784573,4113760497,dataset_v2_generator-1.2,dataset_v2_clean.0,,,,,,,steady_ultrasonic_hum,0.3567197424213256,0.0531875,0,benign|steady_ultrasonic_hum|21000|a50,0
dataset_v2_clean.0_benign_000263,0,benign,48000,0.042666666666666665,,19.802394355184674,moderate,0.20218310297022246,0.2085735156118873,white,42,2798267718,1056954889,dataset_v2_generator-1.2,dataset_v2_clean.0,,,,,,,ambient_hf_boost,0.37885643644925904,0.0022291666666666666,0,benign|ambient_hf_boost|moderate,0
dataset_v2_clean.0_chirp_000089,3,chirp,48000,0.042666666666666665,,22.89932170485173,clean,0.7157823774075307,0.8227703107407195,white,42,909283463,3427600536,dataset_v2_generator-1.2,dataset_v2_clean.0,,,18959.72062374299,20880.863828902744,,7,,0.2473937538959908,0.08233333333333333,0,chirp|clean|19000_21000,0
dataset_v2_clean.0_tone_000220,4,tone,48000,0.042666666666666665,20553.486376001994,8.170720761554197,noisy,0.7953936976738543,1.0,white,42,2387012615,2914060028,dataset_v2_generator-1.2,dataset_v2_clean.0,,,,,,,,0.22438149063945093,0.07145833333333333,0,tone|noisy|20500,0
dataset_v2_clean.0_benign_000225,0,benign,48000,0.042666666666666665,,,,0.5400420625877981,0.5400420625877981,ambient,42,3636299613,4200086077,dataset_v2_generator-1.2,dataset_v2_clean.0,,,,,,,ambient,0.285069268214966,0.08564583333333334,0,benign|ambient|a50,0
dataset_v2_clean.0_fsk_000361,1,fsk,48000,0.042666666666666665,19773.40572469354,8.963245267718541,noisy,0.8991375291685679,1.0,ambient,42,2033595825,553331745,dataset_v2_generator-1.2,dataset_v2_clean.0,76.10238961109336,564.3536850529636,,,,,,0.35160736110295826,0.19683333333333333,0,fsk|noisy|20000,0
dataset_v2_clean.0_benign_000281,0,benign,48000,0.042666666666666665,,,,0.5436880854348282,2.27268443274431,white,42,2469181544,3919895496,dataset_v2_generator-1.2,dataset_v2_clean.0,,,,,,,band_limited_hiss,0.3852720200901069,0.15414583333333334,0,benign|band_limited_hiss|na|a50,0
dataset_v2_clean.0_chirp_000249,3,chirp,48000,0.042666666666666665,,28.876269344501885,clean,0.9609410971028087,1.0,ambient,42,377573624,565600189,dataset_v2_generator-1.2,dataset_v2_clean.0,,,19202.452142955794,20447.790666699784,,7,,0.39465466894733753,0.3014375,0,chirp|clean|19000_20500,0
dataset_v2_clean.0_fsk_000485,1,fsk,48000,0.042666666666666665,19158.87217174932,19.40976417806786,moderate,0.9519826105810832,1.0,white,42,601166441,3465563146,dataset_v2_generator-1.2,dataset_v2_clean.0,44.3547544611076,1727.9993145471526,,,,,,0.21501015605469906,0.093875,0,fsk|moderate|19000,0
dataset_v2_clean.0_ook_000329,2,ook,48000,0.042666666666666665,19141.533321064508,7.482182381357682,noisy,0.7553413363549399,1.0,white,42,378657026,2788953605,dataset_v2_generator-1.2,dataset_v2_clean.0,52.2990948464662,,,,,,,0.4110099832757787,0.24322916666666666,0,ook|noisy|19000,0
dataset_v2_clean.0_chirp_000247,3,chirp,48000,0.042666666666666665,,29.029734340595517,clean,0.8819651247864004,0.9330176733560732,ambient,42,1999280408,1211487175,dataset_v2_generator-1.2,dataset_v2_clean.0,,,19289.528166502412,20469.140214124018,,6,,0.278941527340613,0.06235416666666667,0,chirp|clean|19500_20500,0
dataset_v2_clean.0_benign_000183,0,benign,48000,0.042666666666666665,,-4.1960589465729745,very_noisy,0.5374892366138057,1.0,white,42,3280905240,3166477175,dataset_v2_generator-1.2,dataset_v2_clean.0,,,,,,,ambient_hf_boost,0.3597224225988876,0.17264583333333333,0,benign|ambient_hf_boost|very_noisy,0
dataset_v2_clean.0_benign_000255,0,benign,48000,0.042666666666666665,,,,0.479658110912317,0.479658110912317,ambient,42,1900607820,2244248293,dataset_v2_generator-1.2,dataset_v2_clean.0,,,,,,,ambient,0.3851989104467833,0.1464375,0,benign|ambient|a50,0
dataset_v2_clean.0_chirp_000431,3,chirp,48000,0.042666666666666665,,1.89807920270147,very_noisy,0.6120862246625746,1.0,ambient,42,126692585,2129944791,dataset_v2_generator-1.2,dataset_v2_clean.0,,,19063.937025838604,20712.005594187252,,2,,0.2802354650624306,0.034479166666666665,0,chirp|very_noisy|19000_20500,0
dataset_v2_clean.0_chirp_000275,3,chirp,48000,0.042666666666666665,,12.972350681980663,moderate,0.7018601233894494,0.966359204108143,ambient,42,416404341,3971558437,dataset_v2_generator-1.2,dataset_v2_clean.0,,,19239.550406718965,20492.789374540134,,6,,0.31580703214583894,0.15729166666666666,0,chirp|moderate|19000_20500,0
dataset_v2_clean.0_chirp_000028,3,chirp,48000,0.042666666666666665,,-2.4655169730880817,very_noisy,0.863441017409357,1.0,ambient,42,3219523097,2237536182,dataset_v2_generator-1.2,dataset_v2_clean.0,,,18139.481715134443,20971.817847294682,,4,,0.2971242452378851,0.023104166666666665,0,chirp|very_noisy|18000_21000,0
dataset_v2_clean.0_tone_000361,4,tone,48000,0.042666666666666665,19013.70104964315,5.9662189438626285,noisy,0.7878717829624268,1.0,white,42,3315137141,1773897172,dataset_v2_generator-1.2,dataset_v2_clean.0,,,,,,,,0.29863073882662095,0.08547916666666666,0,tone|noisy|19000,0
dataset_v2_clean.0_tone_000368,4,tone,48000,0.042666666666666665,19105.054535581356,0.961815446808095,very_noisy,0.963613686656869,1.0,white,42,1732253121,2935377340,dataset_v2_generator-1.2,dataset_v2_clean.0,,,,,,,,0.3069639059536685,0.025354166666666667,0,tone|very_noisy|19000,0
dataset_v2_clean.0_benign_000032,0,benign,48000,0.042666666666666665,,13.251092867456919,moderate,0.17790496247784895,0.19287797317018504,white,42,1744947823,2465787544,dataset_v2_generator-1.2,dataset_v2_clean.0,,,,,,,ambient_hf_boost,0.33700718202035945,0.2689166666666667,2,benign|ambient_hf_boost|moderate,0
dataset_v2_clean.0_benign_000358,0,benign,48000,0.042666666666666665,,0.9640793825696106,very_noisy,0.4173753364947689,0.7302246248850657,white,42,3988090992,4149107184,dataset_v2_generator-1.2,dataset_v2_clean.0,,,,,,,ambient_hf_boost,0.3126407979016404,0.17685416666666667,0,benign|ambient_hf_boost|very_noisy,0
dataset_v2_clean.0_fsk_000103,1,fsk,48000,0.042666666666666665,18366.816128300274,12.345289298722104,moderate,0.8240307809615803,1.0,white,42,3069371336,3457413578,dataset_v2_generator-1.2,dataset_v2_clean.0,76.4686840911445,2041.99445241801,,,,,,0.41581051967009336,0.060270833333333336,0,fsk|moderate|18500,0
dataset_v2_clean.0_tone_000200,4,tone,48000,0.042666666666666665,20088.86450808498,2.47274016877123,noisy,0.8754362302054304,1.0,ambient,42,2214307091,1068746196,dataset_v2_generator-1.2,dataset_v2_clean.0,,,,,,,,0.26160368615172086,0.0047083333333333335,0,tone|noisy|20000,0
dataset_v2_clean.0_ook_000381,2,ook,48000,0.042666666666666665,19546.75745557221,12.087060311432,moderate,0.9854174510225666,1.0,ambient,42,1806796405,2283944689,dataset_v2_generator-1.2,dataset_v2_clean.0,38.775219985121524,,,,,,,0.42224535295167437,0.23591666666666666,0,ook|moderate|19500,0
dataset_v2_clean.0_chirp_000474,3,chirp,48000,0.042666666666666665,,27.894047759992993,clean,0.7162157450469087,0.7542228468290042,ambient,42,1868003195,2264336183,dataset_v2_generator-1.2,dataset_v2_clean.0,,,18815.50832408607,20877.62920775951,,3,,0.2306546803570906,0.1861875,0,chirp|clean|19000_21000,0
dataset_v2_clean.0_fsk_000178,1,fsk,48000,0.042666666666666665,19763.11349565524,4.907518210789912,noisy,0.9226425958583704,1.0,ambient,42,1908938533,606492067,dataset_v2_generator-1.2,dataset_v2_clean.0,87.86854394836371,542.0936228364517,,,,,,0.4111680520942073,0.03889583333333333,0,fsk|noisy|20000,0
dataset_v2_clean.0_ook_000448,2,ook,48000,0.042666666666666665,20953.387730204333,17.693584142353465,moderate,0.5608091749496991,0.6678546750593966,ambient,42,691096484,2375135897,dataset_v2_generator-1.2,dataset_v2_clean.0,58.19968982306443,,,,,,,0.23885948532412438,0.051083333333333335,0,ook|moderate|21000,0
dataset_v2_clean.0_ook_000327,2,ook,48000,0.042666666666666665,19987.771029789546,8.919686481199953,noisy,0.795131985331842,1.0,ambient,42,2075577177,974144931,dataset_v2_generator-1.2,dataset_v2_clean.0,40.664627861239964,,,,,,,0.3988873028804178,0.19914583333333333,0,ook|noisy|20000,0
dataset_v2_clean.0_fsk_000427,1,fsk,48000,0.042666666666666665,19443.285519067147,2.111119311557995,noisy,0.5905133068391638,1.0,white,42,2208388785,2144066213,dataset_v2_generator-1.2,dataset_v2_clean.0,28.68864340593487,1382.3337378793003,,,,,,0.22468317548996483,0.089,0,fsk|noisy|19500,0
dataset_v2_clean.0_ook_000413,2,ook,48000,0.042666666666666665,18525.39994699448,15.800551273025913,moderate,0.9501336085464529,1.0,ambient,42,2530478135,1146449929,dataset_v2_generator-1.2,dataset_v2_clean.0,47.21115131407083,,,,,,,0.42028800737774213,0.09520833333333334,0,ook|moderate|18500,0
dataset_v2_clean.0_chirp_000482,3,chirp,48000,0.042666666666666665,,20.04086905864043,clean,0.8435236506596506,1.0,white,42,751202359,2765334622,dataset_v2_generator-1.2,dataset_v2_clean.0,,,18387.592152698297,20364.310580450994,,3,,0.3546352050507945,0.2985,0,chirp|clean|18500_20500,0
dataset_v2_clean.0_fsk_000310,1,fsk,48000,0.042666666666666665,19282.065734026895,1.660606692084361,very_noisy,0.9329671684199784,1.0,ambient,42,2581249727,3363726137,dataset_v2_generator-1.2,dataset_v2_clean.0,68.72795266722655,1717.9342659731046,,,,,,0.3186648205132051,0.029791666666666668,0,fsk|very_noisy|19500,0
dataset_v2_clean.0_ook_000312,2,ook,48000,0.042666666666666665,19078.241539579623,5.712501996014555,noisy,0.99588823139101,1.0,white,42,3914407076,1717154448,dataset_v2_generator-1.2,dataset_v2_clean.0,30.657589153829804,,,,,,,0.2435197638154694,0.12964583333333332,0,ook|noisy|19000,0
dataset_v2_clean.0_fsk_000347,1,fsk,48000,0.042666666666666665,18838.232594343164,16.753704796081195,moderate,0.916068591883705,1.0,ambient,42,3047797122,1924067582,dataset_v2_generator-1.2,dataset_v2_clean.0,63.68920374980646,1275.007070484393,,,,,,0.2586955124616392,0.1945625,0,fsk|moderate|19000,0
dataset_v2_clean.0_benign_000315,0,benign,48000,0.042666666666666665,,,,0.7149883630021998,2.6330827065010003,white,42,4064838407,3001632135,dataset_v2_generator-1.2,dataset_v2_clean.0,,,,,,,band_limited_hiss,0.3500084347085799,0.164,0,benign|band_limited_hiss|na|a70,0
dataset_v2_clean.0_chirp_000483,3,chirp,48000,0.042666666666666665,,-0.6757597459682874,very_noisy,0.7633953282598535,1.0,white,42,776987324,1154804068,dataset_v2_generator-1.2,dataset_v2_clean.0,,,18359.66547064103,20316.669626112587,,8,,0.3150805910143472,0.22583333333333333,0,chirp|very_noisy|18500_20500,0
dataset_v2_clean.0_ook_000475,2,ook,48000,0.042666666666666665,19243.195849789136,29.492580259960697,clean,0.8276267821094438,0.864091859976431,white,42,2345257012,2999377156,dataset_v2_generator-1.2,dataset_v2_clean.0,67.46855646995405,,,,,,,0.32031205933776496,0.27566666666666667,0,ook|clean|19000,0
dataset_v2_clean.0_tone_000032,4,tone,48000,0.042666666666666665,20633.608591898912,8.114331540024335,noisy,0.7973142747607291,1.0,ambient,42,2498315834,2157820148,dataset_v2_generator-1.2,dataset_v2_clean.0,,,,,,,,0.37677774616506077,0.32014583333333335,0,tone|noisy|20500,0
dataset_v2_clean.0_tone_000456,4,tone,48000,0.042666666666666665,19526.311961671905,15.908962363358908,moderate,0.5683764990038546,0.7758370657643954,white,42,1908915873,2112112096,dataset_v2_generator-1.2,dataset_v2_clean.0,,,,,,,,0.2960205594444341,0.09472916666666667,0,tone|moderate|19500,0
dataset_v2_clean.0_ook_000353,2,ook,48000,0.042666666666666665,20760.258289131034,-2.9671589687312463,very_noisy,0.9298558662076446,1.0,white,42,46829766,1805872717,dataset_v2_generator-1.2,dataset_v2_clean.0,37.925711248771556,,,,,,,0.35647526619180675,0.28089583333333334,0,ook|very_noisy|21000,0
dataset_v2_clean.0_chirp_000030,3,chirp,48000,0.042666666666666665,,20.784265684850148,clean,0.7581852884166521,0.9066970135990582,white,42,2608891510,2300171165,dataset_v2_generator-1.2,dataset_v2_clean.0,,,18319.82758753772,20310.71719209273,,4,,0.3276583883924993,0.056,0,chirp|clean|18500_20500,0
dataset_v2_clean.0_fsk_000386,1,fsk,48000,0.042666666666666665,19379.199847166954,-4.136427333869175,very_noisy,0.6964367865450307,1.0,white,42,4258968110,3454035281,dataset_v2_generator-1.2,dataset_v2_clean.0,89.50217374356279,1620.800152833046,,,,,,0.406042115681361,0.2745625,0,fsk|very_noisy|19500,0
dataset_v2_clean.0_benign_000277,0,benign,48000,0.042666666666666665,,,,0.5740718831553764,2.1888655274201385,white,42,3040801952,1958010733,dataset_v2_generator-1.2,dataset_v2_clean.0,,,,,,,band_limited_hiss,0.36864881539872557,0.174875,0,benign|band_limited_hiss|na|a60,1
dataset_v2_clean.0_chirp_000071,3,chirp,48000,0.042666666666666665,,29.783440537358032,clean,0.8114561075518973,0.8769856006333802,white,42,3729748106,2855250749,dataset_v2_generator-1.2,dataset_v2_clean.0,,,18647.24614347331,20690.438009832575,,3,,0.3097866208973865,0.0059791666666666665,0,chirp|clean|18500_20500,0
dataset_v2_clean.0_fsk_000220,1,fsk,48000,0.042666666666666665,18326.787874960144,14.557764249379126,moderate,0.8101686835030304,0.9746893022587735,ambient,42,3037117689,1433694532,dataset_v2_generator-1.2,dataset_v2_clean.0,25.53377985748683,967.5035445798167,,,,,,0.31309655099471495,0.08629166666666667,0,fsk|moderate|18500,0
dataset_v2_clean.0_benign_000145,0,benign,48000,0.042666666666666665,,,,0.4805860088078586,0.4805860088078586,ambient,42,914680092,2532876144,dataset_v2_generator-1.2,dataset_v2_clean.0,,,,,,,ambient,0.304756349296914,0.21914583333333335,0,benign|ambient|a50,0
dataset_v2_clean.0_ook_000401,2,ook,48000,0.042666666666666665,20013.50233708533,5.5958795438811775,noisy,0.9710870972617545,1.0,ambient,42,4030991272,708807842,dataset_v2_generator-1.2,dataset_v2_clean.0,31.3020146278919,,,,,,,0.31421345898629965,0.23666666666666666,0,ook|noisy|20000,0
dataset_v2_clean.0_tone_000356,4,tone,48000,0.042666666666666665,18402.09036752464,6.403250845616744,noisy,0.8902956827380557,1.0,white,42,3817469055,2899946339,dataset_v2_generator-1.2,dataset_v2_clean.0,,,,,,,,0.3566990402662183,0.10872916666666667,0,tone|noisy|18500,0
dataset_v2_clean.0_chirp_000152,3,chirp,48000,0.042666666666666665,,14.117256109570834,moderate,0.8567391376598529,1.0,ambient,42,2700243106,3067421970,dataset_v2_generator-1.2,dataset_v2_clean.0,,,18928.905601165105,20675.86951051074,,7,,0.33681564981765205,0.19589583333333332,0,chirp|moderate|19000_20500,0
dataset_v2_clean.0_tone_000172,4,tone,48000,0.042666666666666665,19398.39514608811,16.681063955790616,moderate,0.5781333687951493,0.7792742400195445,white,42,908910606,2279719816,dataset_v2_generator-1.2,dataset_v2_clean.0,,,,,,,,0.32811810191852114,0.23202083333333334,0,tone|moderate|19500,0
dataset_v2_clean.0_chirp_000142,3,chirp,48000,0.042666666666666665,,0.22861570840960876,very_noisy,0.6108953173104669,1.0,white,42,1584449096,890952718,dataset_v2_generator-1.2,dataset_v2_clean.0,,,18423.374268995554,20896.25863075316,,5,,0.3991901649480375,0.34983333333333333,0,chirp|very_noisy|18500_21000,0
dataset_v2_clean.0_ook_000024,2,ook,48000,0.042666666666666665,19317.05182909995,3.1897846315318255,noisy,0.6300808695546651,0.9116409528267466,white,42,2770379216,2469532856,dataset_v2_generator-1.2,dataset_v2_clean.0,34.23029342294513,,,,,,,0.24319526076674483,0.0733125,0,ook|noisy|19500,0
dataset_v2_clean.0_chirp_000397,3,chirp,48000,0.042666666666666665,,6.520883895938077,noisy,0.750533189530507,1.0,white,42,1104008759,1154253907,dataset_v2_generator-1.2,dataset_v2_clean.0,,,18441.482202234867,20445.62878302744,,8,,0.2546600824493135,0.10627083333333333,0,chirp|noisy|18500_20500,0
dataset_v2_clean.0_ook_000266,2,ook,48000,0.042666666666666665,19211.838560461543,14.902655017081639,moderate,0.7481896158375255,0.9834253297082062,white,42,2190008171,2038567703,dataset_v2_generator-1.2,dataset_v2_clean.0,39.74359324063781,,,,,,,0.3596229811030705,0.04791666666666667,0,ook|moderate|19000,0
dataset_v2_clean.0_benign_000008,0,benign,48000,0.042666666666666665,,,,0.5305431077410442,2.3747200098929104,white,42,3076293740,2456030358,dataset_v2_generator-1.2,dataset_v2_clean.0,,,,,,,band_limited_hiss,0.3579864807812602,0.18354166666666666,0,benign|band_limited_hiss|na|a50,0
dataset_v2_clean.0_fsk_000186,1,fsk,48000,0.042666666666666665,19772.483705454713,0.3530606630859534,very_noisy,0.943682664392182,1.0,white,42,3185957189,3146400759,dataset_v2_generator-1.2,dataset_v2_clean.0,17.062016725365687,1227.5162945452867,,,,,,0.2613970950531459,0.134875,0,fsk|very_noisy|20000,0
dataset_v2_clean.0_chirp_000044,3,chirp,48000,0.042666666666666665,,16.913297563570417,moderate,0.745556186696222,0.9293536021709353,ambient,42,1000601329,2724536481,dataset_v2_generator-1.2,dataset_v2_clean.0,,,18822.680588658295,20696.376125230843,,5,,0.3427051002127133,0.16364583333333332,0,chirp|moderate|19000_20500,0
dataset_v2_clean.0_ook_000059,2,ook,48000,0.042666666666666665,18947.64257064982,5.260870707991718,noisy,0.745598929814817,1.0,ambient,42,2010903334,645161916,dataset_v2_generator-1.2,dataset_v2_clean.0,55.5217937344587,,,,,,,0.31181927002475945,0.1200625,0,ook|noisy|19000,0
dataset_v2_clean.0_chirp_000454,3,chirp,48000,0.042666666666666665,,28.835261990783685,clean,0.898235012983507,0.9541869003034902,ambient,42,311979677,3457433479,dataset_v2_generator-1.2,dataset_v2_clean.0,,,18483.967790279283,20855.896131171754,,8,,0.4129900422536066,0.25047916666666664,0,chirp|clean|18500_21000,0
dataset_v2_clean.0_fsk_000146,1,fsk,48000,0.042666666666666665,18507.119831819502,29.692698015158008,clean,0.979448277000734,1.0,white,42,1102522936,1801408971,dataset_v2_generator-1.2,dataset_v2_clean.0,48.11036697224394,1468.9718402431718,,,,,,0.3817817279451895,0.3172083333333333,0,fsk|clean|18500,0
dataset_v2_clean.0_chirp_000406,3,chirp,48000,0.042666666666666665,,-1.3050362296904163,very_noisy,0.9474709578678516,1.0,white,42,90734128,1699300367,dataset_v2_generator-1.2,dataset_v2_clean.0,,,19284.51952424534,20995.521917485705,,6,,0.3291573545346425,0.07772916666666667,0,chirp|very_noisy|19500_21000,0
dataset_v2_clean.0_ook_000296,2,ook,48000,0.042666666666666665,20260.144705432667,-4.2426197056669315,very_noisy,0.6910506267924854,1.0,white,42,3016141602,712839002,dataset_v2_generator-1.2,dataset_v2_clean.0,69.10632352850409,,,,,,,0.2703241340407608,0.07879166666666666,0,ook|very_noisy|20500,0
dataset_v2_clean.0_ook_000301,2,ook,48000,0.042666666666666665,20358.966876395534,-2.787681846472725,very_noisy,0.7042853737304486,1.0,ambient,42,3621741769,1113601464,dataset_v2_generator-1.2,dataset_v2_clean.0,35.199047837763615,,,,,,,0.3012580030582164,0.14245833333333333,0,ook|very_noisy|20500,0
dataset_v2_clean.0_benign_000453,0,benign,48000,0.042666666666666665,19092.23268154508,,,0.41623896268986604,0.4162389624291154,none,42,1663204124,599173106,dataset_v2_generator-1.2,dataset_v2_clean.0,,,,,,,steady_ultrasonic_hum,0.42453370478937685,0.029916666666666668,0,benign|steady_ultrasonic_hum|19000|a40,0
dataset_v2_clean.0_tone_000484,4,tone,48000,0.042666666666666665,19595.56622882715,19.35266634200452,moderate,0.8439001840298468,1.0,white,42,1876876044,3561405224,dataset_v2_generator-1.2,dataset_v2_clean.0,,,,,,,,0.37442754766032604,0.21385416666666668,0,tone|moderate|19500,0
dataset_v2_clean.0_chirp_000257,3,chirp,48000,0.042666666666666665,,15.762073208326523,moderate,0.5870098524525575,0.751768227111393,ambient,42,65687854,1502769167,dataset_v2_generator-1.2,dataset_v2_clean.0,,,18665.025523773493,20566.19324109333,,5,,0.2794390378770448,0.14372916666666666,0,chirp|moderate|18500_20500,0
dataset_v2_clean.0_tone_000377,4,tone,48000,0.042666666666666665,18891.531810947534,-4.7573593134712375,very_noisy,0.7914987669709227,1.0,ambient,42,3454123375,3619023886,dataset_v2_generator-1.2,dataset_v2_clean.0,,,,,,,,0.27826301317417257,0.03177083333333333,0,tone|very_noisy|19000,0
dataset_v2_clean.0_fsk_000029,1,fsk,48000,0.042666666666666665,18500.3027354849,25.14950823199574,clean,0.7282244082180305,0.790600799113616,ambient,42,3459555230,725354768,dataset_v2_generator-1.2,dataset_v2_clean.0,19.5646748662709,1909.7830571919694,,,,,,0.415150623290999,0.3034375,0,fsk|clean|18500,0
dataset_v2_clean.0_benign_000307,0,benign,48000,0.042666666666666665,,,,0.5934285311185677,2.294704382594006,white,42,2715072481,3527042965,dataset_v2_generator-1.2,dataset_v2_clean.0,,,,,,,white,0.26496184254322835,0.13679166666666667,0,benign|white|a60,0
dataset_v2_clean.0_benign_000190,0,benign,48000,0.042666666666666665,,,,0.40064914687384445,1.9097936246274692,white,42,1374026569,1957148616,dataset_v2_generator-1.2,dataset_v2_clean.0,,,,,,,band_limited_hiss,0.21458285030305815,0.14091666666666666,0,benign|band_limited_hiss|na|a40,0
dataset_v2_clean.0_tone_000252,4,tone,48000,0.042666666666666665,20441.98468274017,14.47675998347933,moderate,0.8052877090993938,1.0,white,42,2465203268,3039979797,dataset_v2_generator-1.2,dataset_v2_clean.0,,,,,,,,0.40789329117007916,0.0007291666666666667,0,tone|moderate|20500,0
dataset_v2_clean.0_ook_000251,2,ook,48000,0.042666666666666665,19569.142588299415,-3.099025107933385,very_noisy,0.617962639865286,1.0,ambient,42,2304692984,3513064167,dataset_v2_generator-1.2,dataset_v2_clean.0,36.176268859452684,,,,,,,0.3363121957573213,0.2100625,0,ook|very_noisy|19500,0
dataset_v2_clean.0_tone_000471,4,tone,48000,0.042666666666666665,20286.085004187265,9.705339969478697,noisy,0.8281228613259957,1.0,ambient,42,1377994244,1790291852,dataset_v2_generator-1.2,dataset_v2_clean.0,,,,,,,,0.3896272203817744,0.007416666666666667,0,tone|noisy|20500,0
dataset_v2_clean.0_chirp_000425,3,chirp,48000,0.042666666666666665,,27.12124204297527,clean,0.6917779710015577,0.7603866341285126,white,42,1802096487,381422386,dataset_v2_generator-1.2,dataset_v2_clean.0,,,18297.25884737416,20860.11874679645,,3,,0.4044268323259449,0.26525,0,chirp|clean|18500_21000,0
dataset_v2_clean.0_benign_000416,0,benign,48000,0.042666666666666665,,,,0.7007940159580154,3.0455763953355213,white,42,3115520651,1374683064,dataset_v2_generator-1.2,dataset_v2_clean.0,,,,,,,band_limited_hiss,0.42416176522587057,0.037125,0,benign|band_limited_hiss|na|a70,0
dataset_v2_clean.0_ook_000016,2,ook,48000,0.042666666666666665,19892.981316164056,26.348125606894506,clean,0.9379958805712092,0.9934450128989839,white,42,1950616845,3632979354,dataset_v2_generator-1.2,dataset_v2_clean.0,47.59180003395876,,,,,,,0.24590725506876768,0.16522916666666668,0,ook|clean|20000,0
dataset_v2_clean.0_ook_000462,2,ook,48000,0.042666666666666665,20450.124727424743,0.9219296925931744,very_noisy,0.5845835829008051,1.0,white,42,1235373277,2177839926,dataset_v2_generator-1.2,dataset_v2_clean.0,40.76096395546408,,,,,,,0.2162849931386426,0.15379166666666666,0,ook|very_noisy|20500,0
dataset_v2_clean.0_benign_000177,0,benign,48000,0.042666666666666665,19284.552997896568,,,0.39991513947994295,0.3999151394691123,none,42,3571898080,2449566443,dataset_v2_generator-1.2,dataset_v2_clean.0,,,,,,,steady_ultrasonic_hum,0.31814146245015007,0.1975,0,benign|steady_ultrasonic_hum|19500|a40,0
dataset_v2_clean.0_ook_000418,2,ook,48000,0.042666666666666665,19056.524584618743,-3.6621058269114957,very_noisy,0.7218166579774028,1.0,ambient,42,3446225592,1039387676,dataset_v2_generator-1.2,dataset_v2_clean.0,47.92199348026209,,,,,,,0.29336146254053386,0.026916666666666665,0,ook|very_noisy|19000,0
dataset_v2_clean.0_ook_000279,2,ook,48000,0.042666666666666665,20223.714721947083,15.696282022240755,moderate,0.6177739060494396,0.7650459276987072,white,42,3937082495,1240688262,dataset_v2_generator-1.2,dataset_v2_clean.0,67.94075754347853,,,,,,,0.34346610589956883,0.1898125,0,ook|moderate|20000,0
dataset_v2_clean.0_chirp_000383,3,chirp,48000,0.042666666666666665,,17.351268459429193,moderate,0.7751637219884575,0.9874821945688654,ambient,42,130955055,4146372069,dataset_v2_generator-1.2,dataset_v2_clean.0,,,18149.741148196837,20738.505107785826,,2,,0.23327705542545277,0.18491666666666667,0,chirp|moderate|18000_20500,0
dataset_v2_clean.0_chirp_000321,3,chirp,48000,0.042666666666666665,,13.586607247236124,moderate,0.7105607004844496,1.0,white,42,3007134576,420775572,dataset_v2_generator-1.2,dataset_v2_clean.0,,,18330.18444129089,20489.19869122179,,3,,0.35971383221239767,0.29239583333333335,0,chirp|moderate|18500_20500,0
dataset_v2_clean.0_tone_000465,4,tone,48000,0.042666666666666665,20270.056351188847,14.351093848522696,moderate,0.9098419008778332,1.0,white,42,1243248574,599523408,dataset_v2_generator-1.2,dataset_v2_clean.0,,,,,,,,0.23094223802817607,0.1513125,0,tone|moderate|20500,0
dataset_v2_clean.0_fsk_000419,1,fsk,48000,0.042666666666666665,19529.550106235594,23.068244606603457,clean,0.6647118559859013,0.7725373064077614,white,42,4280060,1446549801,dataset_v2_generator-1.2,dataset_v2_clean.0,53.85190840649025,1470.4498937644057,,,,,,0.24499202286899932,0.0629375,0,fsk|clean|19500,0
dataset_v2_clean.0_tone_000362,4,tone,48000,0.042666666666666665,20962.39408579045,-0.8643701645853108,very_noisy,0.6610565497728053,1.0,white,42,3300016028,933443106,dataset_v2_generator-1.2,dataset_v2_clean.0,,,,,,,,0.2935992918065458,0.24891666666666667,0,tone|very_noisy|21000,0
dataset_v2_clean.0_benign_000262,0,benign,48000,0.042666666666666665,,,,0.4111627123264702,1.6777925766404804,white,42,2656429895,2751224875,dataset_v2_generator-1.2,dataset_v2_clean.0,,,,,,,band_limited_hiss,0.29303093643192774,0.006333333333333333,0,benign|band_limited_hiss|na|a40,0
dataset_v2_clean.0_fsk_000077,1,fsk,48000,0.042666666666666665,18366.585506632997,16.681839185469933,moderate,0.6920462962460184,0.8738347466638166,ambient,42,2270059575,1800055429,dataset_v2_generator-1.2,dataset_v2_clean.0,56.075555637311574,1265.1610734185197,,,,,,0.32542912796960305,0.2415625,0,fsk|moderate|18500,0
dataset_v2_clean.0_tone_000388,4,tone,48000,0.042666666666666665,19540.355472440962,18.80408064014184,moderate,0.7009916135090217,0.8926466453900654,white,42,4263332120,1039387194,dataset_v2_generator-1.2,dataset_v2_clean.0,,,,,,,,0.26626819489465686,0.13470833333333335,0,tone|moderate|19500,0
dataset_v2_clean.0_fsk_000208,1,fsk,48000,0.042666666666666665,19300.33323606318,-1.932120317707898,very_noisy,0.6149871908867123,1.0,ambient,42,3336899079,2160910945,dataset_v2_generator-1.2,dataset_v2_clean.0,75.19817285202994,1699.6667639368206,,,,,,0.22283688526746862,0.0431875,0,fsk|very_noisy|19500,0
dataset_v2_clean.0_fsk_000364,1,fsk,48000,0.042666666666666665,19733.490836759644,9.37426651439242,noisy,0.8685687521132877,1.0,ambient,42,3228121285,2338186778,dataset_v2_generator-1.2,dataset_v2_clean.0,43.566217985174276,508.79212360877136,,,,,,0.3306063725199681,0.19635416666666666,0,fsk|noisy|19500,0
dataset_v2_clean.0_benign_000401,0,benign,48000,0.042666666666666665,,,,0.3741520427155734,0.3741520427155734,ambient,42,1898095059,1500541641,dataset_v2_generator-1.2,dataset_v2_clean.0,,,,,,,ambient,0.40798555091409167,0.07041666666666667,0,benign|ambient|a40,0
dataset_v2_clean.0_benign_000472,0,benign,48000,0.042666666666666665,18963.187209631637,,,0.28281944471459064,0.2828194434928083,none,42,3038640704,245882874,dataset_v2_generator-1.2,dataset_v2_clean.0,,,,,,,steady_ultrasonic_hum,0.2705246824248251,0.07939583333333333,0,benign|steady_ultrasonic_hum|19000|a30,0
dataset_v2_clean.0_fsk_000217,1,fsk,48000,0.042666666666666665,19675.841556390576,28.011353222552703,clean,0.5797627669545307,0.6199385639786528,ambient,42,3859521088,2427625540,dataset_v2_generator-1.2,dataset_v2_clean.0,32.6083737140787,686.3671480273551,,,,,,0.37643418929488703,0.22985416666666666,0,fsk|clean|19500,0
dataset_v2_clean.0_chirp_000104,3,chirp,48000,0.042666666666666665,,-2.3184872627096107,very_noisy,0.5994559077305733,1.0,white,42,2759250760,3503311592,dataset_v2_generator-1.2,dataset_v2_clean.0,,,18724.69903164297,20403.033086860898,,3,,0.36257032895726143,0.157125,0,chirp|very_noisy|18500_20500,0
dataset_v2_clean.0_chirp_000265,3,chirp,48000,0.042666666666666665,,16.877207064500766,moderate,0.8686888903320544,1.0,ambient,42,2682631081,3928818629,dataset_v2_generator-1.2,dataset_v2_clean.0,,,19099.02972060583,20813.10064542771,,8,,0.22615520898800706,0.18245833333333333,0,chirp|moderate|19000_21000,0
dataset_v2_clean.0_fsk_000235,1,fsk,48000,0.042666666666666665,19049.220626679766,23.17903840564966,clean,0.88989237424228,1.0,ambient,42,3893455803,1270990730,dataset_v2_generator-1.2,dataset_v2_clean.0,63.956576002069596,770.8998789544967,,,,,,0.21343345146437676,0.166875,0,fsk|clean|19000,0
dataset_v2_clean.0_ook_000369,2,ook,48000,0.042666666666666665,19972.83574479055,7.4490858192317635,noisy,0.9462019478648824,1.0,ambient,42,3615078257,3138536926,dataset_v2_generator-1.2,dataset_v2_clean.0,55.03022153127932,,,,,,,0.30182855900750866,0.13877083333333334,0,ook|noisy|20000,0
dataset_v2_clean.0_benign_000293,0,benign,48000,0.042666666666666665,,,,0.7268222294945395,3.5486037098584418,white,42,2752899111,970685627,dataset_v2_generator-1.2,dataset_v2_clean.0,,,,,,,band_limited_hiss,0.2722929213787173,0.200875,0,benign|band_limited_hiss|na|a70,0
dataset_v2_clean.0_chirp_000080,3,chirp,48000,0.042666666666666665,,22.987011103574552,clean,0.6487183010039994,0.7643158885517338,white,42,3928398268,1135656231,dataset_v2_generator-1.2,dataset_v2_clean.0,,,18341.438322732905,20241.243573533582,,7,,0.3843461211082343,0.20964583333333334,0,chirp|clean|18500_20000,0
dataset_v2_clean.0_tone_000168,4,tone,48000,0.042666666666666665,18856.068670733213,5.462567952556654,noisy,0.6562727724511052,1.0,white,42,363691357,1357997631,dataset_v2_generator-1.2,dataset_v2_clean.0,,,,,,,,0.3404469029356167,0.18339583333333334,0,tone|noisy|19000,0
dataset_v2_clean.0_fsk_000204,1,fsk,48000,0.042666666666666665,19479.880477962764,27.811666896614575,clean,0.7877662393378047,0.8485690049915661,ambient,42,4158002586,716585766,dataset_v2_generator-1.2,dataset_v2_clean.0,34.80012867260109,448.32429020594645,,,,,,0.3849099738715738,0.2971875,0,fsk|clean|19500,0
dataset_v2_clean.0_chirp_000308,3,chirp,48000,0.042666666666666665,,19.62962232925163,moderate,0.9122534388824484,1.0,ambient,42,3947430007,4234936697,dataset_v2_generator-1.2,dataset_v2_clean.0,,,18313.59813684294,20361.785321441126,,6,,0.2254212224274494,0.1094375,0,chirp|moderate|18500_20500,0
dataset_v2_clean.0_ook_000497,2,ook,48000,0.042666666666666665,20167.857123691927,1.0601491740642128,very_noisy,0.9390263904363791,1.0,white,42,3999101826,1720110393,dataset_v2_generator-1.2,dataset_v2_clean.0,44.30713578846546,,,,,,,0.4064892599956682,0.22245833333333334,0,ook|very_noisy|20000,0
dataset_v2_clean.0_fsk_000073,1,fsk,48000,0.042666666666666665,18211.18277797053,15.267698609351676,moderate,0.8885693961440582,1.0,ambient,42,4245289137,43006758,dataset_v2_generator-1.2,dataset_v2_clean.0,77.34437441937595,2052.118340628458,,,,,,0.3420956130405142,0.17514583333333333,0,fsk|moderate|18000,0
dataset_v2_clean.0_benign_000427,0,benign,48000,0.042666666666666665,,,,0.3304361462378951,1.3006974168031724,white,42,1744615155,1010252606,dataset_v2_generator-1.2,dataset_v2_clean.0,,,,,,,white,0.22497645163871405,0.09435416666666667,0,benign|white|a30,0
dataset_v2_clean.0_tone_000017,4,tone,48000,0.042666666666666665,19632.35444595133,1.3721316579744807,very_noisy,0.5511152483039599,1.0,white,42,970876911,4076224408,dataset_v2_generator-1.2,dataset_v2_clean.0,,,,,,,,0.2978425698753358,0.02375,0,tone|very_noisy|19500,0
dataset_v2_clean.0_fsk_000441,1,fsk,48000,0.042666666666666665,19710.999827656568,-0.2930170249455939,very_noisy,0.6481823594944022,1.0,ambient,42,347525910,757184752,dataset_v2_generator-1.2,dataset_v2_clean.0,89.44112263073157,1289.0001723434325,,,,,,0.3264552886049546,0.08535416666666666,0,fsk|very_noisy|19500,0
dataset_v2_clean.0_chirp_000287,3,chirp,48000,0.042666666666666665,,19.397839580431548,moderate,0.907902265929464,1.0,ambient,42,1242870338,2241018221,dataset_v2_generator-1.2,dataset_v2_clean.0,,,18628.01907192629,20829.207612569444,,4,,0.27169038404519874,0.19710416666666666,0,chirp|moderate|18500_21000,0
dataset_v2_clean.0_ook_000224,2,ook,48000,0.042666666666666665,20702.88240081429,-1.1699854827506027,very_noisy,0.8007388733524332,1.0,ambient,42,3022892709,2819520821,dataset_v2_generator-1.2,dataset_v2_clean.0,32.50183975339191,,,,,,,0.41074102331279777,0.295375,0,ook|very_noisy|20500,0
dataset_v2_clean.0_fsk_000253,1,fsk,48000,0.042666666666666665,19571.661021756983,-1.8059797771987327,very_noisy,0.7590614825075596,1.0,ambient,42,1898031574,1308390912,dataset_v2_generator-1.2,dataset_v2_clean.0,53.88644407203836,465.1596367119746,,,,,,0.2513599810443321,0.19966666666666666,0,fsk|very_noisy|19500,0
dataset_v2_clean.0_benign_000030,0,benign,48000,0.042666666666666665,19445.35808614219,,,0.29822944909022614,0.2982294489057626,none,42,4179011918,3036359436,dataset_v2_generator-1.2,dataset_v2_clean.0,,,,,,,steady_ultrasonic_hum,0.42540442474469964,0.2762291666666667,0,benign|steady_ultrasonic_hum|19500|a30,0
dataset_v2_clean.0_benign_000260,0,benign,48000,0.042666666666666665,,11.132553941848517,moderate,0.5357741726222792,0.6993860690593076,white,42,3766801016,2029185563,dataset_v2_generator-1.2,dataset_v2_clean.0,,,,,,,ambient_hf_boost,0.3951380827194227,0.08366666666666667,0,benign|ambient_hf_boost|moderate,0
dataset_v2_clean.0_chirp_000180,3,chirp,48000,0.042666666666666665,,-1.7552137274746245,very_noisy,0.5871991541060273,1.0,white,42,2180698970,1913605603,dataset_v2_generator-1.2,dataset_v2_clean.0,,,18476.73497483289,20694.29787461263,,2,,0.34692389247380984,0.08047916666666667,0,chirp|very_noisy|18500_20500,0
dataset_v2_clean.0_benign_000377,0,benign,48000,0.042666666666666665,,,,0.4856587075142752,0.4856587075142752,ambient,42,2479952312,3312013850,dataset_v2_generator-1.2,dataset_v2_clean.0,,,,,,,ambient,0.24269917856475753,0.08585416666666666,4,benign|ambient|a50,0
dataset_v2_clean.0_chirp_000362,3,chirp,48000,0.042666666666666665,,-3.341240859805768,very_noisy,0.9918560856218036,1.0,ambient,42,1900764035,1287580750,dataset_v2_generator-1.2,dataset_v2_clean.0,,,18676.815805284903,20287.68817362374,,4,,0.2923072751039366,0.19629166666666667,0,chirp|very_noisy|18500_20500,0
dataset_v2_clean.0_ook_000460,2,ook,48000,0.042666666666666665,19597.85406808455,0.6488901370814641,very_noisy,0.8314788131636661,1.0,white,42,3480312933,1163564863,dataset_v2_generator-1.2,dataset_v2_clean.0,69.89276592722524,,,,,,,0.37325615728499595,0.0113125,0,ook|very_noisy|19500,0
dataset_v2_clean.0_benign_000314,0,benign,48000,0.042666666666666665,20668.24384258718,,,0.3411229567401674,0.3411229554061059,none,42,473953132,3923722046,dataset_v2_generator-1.2,dataset_v2_clean.0,,,,,,,steady_ultrasonic_hum,0.3435854036203305,0.017520833333333333,0,benign|steady_ultrasonic_hum|20500|a30,0
dataset_v2_clean.0_chirp_000196,3,chirp,48000,0.042666666666666665,,25.760205851674414,clean,0.8100167493074023,0.9074766218851511,white,42,3629001507,3280957283,dataset_v2_generator-1.2,dataset_v2_clean.0,,,18772.71191099585,20550.732584754034,,7,,0.37436118793725925,0.30154166666666665,0,chirp|clean|19000_20500,0
dataset_v2_clean.0_fsk_000093,1,fsk,48000,0.042666666666666665,18433.56753070532,15.873083491841246,moderate,0.7181459493230128,0.9056977796953745,ambient,42,3587363441,3826631231,dataset_v2_generator-1.2,dataset_v2_clean.0,21.61516303158582,1615.4114221161763,,,,,,0.40293598187090474,0.028104166666666666,0,fsk|moderate|18500,0
dataset_v2_clean.0_ook_000177,2,ook,48000,0.042666666666666665,20685.547271025513,18.45942666360848,moderate,0.8922544888746273,0.9766731267001922,ambient,42,2733291603,2534039666,dataset_v2_generator-1.2,dataset_v2_clean.0,52.32870307331655,,,,,,,0.2973040850529679,0.030645833333333334,0,ook|moderate|20500,0
dataset_v2_clean.0_benign_000374,0,benign,48000,0.042666666666666665,,,,0.5069473879440511,2.19735339843924,white,42,653000968,1794190783,dataset_v2_generator-1.2,dataset_v2_clean.0,,,,,,,band_limited_hiss,0.3332171855072022,0.21310416666666668,0,benign|band_limited_hiss|na|a50,0
dataset_v2_clean.0_chirp_000424,3,chirp,48000,0.042666666666666665,,8.977698226799824,noisy,0.8702321222085991,1.0,white,42,396679868,2395419809,dataset_v2_generator-1.2,dataset_v2_clean.0,,,18360.549406284495,20391.46360133923,,3,,0.22165653550375178,0.09829166666666667,0,chirp|noisy|18500_20500,0
dataset_v2_clean.0_fsk_000305,1,fsk,48000,0.042666666666666665,19295.35786398169,18.861705867955443,moderate,0.8541804717204342,0.9857227011728933,ambient,42,3547716510,911604241,dataset_v2_generator-1.2,dataset_v2_clean.0,50.609571259771904,570.3409714052214,,,,,,0.25896541974630066,0.13010416666666666,0,fsk|moderate|19500,0
dataset_v2_clean.0_fsk_000117,1,fsk,48000,0.042666666666666665,19443.100227226412,-3.363911367376563,very_noisy,0.7060601643873792,1.0,ambient,42,605723843,2926342980,dataset_v2_generator-1.2,dataset_v2_clean.0,26.330219958724886,1110.0288377945799,,,,,,0.23648266284246483,0.043166666666666666,0,fsk|very_noisy|19500,0
dataset_v2_clean.0_chirp_000350,3,chirp,48000,0.042666666666666665,,27.22051007138998,clean,0.7652795427454411,0.8251986941231135,ambient,42,3281967113,1211757720,dataset_v2_generator-1.2,dataset_v2_clean.0,,,18195.6442710357,20713.6246866565,,5,,0.2688653091728418,0.022375,0,chirp|clean|18000_20500,0
dataset_v2_clean.0_tone_000207,4,tone,48000,0.042666666666666665,18736.370699362866,5.081348071609148,noisy,0.7717928960779458,1.0,ambient,42,3908869373,2354045676,dataset_v2_generator-1.2,dataset_v2_clean.0,,,,,,,,0.41329292372750825,0.2011875,0,tone|noisy|18500,0
dataset_v2_clean.0_fsk_000116,1,fsk,48000,0.042666666666666665,18951.24655278002,4.707698158453129,noisy,0.7612036066255515,1.0,white,42,260019652,2541419041,dataset_v2_generator-1.2,dataset_v2_clean.0,63.357230942831464,652.9704768535885,,,,,,0.3380509596312656,0.19179166666666667,0,fsk|noisy|19000,0
dataset_v2_clean.0_chirp_000402,3,chirp,48000,0.042666666666666665,,17.24715841516705,moderate,0.9619936297691621,1.0,white,42,2773195967,3928178711,dataset_v2_generator-1.2,dataset_v2_clean.0,,,19256.977921521597,20370.332669336723,,3,,0.31428225096049944,0.2620625,0,chirp|moderate|19500_20500,0
dataset_v2_clean.0_chirp_000435,3,chirp,48000,0.042666666666666665,,-1.699451774536267,very_noisy,0.8488806611533791,1.0,white,42,3880717474,3443777938,dataset_v2_generator-1.2,dataset_v2_clean.0,,,18016.06293163465,20875.50173155012,,5,,0.3769760128337475,0.3054791666666667,0,chirp|very_noisy|18000_21000,0
dataset_v2_clean.0_chirp_000400,3,chirp,48000,0.042666666666666665,,22.487937767640318,clean,0.5816412065340363,0.6622896311571125,ambient,42,1162642379,3407280177,dataset_v2_generator-1.2,dataset_v2_clean.0,,,18915.661999031432,20796.45761470398,,8,,0.23267221863772972,0.115375,0,chirp|clean|19000_21000,0
dataset_v2_clean.0_benign_000222,0,benign,48000,0.042666666666666665,18314.996289585757,,,0.2604561790941596,0.26045616968943236,none,42,843815826,2797526158,dataset_v2_generator-1.2,dataset_v2_clean.0,,,,,,,steady_ultrasonic_hum,0.3920012169897144,0.12158333333333333,0,benign|steady_ultrasonic_hum|18500|a30,0
dataset_v2_clean.0_fsk_000267,1,fsk,48000,0.042666666666666665,18883.879515959256,-2.1523352822100086,very_noisy,0.7501296570375474,1.0,ambient,42,3825880645,1164779453,dataset_v2_generator-1.2,dataset_v2_clean.0,69.3782516184359,1801.9624452686257,,,,,,0.42459403350170455,0.027458333333333335,0,fsk|very_noisy|19000,0
dataset_v2_clean.0_chirp_000370,3,chirp,48000,0.042666666666666665,,13.318395302470194,moderate,0.9353703378715867,1.0,ambient,42,3971306608,2297456299,dataset_v2_generator-1.2,dataset_v2_clean.0,,,19008.998903247328,20620.149859410245,,7,,0.2650896225723525,0.027020833333333334,0,chirp|moderate|19000_20500,0
dataset_v2_clean.0_ook_000095,2,ook,48000,0.042666666666666665,18932.905470335972,0.9245484138555415,very_noisy,0.892711742926908,1.0,white,42,2100570891,912483024,dataset_v2_generator-1.2,dataset_v2_clean.0,69.29958326454725,,,,,,,0.2918652651101055,0.06475,0,ook|very_noisy|19000,0
dataset_v2_clean.0_fsk_000339,1,fsk,48000,0.042666666666666665,19261.032840530796,1.3350000034473801,very_noisy,0.5563845453999804,1.0,ambient,42,3739088671,1661672729,dataset_v2_generator-1.2,dataset_v2_clean.0,63.57564221003153,1295.7064347049018,,,,,,0.3550099386814426,0.13066666666666665,0,fsk|very_noisy|19500,0
dataset_v2_clean.0_chirp_000109,3,chirp,48000,0.042666666666666665,,-4.510858356170024,very_noisy,0.612742405969456,1.0,ambient,42,3027543399,3916688471,dataset_v2_generator-1.2,dataset_v2_clean.0,,,18120.550792965794,20421.30053308006,,5,,0.35357753148392657,0.18139583333333334,0,chirp|very_noisy|18000_20500,0
dataset_v2_clean.0_chirp_000330,3,chirp,48000,0.042666666666666665,,1.0349565213782892,very_noisy,0.706613057784941,1.0,white,42,1261156432,2886458147,dataset_v2_generator-1.2,dataset_v2_clean.0,,,19217.57550648239,20505.255316899696,,3,,0.26704509253959924,0.174375,0,chirp|very_noisy|19000_20500,0
dataset_v2_clean.0_benign_000330,0,benign,48000,0.042666666666666665,,,,0.5776153542678842,2.4291916181198046,white,42,3058684613,1802827770,dataset_v2_generator-1.2,dataset_v2_clean.0,,,,,,,white,0.2782980514908718,0.044708333333333336,0,benign|white|a60,0
dataset_v2_clean.0_fsk_000349,1,fsk,48000,0.042666666666666665,19666.104421075128,11.241477322137532,moderate,0.5631364380705853,0.8248264387125452,ambient,42,1473691652,1701858496,dataset_v2_generator-1.2,dataset_v2_clean.0,89.35133222989508,1201.2197859443659,,,,,,0.2462934296571089,0.1029375,0,fsk|moderate|19500,0
dataset_v2_clean.0_tone_000418,4,tone,48000,0.042666666666666665,18641.054227442408,3.231364493285726,noisy,0.7919845635736371,1.0,ambient,42,342300347,1374366973,dataset_v2_generator-1.2,dataset_v2_clean.0,,,,,,,,0.2678767579658708,0.0002708333333333333,0,tone|noisy|18500,0
dataset_v2_clean.0_tone_000332,4,tone,48000,0.042666666666666665,18995.799119802246,0.9397231631963159,very_noisy,0.9694736700220777,1.0,white,42,3132366414,1862928573,dataset_v2_generator-1.2,dataset_v2_clean.0,,,,,,,,0.2907912160585292,0.16720833333333332,0,tone|very_noisy|19000,0
dataset_v2_clean.0_chirp_000130,3,chirp,48000,0.042666666666666665,,15.083570140046014,moderate,0.8845669442767834,1.0,ambient,42,819094701,96306410,dataset_v2_generator-1.2,dataset_v2_clean.0,,,19275.829263504085,20861.067222674043,,3,,0.2551615453411787,0.029,0,chirp|moderate|19500_21000,0
dataset_v2_clean.0_benign_000155,0,benign,48000,0.042666666666666665,,,,0.39139274871092344,0.39139274871092344,ambient,42,2579094946,3115517522,dataset_v2_generator-1.2,dataset_v2_clean.0,,,,,,,ambient,0.3523309679192464,0.27260416666666665,3,benign|ambient|a40,0
dataset_v2_clean.0_tone_000154,4,tone,48000,0.042666666666666665,20271.107383903138,11.043087197660945,moderate,0.6164521216226824,1.0,white,42,1120579100,3034060567,dataset_v2_generator-1.2,dataset_v2_clean.0,,,,,,,,0.30202206664122666,0.07654166666666666,0,tone|moderate|20500,0
dataset_v2_clean.0_fsk_000445,1,fsk,48000,0.042666666666666665,18893.277269621736,6.446821834801649,noisy,0.5782795256652659,1.0,white,42,3411566717,1007792902,dataset_v2_generator-1.2,dataset_v2_clean.0,64.46792323909101,2106.722730378264,,,,,,0.3233198386657515,0.030270833333333334,0,fsk|noisy|19000,0
dataset_v2_clean.0_ook_000355,2,ook,48000,0.042666666666666665,20019.381242345622,11.713985728450208,moderate,0.9958341374530089,1.0,ambient,42,2377500466,294564838,dataset_v2_generator-1.2,dataset_v2_clean.0,69.21279095644194,,,,,,,0.3118358505970001,0.22983333333333333,0,ook|moderate|20000,0
dataset_v2_clean.0_benign_000274,0,benign,48000,0.042666666666666665,,,,0.7091144891022285,3.0769064926867467,white,42,1316049246,1829494907,dataset_v2_generator-1.2,dataset_v2_clean.0,,,,,,,band_limited_hiss,0.3312168200032487,0.087375,0,benign|band_limited_hiss|na|a70,0
dataset_v2_clean.0_benign_000363,0,benign,48000,0.042666666666666665,,,,0.6293071164325943,2.676035604540094,white,42,1418603604,3180343974,dataset_v2_generator-1.2,dataset_v2_clean.0,,,,,,,band_limited_hiss,0.32325961787326507,0.25808333333333333,0,benign|band_limited_hiss|na|a60,0
dataset_v2_clean.0_ook_000207,2,ook,48000,0.042666666666666665,19716.71836345018,21.7552746821654,clean,0.7678059316120514,0.8332192930235733,ambient,42,447733817,2426179282,dataset_v2_generator-1.2,dataset_v2_clean.0,53.219787271163156,,,,,,,0.26309381408664806,0.19710416666666666,0,ook|clean|19500,0
dataset_v2_clean.0_tone_000138,4,tone,48000,0.042666666666666665,18769.12551692909,-3.1520207589202744,very_noisy,0.5731059354502007,1.0,ambient,42,1249427809,2565347041,dataset_v2_generator-1.2,dataset_v2_clean.0,,,,,,,,0.38362230578938017,0.05639583333333333,0,tone|very_noisy|19000,0
dataset_v2_clean.0_tone_000219,4,tone,48000,0.042666666666666665,19840.110592104564,8.653584467905045,noisy,0.608414480973929,1.0,white,42,3548227426,2512674305,dataset_v2_generator-1.2,dataset_v2_clean.0,,,,,,,,0.24441817018341444,0.05545833333333333,0,tone|noisy|20000,0
dataset_v2_clean.0_ook_000313,2,ook,48000,0.042666666666666665,19720.637107270533,8.555976476691036,noisy,0.7413626214294676,1.0,ambient,42,1516727635,1714837369,dataset_v2_generator-1.2,dataset_v2_clean.0,39.144587001087515,,,,,,,0.4173257340076828,0.3424583333333333,1,ook|noisy|19500,0
dataset_v2_clean.0_benign_000211,0,benign,48000,0.042666666666666665,,,,0.20340221635048056,0.20340221635048056,ambient,42,3855245626,2536917361,dataset_v2_generator-1.2,dataset_v2_clean.0,,,,,,,ambient,0.32874233632063277,0.115375,0,benign|ambient|a20,0
dataset_v2_clean.0_chirp_000295,3,chirp,48000,0.042666666666666665,,2.540006618852665,noisy,0.638915549309132,1.0,white,42,3093481809,3003137784,dataset_v2_generator-1.2,dataset_v2_clean.0,,,18240.96199527759,20620.42533755515,,3,,0.3344747630429043,0.2419375,0,chirp|noisy|18000_20500,0
dataset_v2_clean.0_fsk_000065,1,fsk,48000,0.042666666666666665,18975.52744287806,21.402084739425366,clean,0.5518358303323919,0.6546272067627444,white,42,1470027206,3757366323,dataset_v2_generator-1.2,dataset_v2_clean.0,54.26293106827931,1088.428413133748,,,,,,0.2487738692647175,0.14647916666666666,0,fsk|clean|19000,0
dataset_v2_clean.0_tone_000143,4,tone,48000,0.042666666666666665,20166.090592796958,16.975149984538636,moderate,0.8003406557976327,1.0,white,42,666367098,2326471398,dataset_v2_generator-1.2,dataset_v2_clean.0,,,,,,,,0.2647688741493086,0.06110416666666667,0,tone|moderate|20000,0
dataset_v2_clean.0_ook_000450,2,ook,48000,0.042666666666666665,20500.882687362475,-4.135993443299855,very_noisy,0.877700029574187,1.0,ambient,42,3357786454,1211521795,dataset_v2_generator-1.2,dataset_v2_clean.0,31.907354765088773,,,,,,,0.32664481285908004,0.17179166666666668,1,ook|very_noisy|20500,0
dataset_v2_clean.0_ook_000273,2,ook,48000,0.042666666666666665,18986.15475743795,6.937468025618212,noisy,0.7442130551421096,1.0,white,42,3615307852,574465032,dataset_v2_generator-1.2,dataset_v2_clean.0,42.365104970580454,,,,,,,0.3192133884624086,0.0524375,0,ook|noisy|19000,0
dataset_v2_clean.0_fsk_000350,1,fsk,48000,0.042666666666666665,18939.337338699523,3.957801984374327,noisy,0.9281865223273686,1.0,ambient,42,4102642864,3150746487,dataset_v2_generator-1.2,dataset_v2_clean.0,83.98181137816087,403.82587634059746,,,,,,0.38102830096486906,0.07145833333333333,0,fsk|noisy|19000,0
dataset_v2_clean.0_ook_000220,2,ook,48000,0.042666666666666665,18993.893584448626,8.392279972647277,noisy,0.8393571752322209,1.0,ambient,42,3152563775,4290185394,dataset_v2_generator-1.2,dataset_v2_clean.0,31.99399040541102,,,,,,,0.4138199241613597,0.11089583333333333,0,ook|noisy|19000,0
dataset_v2_clean.0_tone_000181,4,tone,48000,0.042666666666666665,20894.897621365926,16.86716668897973,moderate,0.9359750330215515,1.0,white,42,1403796061,2476471137,dataset_v2_generator-1.2,dataset_v2_clean.0,,,,,,,,0.24216617940018734,0.133875,0,tone|moderate|21000,0
dataset_v2_clean.0_chirp_000084,3,chirp,48000,0.042666666666666665,,27.890636614080677,clean,0.6482268120495944,0.6890729129492336,ambient,42,4159663907,1884180308,dataset_v2_generator-1.2,dataset_v2_clean.0,,,18278.31517635875,20305.164736290542,,8,,0.3546387574884856,0.04741666666666667,0,chirp|clean|18500_20500,0
dataset_v2_clean.0_tone_000436,4,tone,48000,0.042666666666666665,19761.092601721597,18.00256563260563,moderate,0.9422115771701803,1.0,ambient,42,1495345290,3493622796,dataset_v2_generator-1.2,dataset_v2_clean.0,,,,,,,,0.29227204974578447,0.18597916666666667,0,tone|moderate|20000,0
dataset_v2_clean.0_benign_000241,0,benign,48000,0.042666666666666665,,,,0.5721886575407668,2.241536871365693,white,42,3381204844,1707332994,dataset_v2_generator-1.2,dataset_v2_clean.0,,,,,,,white,0.28235081075697466,0.0774375,0,benign|white|a60,0
dataset_v2_clean.0_fsk_000182,1,fsk,48000,0.042666666666666665,18945.6187892807,0.6587630839575924,very_noisy,0.6059174068828316,1.0,white,42,1211381269,1347063497,dataset_v2_generator-1.2,dataset_v2_clean.0,74.99856858692259,1069.2500826073083,,,,,,0.3979538337886643,0.33289583333333334,0,fsk|very_noisy|19000,0
dataset_v2_clean.0_fsk_000454,1,fsk,48000,0.042666666666666665,18598.6085358145,23.866020557718258,clean,0.7321795801199813,0.7945034315943845,ambient,42,3565097642,382283861,dataset_v2_generator-1.2,dataset_v2_clean.0,20.27495545122675,1298.1874843515106,,,,,,0.2906875435439993,0.0148125,0,fsk|clean|18500,0
dataset_v2_clean.0_ook_000269,2,ook,48000,0.042666666666666665,19160.56981693142,-2.827632768004148,very_noisy,0.9737551378365549,1.0,ambient,42,2199125648,937978769,dataset_v2_generator-1.2,dataset_v2_clean.0,47.51501228614849,,,,,,,0.295625355833887,0.13941666666666666,0,ook|very_noisy|19000,0
dataset_v2_clean.0_chirp_000306,3,chirp,48000,0.042666666666666665,,13.296301312737878,moderate,0.6618361424198913,0.944073390004619,ambient,42,1215002295,2203660070,dataset_v2_generator-1.2,dataset_v2_clean.0,,,18951.397734361308,20748.740776389513,,8,,0.3576219303263842,0.2020625,0,chirp|moderate|19000_20500,0
dataset_v2_clean.0_tone_000393,4,tone,48000,0.042666666666666665,19747.35330757616,28.692696805614922,clean,0.7268065627507571,0.7859744618215512,ambient,42,3619731023,3033384627,dataset_v2_generator-1.2,dataset_v2_clean.0,,,,,,,,0.24951144416049859,0.0968125,0,tone|clean|19500,0
dataset_v2_clean.0_ook_000045,2,ook,48000,0.042666666666666665,19439.73608914966,18.28305369834717,moderate,0.7020860961851771,0.8573325580297667,white,42,1201720280,1416430861,dataset_v2_generator-1.2,dataset_v2_clean.0,64.90890611942336,,,,,,,0.22157313648348306,0.1091875,0,ook|moderate|19500,0
dataset_v2_clean.0_ook_000416,2,ook,48000,0.042666666666666665,20944.76149687909,2.180237118246703,noisy,0.8654866632699763,1.0,white,42,1168131848,3087330387,dataset_v2_generator-1.2,dataset_v2_clean.0,53.987877104211854,,,,,,,0.23465231076709925,0.19097916666666667,0,ook|noisy|21000,0
dataset_v2_clean.0_benign_000125,0,benign,48000,0.042666666666666665,,,,0.4328478405642727,1.7499407949660044,white,42,839401624,2885386037,dataset_v2_generator-1.2,dataset_v2_clean.0,,,,,,,band_limited_hiss,0.24764530952440805,0.001625,0,benign|band_limited_hiss|na|a40,0
dataset_v2_clean.0_fsk_000457,1,fsk,48000,0.042666666666666665,19594.74384187739,15.001206137148358,moderate,0.7761489910252349,1.0,white,42,4079084857,1283004110,dataset_v2_generator-1.2,dataset_v2_clean.0,80.5254724567784,831.2212161204479,,,,,,0.33037384952783877,0.1828125,0,fsk|moderate|19500,0
dataset_v2_clean.0_tone_000161,4,tone,48000,0.042666666666666665,20693.033163411692,6.645241036829274,noisy,0.7882483262530865,1.0,white,42,468302140,4069062184,dataset_v2_generator-1.2,dataset_v2_clean.0,,,,,,,,0.2869193592195063,0.012395833333333333,0,tone|noisy|20500,0
dataset_v2_clean.0_ook_000172,2,ook,48000,0.042666666666666665,19939.14850320391,0.8342487250536115,very_noisy,0.5868979142630392,1.0,white,42,2135875848,1523469253,dataset_v2_generator-1.2,dataset_v2_clean.0,55.20367317803193,,,,,,,0.23966603267037978,0.11160416666666667,0,ook|very_noisy|20000,0
dataset_v2_clean.0_benign_000029,0,benign,48000,0.042666666666666665,,15.460360402580573,moderate,0.49089112283397074,0.5336951909907676,white,42,718766700,4038311998,dataset_v2_generator-1.2,dataset_v2_clean.0,,,,,,,ambient_hf_boost,0.24663626087843668,0.07989583333333333,0,benign|ambient_hf_boost|moderate,0
dataset_v2_clean.0_fsk_000388,1,fsk,48000,0.042666666666666665,18858.39836127021,11.070991043489586,moderate,0.6425238894791911,1.0,white,42,3868461703,4218455631,dataset_v2_generator-1.2,dataset_v2_clean.0,49.017475690668626,420.891925678774,,,,,,0.403065916166419,0.2274375,0,fsk|moderate|19000,0
dataset_v2_clean.0_tone_000470,4,tone,48000,0.042666666666666665,19229.42764232749,24.82332148133193,clean,0.8722175717132776,0.95488491335973,ambient,42,2439854428,3773824400,dataset_v2_generator-1.2,dataset_v2_clean.0,,,,,,,,0.41774293480236624,0.11239583333333333,0,tone|clean|19000,0
dataset_v2_clean.0_chirp_000309,3,chirp,48000,0.042666666666666665,,18.63724520687596,moderate,0.8311765810058397,1.0,white,42,1433921032,3484092146,dataset_v2_generator-1.2,dataset_v2_clean.0,,,18583.569013622444,20649.490806234404,,5,,0.393510171691307,0.32183333333333336,0,chirp|moderate|18500_20500,0
dataset_v2_clean.0_fsk_000161,1,fsk,48000,0.042666666666666665,19176.157134258283,5.061694327661897,noisy,0.9687565870334935,1.0,ambient,42,1204877098,3011425370,dataset_v2_generator-1.2,dataset_v2_clean.0,76.30094760133827,844.1553292975113,,,,,,0.2196686007138994,0.1099375,0,fsk|noisy|19000,0
dataset_v2_clean.0_benign_000345,0,benign,48000,0.042666666666666665,,,,0.28140405710780403,0.28140405710780403,ambient,42,1161818386,3789915495,dataset_v2_generator-1.2,dataset_v2_clean.0,,,,,,,ambient,0.35039579394953335,0.09710416666666667,0,benign|ambient|a30,0
dataset_v2_clean.0_fsk_000230,1,fsk,48000,0.042666666666666665,19333.385902131922,4.8820699761126365,noisy,0.9112274058907563,1.0,white,42,808016668,3319664728,dataset_v2_generator-1.2,dataset_v2_clean.0,69.64542052502782,789.4606365711625,,,,,,0.3374903808762567,0.29452083333333334,0,fsk|noisy|19500,0
dataset_v2_clean.0_tone_000312,4,tone,48000,0.042666666666666665,20956.445367344,-2.599615931045636,very_noisy,0.9136624888891647,1.0,ambient,42,1169646329,2697574978,dataset_v2_generator-1.2,dataset_v2_clean.0,,,,,,,,0.3825259842174458,0.1323125,0,tone|very_noisy|21000,0
dataset_v2_clean.0_ook_000484,2,ook,48000,0.042666666666666665,18645.508184347946,15.295248618155163,moderate,0.7038280997073116,0.8921727750135517,white,42,1516426901,1792720622,dataset_v2_generator-1.2,dataset_v2_clean.0,55.196059923582524,,,,,,,0.33612512805207834,0.028333333333333332,0,ook|moderate|18500,0
dataset_v2_clean.0_tone_000115,4,tone,48000,0.042666666666666665,18904.160611015206,9.876243461269274,noisy,0.9200131636652638,1.0,white,42,2778849879,888341770,dataset_v2_generator-1.2,dataset_v2_clean.0,,,,,,,,0.39717248562406027,0.33479166666666665,0,tone|noisy|19000,0
dataset_v2_clean.0_benign_000193,0,benign,48000,0.042666666666666665,,,,0.5144362330163458,2.0901969730796583,white,42,430836014,1165794112,dataset_v2_generator-1.2,dataset_v2_clean.0,,,,,,,band_limited_hiss,0.2766712463126913,0.202125,0,benign|band_limited_hiss|na|a50,0
dataset_v2_clean.0_fsk_000232,1,fsk,48000,0.042666666666666665,18676.76244692692,8.850792085631689,noisy,0.6272101944783761,1.0,white,42,3824641026,58198218,dataset_v2_generator-1.2,dataset_v2_clean.0,34.97404646129734,1599.0776482557521,,,,,,0.24437486153868226,0.07052083333333334,0,fsk|noisy|18500,0
dataset_v2_clean.0_ook_000303,2,ook,48000,0.042666666666666665,19251.056327534592,4.860653383750951,noisy,0.7903781487869083,1.0,ambient,42,1732179682,3483566269,dataset_v2_generator-1.2,dataset_v2_clean.0,40.20334011822063,,,,,,,0.34824012579447283,0.13072916666666667,0,ook|noisy|19500,0
dataset_v2_clean.0_chirp_000385,3,chirp,48000,0.042666666666666665,,23.23755801333087,clean,0.5976774863504752,0.6861244796253748,white,42,517731569,340347138,dataset_v2_generator-1.2,dataset_v2_clean.0,,,19000.06072027221,20893.98057586791,,8,,0.23623926839042944,0.12735416666666666,0,chirp|clean|19000_21000,0
dataset_v2_clean.0_benign_000442,0,benign,48000,0.042666666666666665,,,,0.3634905892463411,1.4053604634357006,white,42,2943872412,3729101303,dataset_v2_generator-1.2,dataset_v2_clean.0,,,,,,,band_limited_hiss,0.39747139659679576,0.16710416666666666,0,benign|band_limited_hiss|na|a40,0
dataset_v2_clean.0_benign_000037,0,benign,48000,0.042666666666666665,20499.622345300737,,,0.33519920913757556,0.33519920736812836,none,42,1756192980,3848460066,dataset_v2_generator-1.2,dataset_v2_clean.0,,,,,,,steady_ultrasonic_hum,0.3407377613605704,0.29370833333333335,0,benign|steady_ultrasonic_hum|20500|a30,0
dataset_v2_clean.0_chirp_000209,3,chirp,48000,0.042666666666666665,,23.577032387855756,clean,0.8832752405687543,0.9763102404730684,ambient,42,1810117785,547830755,dataset_v2_generator-1.2,dataset_v2_clean.0,,,18208.51245298996,20992.00298256801,,3,,0.2981302368500793,0.16745833333333332,0,chirp|clean|18000_21000,0
dataset_v2_clean.0_fsk_000468,1,fsk,48000,0.042666666666666665,19681.2573779865,18.473803493213076,moderate,0.642835882058916,0.8159253543761984,white,42,2425245382,1745886339,dataset_v2_generator-1.2,dataset_v2_clean.0,66.65188117278345,904.2319068585894,,,,,,0.25416424583289765,0.13714583333333333,0,fsk|moderate|19500,0
dataset_v2_clean.0_chirp_000477,3,chirp,48000,0.042666666666666665,,7.057575469788957,noisy,0.7870780681302607,1.0,white,42,3696430194,3063556391,dataset_v2_generator-1.2,dataset_v2_clean.0,,,18008.90164893675,20486.942233193986,,7,,0.2416942397008326,0.18602083333333333,0,chirp|noisy|18000_20500,0
dataset_v2_clean.0_benign_000181,0,benign,48000,0.042666666666666665,,,,0.3324826818556152,1.325536502440699,white,42,178511799,702269300,dataset_v2_generator-1.2,dataset_v2_clean.0,,,,,,,white,0.4068662519992449,0.33477083333333335,0,benign|white|a30,0
dataset_v2_clean.0_fsk_000255,1,fsk,48000,0.042666666666666665,18395.634179055753,18.22355714148631,moderate,0.6951035527563575,0.8857662888017936,white,42,3417374302,4178622912,dataset_v2_generator-1.2,dataset_v2_clean.0,49.80301098611974,1306.5188529952466,,,,,,0.3148424320429259,0.19170833333333334,0,fsk|moderate|18500,0
dataset_v2_clean.0_chirp_000150,3,chirp,48000,0.042666666666666665,,20.153231823896878,clean,0.7453177815712578,0.8857735450889556,ambient,42,501452475,2948198740,dataset_v2_generator-1.2,dataset_v2_clean.0,,,18361.686125966837,20481.310488334344,,8,,0.3453847794925103,0.2725,0,chirp|clean|18500_20500,0
dataset_v2_clean.0_chirp_000121,3,chirp,48000,0.042666666666666665,,25.725697242055485,clean,0.8834094785583052,0.9679555034375136,ambient,42,2636810983,1555707023,dataset_v2_generator-1.2,dataset_v2_clean.0,,,19267.02503895987,20732.566136246987,,8,,0.31116935831254744,0.1150625,0,chirp|clean|19500_20500,0
dataset_v2_clean.0_tone_000412,4,tone,48000,0.042666666666666665,18641.58446825715,3.422380721381111,noisy,0.9298753607464065,1.0,ambient,42,3549315296,979986026,dataset_v2_generator-1.2,dataset_v2_clean.0,,,,,,,,0.24669550410937474,0.026333333333333334,0,tone|noisy|18500,0
dataset_v2_clean.0_ook_000170,2,ook,48000,0.042666666666666665,19677.002010836055,4.928879745587672,noisy,0.6454747584455196,1.0,white,42,1433170797,89293602,dataset_v2_generator-1.2,dataset_v2_clean.0,59.78706320584871,,,,,,,0.33409087564179174,0.19254166666666667,0,ook|noisy|19500,0
dataset_v2_clean.0_tone_000191,4,tone,48000,0.042666666666666665,19243.311244756787,-4.1777367103849485,very_noisy,0.6134480080410571,1.0,ambient,42,2870253090,2374636611,dataset_v2_generator-1.2,dataset_v2_clean.0,,,,,,,,0.3256732222196075,0.09129166666666666,0,tone|very_noisy|19000,0
dataset_v2_clean.0_tone_000120,4,tone,48000,0.042666666666666665,19587.345761611643,27.625471811893437,clean,0.7817039506034513,0.8296598459636372,ambient,42,2470186393,1770664223,dataset_v2_generator-1.2,dataset_v2_clean.0,,,,,,,,0.37281408360101886,0.18014583333333334,0,tone|clean|19500,0
dataset_v2_clean.0_tone_000015,4,tone,48000,0.042666666666666665,20061.935772210778,13.228915785442995,moderate,0.644272869085042,0.8707033722893066,ambient,42,2366395587,2314722282,dataset_v2_generator-1.2,dataset_v2_clean.0,,,,,,,,0.23125361565785216,0.0575625,0,tone|moderate|20000,0
dataset_v2_clean.0_benign_000227,0,benign,48000,0.042666666666666665,,,,0.5236707541749974,2.124958725397561,white,42,3855852222,2810957392,dataset_v2_generator-1.2,dataset_v2_clean.0,,,,,,,band_limited_hiss,0.2362613142233093,0.0753125,0,benign|band_limited_hiss|na|a50,0
dataset_v2_clean.0_benign_000230,0,benign,48000,0.042666666666666665,,,,0.40008430153885766,1.5019702340420924,white,42,3078279795,1920529370,dataset_v2_generator-1.2,dataset_v2_clean.0,,,,,,,band_limited_hiss,0.27275075510106833,0.19270833333333334,0,benign|band_limited_hiss|na|a40,0
dataset_v2_clean.0_ook_000457,2,ook,48000,0.042666666666666665,18606.913689339344,29.463421575491658,clean,0.9703001353596339,1.0,white,42,2399909865,3129617700,dataset_v2_generator-1.2,dataset_v2_clean.0,33.53785721875027,,,,,,,0.3474851428479422,0.15104166666666666,0,ook|clean|18500,0
dataset_v2_clean.0_tone_000122,4,tone,48000,0.042666666666666665,19767.313386379356,-3.243119451888804,very_noisy,0.9140306908571185,1.0,white,42,124596419,654772522,dataset_v2_generator-1.2,dataset_v2_clean.0,,,,,,,,0.38924945359418295,0.09075,0,tone|very_noisy|20000,0
dataset_v2_clean.0_tone_000382,4,tone,48000,0.042666666666666665,18887.387274107146,19.82145877172479,moderate,0.7429096551875698,0.8815477284227834,ambient,42,210106895,125338001,dataset_v2_generator-1.2,dataset_v2_clean.0,,,,,,,,0.2327183136506656,0.06254166666666666,0,tone|moderate|19000,0
dataset_v2_clean.0_fsk_000268,1,fsk,48000,0.042666666666666665,18473.398852589915,9.385117831742624,noisy,0.9589767491314858,1.0,ambient,42,3201314601,3704886069,dataset_v2_generator-1.2,dataset_v2_clean.0,42.21626164254304,2170.8887731471405,,,,,,0.41424983578339436,0.2586875,0,fsk|noisy|18500,0
dataset_v2_clean.0_ook_000083,2,ook,48000,0.042666666666666665,20334.491120597,0.34357264339899807,very_noisy,0.7666386718591229,1.0,white,42,3549915196,2839288286,dataset_v2_generator-1.2,dataset_v2_clean.0,32.113323768919145,,,,,,,0.2808604508473522,0.19460416666666666,0,ook|very_noisy|20500,0
dataset_v2_clean.0_benign_000178,0,benign,48000,0.042666666666666665,,,,0.4481207816946844,1.9395624372261415,white,42,2973336366,914760007,dataset_v2_generator-1.2,dataset_v2_clean.0,,,,,,,band_limited_hiss,0.2967059075541676,0.1725,0,benign|band_limited_hiss|na|a40,0
dataset_v2_clean.0_tone_000391,4,tone,48000,0.042666666666666665,20953.25845101037,24.768740675257334,clean,0.6654935082113267,0.7404961644242762,white,42,2463049750,3826467189,dataset_v2_generator-1.2,dataset_v2_clean.0,,,,,,,,0.2585183529805463,0.19514583333333332,0,tone|clean|21000,0
dataset_v2_clean.0_tone_000097,4,tone,48000,0.042666666666666665,19511.175238552427,20.961867498257686,clean,0.8810377748652383,1.0,white,42,2224090879,3464945739,dataset_v2_generator-1.2,dataset_v2_clean.0,,,,,,,,0.40700703500244784,0.3243125,0,tone|clean|19500,0
dataset_v2_clean.0_tone_000256,4,tone,48000,0.042666666666666665,18645.33344762099,29.698032951563334,clean,0.8151039905176893,0.8668434703800469,ambient,42,2848472472,4056412233,dataset_v2_generator-1.2,dataset_v2_clean.0,,,,,,,,0.2679118342299398,0.191375,0,tone|clean|18500,0
dataset_v2_clean.0_benign_000464,0,benign,48000,0.042666666666666665,,3.7417424486022384,noisy,0.19679613805863982,0.3065446961366636,white,42,3718417640,3796940298,dataset_v2_generator-1.2,dataset_v2_clean.0,,,,,,,ambient_hf_boost,0.32056720863091276,0.2695416666666667,0,benign|ambient_hf_boost|noisy,0
dataset_v2_clean.0_chirp_000073,3,chirp,48000,0.042666666666666665,,9.320347218186273,noisy,0.8935421902725219,1.0,ambient,42,839275712,4249652166,dataset_v2_generator-1.2,dataset_v2_clean.0,,,18665.74424537968,20475.041028541003,,5,,0.3273648349401525,0.23222916666666665,0,chirp|noisy|18500_20500,0
dataset_v2_clean.0_ook_000255,2,ook,48000,0.042666666666666665,18746.01782497878,-1.6486366028482071,very_noisy,0.8971236892026877,1.0,white,42,2936439926,2014448459,dataset_v2_generator-1.2,dataset_v2_clean.0,56.17981155343841,,,,,,,0.3799075957001067,0.114,0,ook|very_noisy|18500,0
dataset_v2_clean.0_fsk_000346,1,fsk,48000,0.042666666666666665,19643.040487545946,1.9700879797232744,very_noisy,0.660696281462147,1.0,white,42,2211709017,2862909918,dataset_v2_generator-1.2,dataset_v2_clean.0,48.46473182828366,581.5060165342256,,,,,,0.32736811616322853,0.011895833333333333,0,fsk|very_noisy|19500,0
dataset_v2_clean.0_ook_000005,2,ook,48000,0.042666666666666665,18456.520919470633,25.648419201528647,clean,0.7485021387426134,0.7939366127300413,white,42,142140079,896875574,dataset_v2_generator-1.2,dataset_v2_clean.0,47.32287514126707,,,,,,,0.34543601162690113,0.1738125,0,ook|clean|18500,0
dataset_v2_clean.0_tone_000475,4,tone,48000,0.042666666666666665,20706.07644730018,21.788186671645704,clean,0.9279323053511894,1.0,ambient,42,1690934167,1535719556,dataset_v2_generator-1.2,dataset_v2_clean.0,,,,,,,,0.35602776356100085,0.2348125,0,tone|clean|20500,0
dataset_v2_clean.0_chirp_000008,3,chirp,48000,0.042666666666666665,,-0.12238834036674717,very_noisy,0.6003725860141512,1.0,ambient,42,1412378903,1469480022,dataset_v2_generator-1.2,dataset_v2_clean.0,,,19232.856589987947,20546.765236471012,,4,,0.3061398508578984,0.2455,0,chirp|very_noisy|19000_20500,0
dataset_v2_clean.0_tone_000349,4,tone,48000,0.042666666666666665,18892.498807179185,0.10853991520502504,very_noisy,0.8257906436844196,1.0,white,42,3898461012,2649397969,dataset_v2_generator-1.2,dataset_v2_clean.0,,,,,,,,0.4063875708563238,0.0105625,0,tone|very_noisy|19000,0
dataset_v2_clean.0_tone_000178,4,tone,48000,0.042666666666666665,20372.238585260693,1.2278216980789347,very_noisy,0.6771297828579499,1.0,ambient,42,1404441826,3294694566,dataset_v2_generator-1.2,dataset_v2_clean.0,,,,,,,,0.3070271435450442,0.087125,0,tone|very_noisy|20500,0
dataset_v2_clean.0_chirp_000366,3,chirp,48000,0.042666666666666665,,-3.676529219124209,very_noisy,0.6652809189565759,1.0,ambient,42,689630563,2799463670,dataset_v2_generator-1.2,dataset_v2_clean.0,,,18488.280979392006,20564.84079262027,,6,,0.39980615541532283,0.037375,0,chirp|very_noisy|18500_20500,0
dataset_v2_clean.0_chirp_000386,3,chirp,48000,0.042666666666666665,,1.0834220853009402,very_noisy,0.6265821353065829,1.0,ambient,42,686131513,2696572469,dataset_v2_generator-1.2,dataset_v2_clean.0,,,18926.812545619276,20324.890623553565,,4,,0.36756640506087174,0.32266666666666666,0,chirp|very_noisy|19000_20500,0
dataset_v2_clean.0_fsk_000356,1,fsk,48000,0.042666666666666665,19580.752748495113,-0.809320281798902,very_noisy,0.6510644203299623,1.0,ambient,42,40569568,1960008154,dataset_v2_generator-1.2,dataset_v2_clean.0,89.42987420303095,1419.2472515048867,,,,,,0.2564101882044412,0.019833333333333335,0,fsk|very_noisy|19500,0
dataset_v2_clean.0_ook_000180,2,ook,48000,0.042666666666666665,19036.11322736409,27.440923840268574,clean,0.6629699392755806,0.6961201424568159,ambient,42,2891028358,2953635477,dataset_v2_generator-1.2,dataset_v2_clean.0,45.686661053512765,,,,,,,0.361965785228631,0.06004166666666667,0,ook|clean|19000,0
dataset_v2_clean.0_benign_000041,0,benign,48000,0.042666666666666665,,14.354468362236489,moderate,0.19895483597156519,0.21234905602082507,white,42,2854290053,938461183,dataset_v2_generator-1.2,dataset_v2_clean.0,,,,,,,ambient_hf_boost,0.3159888566587685,0.17616666666666667,0,benign|ambient_hf_boost|moderate,0
dataset_v2_clean.0_chirp_000157,3,chirp,48000,0.042666666666666665,,-1.0660408914565043,very_noisy,0.9959517227568468,1.0,ambient,42,219212102,896576,dataset_v2_generator-1.2,dataset_v2_clean.0,,,18743.95492711941,20316.974096890262,,6,,0.26739392444195587,0.15641666666666668,0,chirp|very_noisy|18500_20500,0
dataset_v2_clean.0_chirp_000298,3,chirp,48000,0.042666666666666665,,24.01748293860223,clean,0.9538138761909836,1.0,ambient,42,1881071268,525400750,dataset_v2_generator-1.2,dataset_v2_clean.0,,,18327.877671298244,20338.97246691967,,2,,0.2875065805986242,0.1923125,0,chirp|clean|18500_20500,0
dataset_v2_clean.0_tone_000455,4,tone,48000,0.042666666666666665,20259.236280571877,-0.3208200535576946,very_noisy,0.7777076609095994,1.0,white,42,3280475420,4179051311,dataset_v2_generator-1.2,dataset_v2_clean.0,,,,,,,,0.26235915242369745,0.018458333333333334,0,tone|very_noisy|20500,0
dataset_v2_clean.0_ook_000174,2,ook,48000,0.042666666666666665,19444.79920927398,27.42580004803787,clean,0.9600624102085886,1.0,white,42,2144203385,75563227,dataset_v2_generator-1.2,dataset_v2_clean.0,41.81504464920626,,,,,,,0.3784048742807647,0.18891666666666668,0,ook|clean|19500,0
dataset_v2_clean.0_chirp_000231,3,chirp,48000,0.042666666666666665,,-1.37534562101669,very_noisy,0.7776388924392534,1.0,white,42,531493629,2106834111,dataset_v2_generator-1.2,dataset_v2_clean.0,,,19271.440046547807,20810.018488693673,,3,,0.29868649315450013,0.18025,0,chirp|very_noisy|19500_21000,0
dataset_v2_clean.0_fsk_000141,1,fsk,48000,0.042666666666666665,19056.17136402615,20.939784034409993,clean,0.9257702072293508,1.0,white,42,953062741,3844300939,dataset_v2_generator-1.2,dataset_v2_clean.0,20.11950520166648,1943.8286359738486,,,,,,0.3440664669077908,0.0725625,0,fsk|clean|19000,0
dataset_v2_clean.0_chirp_000081,3,chirp,48000,0.042666666666666665,,22.82494989335508,clean,0.594780905169048,0.683333280720963,white,42,2576099146,1674971686,dataset_v2_generator-1.2,dataset_v2_clean.0,,,19010.984901878648,20436.61614680022,,3,,0.2442457972630463,0.0810625,0,chirp|clean|19000_20500,0
dataset_v2_clean.0_ook_000104,2,ook,48000,0.042666666666666665,20807.387955173428,3.0119552131990304,noisy,0.7821435393398761,1.0,ambient,42,3867704762,1176737107,dataset_v2_generator-1.2,dataset_v2_clean.0,68.39598604083386,,,,,,,0.26984308880355795,0.021125,0,ook|noisy|21000,0
dataset_v2_clean.0_chirp_000381,3,chirp,48000,0.042666666666666665,,-3.722013725007131,very_noisy,0.6017056996092904,1.0,white,42,3291803741,1890685783,dataset_v2_generator-1.2,dataset_v2_clean.0,,,18609.31688383484,20759.29718538181,,5,,0.40874663450114296,0.11041666666666666,0,chirp|very_noisy|18500_21000,0
dataset_v2_clean.0_tone_000225,4,tone,48000,0.042666666666666665,18314.410893522807,-2.6454818975157925,very_noisy,0.8979576530068096,1.0,white,42,6125754,1224681198,dataset_v2_generator-1.2,dataset_v2_clean.0,,,,,,,,0.2636070390331105,0.12360416666666667,0,tone|very_noisy|18500,0
dataset_v2_clean.0_fsk_000047,1,fsk,48000,0.042666666666666665,18690.013373988226,24.211233654292307,clean,0.8731006184324619,0.9465624815635867,ambient,42,2275190673,2909142015,dataset_v2_generator-1.2,dataset_v2_clean.0,63.47655176793423,2036.2103454105563,,,,,,0.30647080621678713,0.256625,0,fsk|clean|18500,0
dataset_v2_clean.0_tone_000222,4,tone,48000,0.042666666666666665,18350.0760055027,13.152049504837287,moderate,0.6913860233890194,1.0,white,42,2331661834,1246464679,dataset_v2_generator-1.2,dataset_v2_clean.0,,,,,,,,0.34441545702765247,0.20733333333333334,0,tone|moderate|18500,0
dataset_v2_clean.0_tone_000262,4,tone,48000,0.042666666666666665,18429.360116593994,3.3446863676124057,noisy,0.5629689250844461,1.0,ambient,42,1047734950,2693122620,dataset_v2_generator-1.2,dataset_v2_clean.0,,,,,,,,0.39906640604604376,0.33035416666666667,0,tone|noisy|18500,0
dataset_v2_clean.0_fsk_000207,1,fsk,48000,0.042666666666666665,18564.25554948946,19.044400905288242,moderate,0.6521436199995903,0.7866554993604199,ambient,42,3507846335,2756937543,dataset_v2_generator-1.2,dataset_v2_clean.0,43.67413846583982,1710.9815830899279,,,,,,0.3804410333308586,0.25883333333333336,0,fsk|moderate|18500,0
dataset_v2_clean.0_fsk_000023,1,fsk,48000,0.042666666666666665,19422.927015991234,-1.0930286377505256,very_noisy,0.9487328071517177,1.0,ambient,42,3415289622,1290198544,dataset_v2_generator-1.2,dataset_v2_clean.0,54.18803340432911,468.8991645330534,,,,,,0.2692026031376639,0.19833333333333333,0,fsk|very_noisy|19500,0
dataset_v2_clean.0_ook_000345,2,ook,48000,0.042666666666666665,19526.907272129763,3.7862919070323455,noisy,0.9494911110973059,1.0,white,42,3474600925,1432353427,dataset_v2_generator-1.2,dataset_v2_clean.0,30.74182058199256,,,,,,,0.2730384089419027,0.14864583333333334,0,ook|noisy|19500,0
dataset_v2_clean.0_ook_000336,2,ook,48000,0.042666666666666665,18412.346384170713,24.473488077685936,clean,0.6418046104449009,0.6734936490112934,ambient,42,3360005947,2430387418,dataset_v2_generator-1.2,dataset_v2_clean.0,30.602444974649636,,,,,,,0.2325405658663195,0.07470833333333333,0,ook|clean|18500,0
dataset_v2_clean.0_fsk_000304,1,fsk,48000,0.042666666666666665,19671.43254460002,27.021118114654705,clean,0.7310069112071154,0.8091106262327887,white,42,2650084063,3819691955,dataset_v2_generator-1.2,dataset_v2_clean.0,65.7484187794926,1328.5674553999816,,,,,,0.27024297105151923,0.134875,0,fsk|clean|19500,0
dataset_v2_clean.0_fsk_000213,1,fsk,48000,0.042666666666666665,19468.536950600923,17.85974633881142,moderate,0.7562546980521755,0.9627480965914738,white,42,1068162016,1216684381,dataset_v2_generator-1.2,dataset_v2_clean.0,59.041135418578364,1531.4630493990771,,,,,,0.30868929522523636,0.031,0,fsk|moderate|19500,0
dataset_v2_clean.0_fsk_000345,1,fsk,48000,0.042666666666666665,19370.2560355612,-1.744551822882042,very_noisy,0.7963438431363146,1.0,white,42,767618303,680389072,dataset_v2_generator-1.2,dataset_v2_clean.0,50.83319203422727,1629.7439644387996,,,,,,0.25785063724856083,0.13939583333333333,0,fsk|very_noisy|19500,0
dataset_v2_clean.0_chirp_000015,3,chirp,48000,0.042666666666666665,,6.382197642613204,noisy,0.621944167068915,1.0,ambient,42,1338987503,1254712608,dataset_v2_generator-1.2,dataset_v2_clean.0,,,18995.192334448056,20647.39559762003,,8,,0.31791379104279227,0.163625,0,chirp|noisy|19000_20500,0
dataset_v2_clean.0_benign_000320,0,benign,48000,0.042666666666666665,,,,0.39248479259810054,1.4634668799905035,white,42,589361970,3902437778,dataset_v2_generator-1.2,dataset_v2_clean.0,,,,,,,band_limited_hiss,0.2136345279787255,0.16691666666666666,0,benign|band_limited_hiss|na|a40,0
dataset_v2_clean.0_benign_000151,0,benign,48000,0.042666666666666665,19122.036364390526,,,0.3404468194500041,0.34044681846556735,none,42,1195929627,1614482987,dataset_v2_generator-1.2,dataset_v2_clean.0,,,,,,,steady_ultrasonic_hum,0.32327151458340353,0.11435416666666667,0,benign|steady_ultrasonic_hum|19000|a30,0
dataset_v2_clean.0_benign_000470,0,benign,48000,0.042666666666666665,,,,0.2778784996295023,0.2778784996295023,ambient,42,701641326,2247258985,dataset_v2_generator-1.2,dataset_v2_clean.0,,,,,,,ambient,0.2967760622311648,0.18960416666666666,0,benign|ambient|a30,0
dataset_v2_clean.0_benign_000359,0,benign,48000,0.042666666666666665,,,,0.6545099317745534,2.3148215199434525,white,42,1045916888,4230789057,dataset_v2_generator-1.2,dataset_v2_clean.0,,,,,,,band_limited_hiss,0.22838535631914,0.15902083333333333,0,benign|band_limited_hiss|na|a70,0
dataset_v2_clean.0_fsk_000259,1,fsk,48000,0.042666666666666665,18970.577952295942,23.708843153172335,clean,0.6052947295613068,0.6558095668355162,ambient,42,3381140259,1087483236,dataset_v2_generator-1.2,dataset_v2_clean.0,34.78034261173321,1094.1568796340798,,,,,,0.2771953960197092,0.1069375,0,fsk|clean|19000,0
dataset_v2_clean.0_benign_000278,0,benign,48000,0.042666666666666665,,,,0.33177724365610006,0.33177724365610006,ambient,42,3645616158,1107064508,dataset_v2_generator-1.2,dataset_v2_clean.0,,,,,,,ambient,0.2706508749725548,0.1958125,1,benign|ambient|a30,0
dataset_v2_clean.0_benign_000236,0,benign,48000,0.042666666666666665,,,,0.36370018681041116,0.36370018681041116,ambient,42,3513079044,2415535198,dataset_v2_generator-1.2,dataset_v2_clean.0,,,,,,,ambient,0.32770353482615644,0.2405625,0,benign|ambient|a40,0
dataset_v2_clean.0_ook_000055,2,ook,48000,0.042666666666666665,18476.2509300625,-2.5429212796365768,very_noisy,0.7924776473735983,1.0,white,42,2004767558,1070064692,dataset_v2_generator-1.2,dataset_v2_clean.0,31.93802039780765,,,,,,,0.2598801765467439,0.1695,0,ook|very_noisy|18500,0
dataset_v2_clean.0_tone_000194,4,tone,48000,0.042666666666666665,20994.250347035933,-4.209443922934636,very_noisy,0.9120930650192882,1.0,ambient,42,3988816760,3504122268,dataset_v2_generator-1.2,dataset_v2_clean.0,,,,,,,,0.3499486796370634,0.023270833333333334,0,tone|very_noisy|21000,0
dataset_v2_clean.0_chirp_000013,3,chirp,48000,0.042666666666666665,,11.025368883936888,moderate,0.7938034924309352,1.0,white,42,727313516,1797004138,dataset_v2_generator-1.2,dataset_v2_clean.0,,,18823.748909298658,20324.672020004742,,2,,0.22126723096621867,0.125625,0,chirp|moderate|19000_20500,0
dataset_v2_clean.0_tone_000105,4,tone,48000,0.042666666666666665,20250.815745783286,5.320651469850758,noisy,0.8264970411558306,1.0,ambient,42,965581624,2154548458,dataset_v2_generator-1.2,dataset_v2_clean.0,,,,,,,,0.32960197137152397,0.2521875,0,tone|noisy|20500,0
dataset_v2_clean.0_ook_000107,2,ook,48000,0.042666666666666665,19036.9505340302,27.29332823541208,clean,0.7052799490292689,0.7462597876615178,white,42,4115692205,1750053374,dataset_v2_generator-1.2,dataset_v2_clean.0,55.12122886357963,,,,,,,0.38985931220092346,0.04933333333333333,0,ook|clean|19000,0
dataset_v2_clean.0_tone_000413,4,tone,48000,0.042666666666666665,20322.266463233333,20.14015224337775,clean,0.9752878839061618,1.0,ambient,42,3969868742,3969826737,dataset_v2_generator-1.2,dataset_v2_clean.0,,,,,,,,0.26823739368242033,0.0006458333333333333,0,tone|clean|20500,0
dataset_v2_clean.0_tone_000242,4,tone,48000,0.042666666666666665,19925.75196014283,27.566223442626864,clean,0.955305196020327,1.0,white,42,3220281478,1028800643,dataset_v2_generator-1.2,dataset_v2_clean.0,,,,,,,,0.25102587992113595,0.1743125,0,tone|clean|20000,0
dataset_v2_clean.0_fsk_000150,1,fsk,48000,0.042666666666666665,18306.211891133367,-0.35734776409014124,very_noisy,0.6674660540153835,1.0,white,42,1209089871,806270531,dataset_v2_generator-1.2,dataset_v2_clean.0,43.0603485695209,802.9591545830262,,,,,,0.31366194956730453,0.1133125,0,fsk|very_noisy|18500,0
dataset_v2_clean.0_chirp_000220,3,chirp,48000,0.042666666666666665,,17.972222126225994,moderate,0.5885342135461644,0.724825407235619,ambient,42,848553617,514648252,dataset_v2_generator-1.2,dataset_v2_clean.0,,,18334.09886497533,20723.751311233424,,5,,0.24922220272862355,0.1559375,0,chirp|moderate|18500_20500,0
dataset_v2_clean.0_benign_000439,0,benign,48000,0.042666666666666665,,-1.484571901625288,very_noisy,0.3764231241779538,0.9899713209582213,white,42,4033446805,2991809931,dataset_v2_generator-1.2,dataset_v2_clean.0,,,,,,,ambient_hf_boost,0.4032674306074972,0.33258333333333334,0,benign|ambient_hf_boost|very_noisy,0
dataset_v2_clean.0_tone_000287,4,tone,48000,0.042666666666666665,20270.328937595314,20.18161008388062,clean,0.9825601507329191,1.0,ambient,42,2035961464,3625582497,dataset_v2_generator-1.2,dataset_v2_clean.0,,,,,,,,0.3034055888826057,0.10654166666666667,0,tone|clean|20500,0
dataset_v2_clean.0_benign_000168,0,benign,48000,0.042666666666666665,,6.0738421051419245,noisy,0.22355846605463336,0.3568369561882743,white,42,4194853922,503443137,dataset_v2_generator-1.2,dataset_v2_clean.0,,,,,,,ambient_hf_boost,0.36326967141331973,0.10358333333333333,0,benign|ambient_hf_boost|noisy,0
dataset_v2_clean.0_ook_000064,2,ook,48000,0.042666666666666665,20477.48542823458,2.490421280967241,noisy,0.7176875071645348,1.0,white,42,1621913117,921262985,dataset_v2_generator-1.2,dataset_v2_clean.0,43.64118759390814,,,,,,,0.23475881862743453,0.04602083333333333,0,ook|noisy|20500,0
dataset_v2_clean.0_chirp_000399,3,chirp,48000,0.042666666666666665,,-1.1644786514140315,very_noisy,0.6024477862840402,1.0,white,42,3205924499,2645126990,dataset_v2_generator-1.2,dataset_v2_clean.0,,,18816.07778813506,20768.01657491456,,4,,0.26765870441750506,0.21329166666666666,0,chirp|very_noisy|19000_21000,0
dataset_v2_clean.0_chirp_000166,3,chirp,48000,0.042666666666666665,,2.5327439369875036,noisy,0.7971629350493332,1.0,white,42,3297781013,3215618430,dataset_v2_generator-1.2,dataset_v2_clean.0,,,18891.131902678862,20218.411415317525,,8,,0.38259720386893564,0.09441666666666666,0,chirp|noisy|19000_20000,0
dataset_v2_clean.0_benign_000248,0,benign,48000,0.042666666666666665,18714.054114899143,,,0.30974580501694127,0.3097458041980567,none,42,2449070023,1005941308,dataset_v2_generator-1.2,dataset_v2_clean.0,,,,,,,steady_ultrasonic_hum,0.41186924771475697,0.12485416666666667,0,benign|steady_ultrasonic_hum|18500|a30,0
dataset_v2_clean.0_ook_000139,2,ook,48000,0.042666666666666665,20819.974154536314,26.25241589559606,clean,0.8525809098845916,0.9144240966910856,ambient,42,1748601154,1673149981,dataset_v2_generator-1.2,dataset_v2_clean.0,60.70699500687667,,,,,,,0.319464367244591,0.18189583333333334,0,ook|clean|21000,0
dataset_v2_clean.0_chirp_000429,3,chirp,48000,0.042666666666666665,,11.690245551605454,moderate,0.7518321817360091,1.0,white,42,1634927781,546599399,dataset_v2_generator-1.2,dataset_v2_clean.0,,,18237.910381372785,20687.99533654061,,8,,0.324645732824642,0.20935416666666667,0,chirp|moderate|18000_20500,0
dataset_v2_clean.0_fsk_000219,1,fsk,48000,0.042666666666666665,18594.603279292518,19.358706394979052,moderate,0.5513134064762204,0.6830154405368253,white,42,3955639220,727242067,dataset_v2_generator-1.2,dataset_v2_clean.0,56.90013740875716,1260.5605372349237,,,,,,0.29811081503853226,0.08716666666666667,0,fsk|moderate|18500,0
dataset_v2_clean.0_fsk_000473,1,fsk,48000,0.042666666666666665,19011.237605071412,-3.913843317772165,very_noisy,0.9856539128710857,1.0,ambient,42,4092420370,1545503695,dataset_v2_generator-1.2,dataset_v2_clean.0,19.06414328664789,1483.9299113137058,,,,,,0.3569069268165053,0.2121875,0,fsk|very_noisy|19000,0
dataset_v2_clean.0_tone_000117,4,tone,48000,0.042666666666666665,19601.18210559423,21.83600563548904,clean,0.6805688159415224,0.7800236104831628,ambient,42,565736340,3327610093,dataset_v2_generator-1.2,dataset_v2_clean.0,,,,,,,,0.3712173026239871,0.035520833333333335,0,tone|clean|19500,0
dataset_v2_clean.0_chirp_000047,3,chirp,48000,0.042666666666666665,,4.502340879128611,noisy,0.814931780128513,1.0,white,42,642685809,1343219123,dataset_v2_generator-1.2,dataset_v2_clean.0,,,18872.736853367667,20775.458628244116,,4,,0.42575794812256346,0.16916666666666666,0,chirp|noisy|19000_21000,0
dataset_v2_clean.0_benign_000165,0,benign,48000,0.042666666666666665,,,,0.5422882372177542,2.4733354084375048,white,42,3257841573,3859854023,dataset_v2_generator-1.2,dataset_v2_clean.0,,,,,,,white,0.39505653838749716,0.31727083333333334,0,benign|white|a50,1
dataset_v2_clean.0_benign_000465,0,benign,48000,0.042666666666666665,,,,0.4921137412552798,2.280021118037723,white,42,2063363742,3876335586,dataset_v2_generator-1.2,dataset_v2_clean.0,,,,,,,band_limited_hiss,0.3435069795832487,0.0543125,0,benign|band_limited_hiss|na|a50,1
dataset_v2_clean.0_benign_000290,0,benign,48000,0.042666666666666665,,-2.109641651960117,very_noisy,0.42127977030002495,1.0,white,42,494884680,139698682,dataset_v2_generator-1.2,dataset_v2_clean.0,,,,,,,ambient_hf_boost,0.23479169431963196,0.008145833333333333,0,benign|ambient_hf_boost|very_noisy,0
dataset_v2_clean.0_chirp_000061,3,chirp,48000,0.042666666666666665,,-0.6389422048247084,very_noisy,0.5867696803386543,1.0,ambient,42,1876709546,327807157,dataset_v2_generator-1.2,dataset_v2_clean.0,,,18154.260542472446,20617.37311248069,,8,,0.24723710223720907,0.05229166666666667,0,chirp|very_noisy|18000_20500,0
dataset_v2_clean.0_chirp_000216,3,chirp,48000,0.042666666666666665,,4.2888744236210945,noisy,0.8697548029309599,1.0,ambient,42,1834144097,2478418153,dataset_v2_generator-1.2,dataset_v2_clean.0,,,18594.21013951356,20468.092466340415,,5,,0.40438025643323894,0.2914375,0,chirp|noisy|18500_20500,0
dataset_v2_clean.0_chirp_000269,3,chirp,48000,0.042666666666666665,,18.60680121915756,moderate,0.6383684060658747,0.7945222847590391,white,42,1652717877,729946600,dataset_v2_generator-1.2,dataset_v2_clean.0,,,18321.564983503573,20548.13883537821,,3,,0.39433697509380694,0.23602083333333335,0,chirp|moderate|18500_20500,0
dataset_v2_clean.0_chirp_000262,3,chirp,48000,0.042666666666666665,,-2.4835216183424738,very_noisy,0.8607507579396805,1.0,white,42,183612930,3956701347,dataset_v2_generator-1.2,dataset_v2_clean.0,,,18128.911460451094,20867.73450675909,,4,,0.24536978065003312,0.057354166666666664,0,chirp|very_noisy|18000_21000,0
dataset_v2_clean.0_fsk_000130,1,fsk,48000,0.042666666666666665,18621.852512480604,29.400838239712627,clean,0.7284336974232187,0.7701752882176451,ambient,42,85988921,2640403070,dataset_v2_generator-1.2,dataset_v2_clean.0,67.02028043040686,1809.528883077066,,,,,,0.25572826767053186,0.026333333333333334,0,fsk|clean|18500,0
dataset_v2_clean.0_chirp_000221,3,chirp,48000,0.042666666666666665,,17.00997766117824,moderate,0.586259901956387,0.7628087869784715,white,42,1787959249,3270508132,dataset_v2_generator-1.2,dataset_v2_clean.0,,,19205.210319746442,20967.193765798398,,4,,0.3914379801812787,0.09647916666666667,0,chirp|moderate|19000_21000,0
dataset_v2_clean.0_chirp_000489,3,chirp,48000,0.042666666666666665,,25.347667350736124,clean,0.6449166226855577,0.7284484114737031,white,42,1757734258,1303410499,dataset_v2_generator-1.2,dataset_v2_clean.0,,,19283.643152516655,20958.193014061424,,7,,0.34768292018186214,0.2671875,0,chirp|clean|19500_21000,0
dataset_v2_clean.0_tone_000069,4,tone,48000,0.042666666666666665,20590.37268602153,18.164463487550226,moderate,0.6645560295713545,0.8469692009995361,white,42,1563925687,1827733630,dataset_v2_generator-1.2,dataset_v2_clean.0,,,,,,,,0.3202101145831191,0.010895833333333334,0,tone|moderate|20500,0
dataset_v2_clean.0_chirp_000100,3,chirp,48000,0.042666666666666665,,12.80136630493349,moderate,0.6491189038097972,0.8791484263348175,ambient,42,782742531,3540721013,dataset_v2_generator-1.2,dataset_v2_clean.0,,,18813.611215571163,20693.18420974595,,5,,0.35127658828586117,0.2781875,0,chirp|moderate|19000_20500,0
dataset_v2_clean.0_fsk_000212,1,fsk,48000,0.042666666666666665,19363.148952573236,1.847285040506657,very_noisy,0.6447322012159502,1.0,white,42,698248290,370684447,dataset_v2_generator-1.2,dataset_v2_clean.0,63.17734110618113,1616.8806130660087,,,,,,0.40024910716194523,0.17404166666666668,0,fsk|very_noisy|19500,0
dataset_v2_clean.0_fsk_000003,1,fsk,48000,0.042666666666666665,19352.662649871152,25.295268759614874,clean,0.7666385753541235,0.8579442872410992,white,42,13771258,2682531787,dataset_v2_generator-1.2,dataset_v2_clean.0,19.65913240729127,826.8179004551712,,,,,,0.3048119318041285,0.07814583333333333,0,fsk|clean|19500,0
dataset_v2_clean.0_chirp_000365,3,chirp,48000,0.042666666666666665,,26.000566493274533,clean,0.6572601497939136,0.7162903876965505,ambient,42,60952981,1359382533,dataset_v2_generator-1.2,dataset_v2_clean.0,,,19229.65319229606,20776.200403272742,,4,,0.4163901442769528,0.313875,0,chirp|clean|19000_21000,0
dataset_v2_clean.0_benign_000378,0,benign,48000,0.042666666666666665,,,,0.5971621916013399,2.567580652222688,white,42,190712328,2459301685,dataset_v2_generator-1.2,dataset_v2_clean.0,,,,,,,band_limited_hiss,0.25133396764421184,0.175625,0,benign|band_limited_hiss|na|a60,0
dataset_v2_clean.0_ook_000241,2,ook,48000,0.042666666666666665,19386.8031874082,19.810165885394767,moderate,0.7755308812220807,0.8791699917681296,ambient,42,3086544397,2305882336,dataset_v2_generator-1.2,dataset_v2_clean.0,54.824518461941466,,,,,,,0.38057512541128097,0.33110416666666664,1,ook|moderate|19500,0
dataset_v2_clean.0_fsk_000035,1,fsk,48000,0.042666666666666665,18362.85423013306,6.244058179442082,noisy,0.8547901398672924,1.0,ambient,42,622810370,2418480088,dataset_v2_generator-1.2,dataset_v2_clean.0,86.81257609109335,1825.9261109345425,,,,,,0.37205703218751524,0.2938541666666667,0,fsk|noisy|18500,0
dataset_v2_clean.0_fsk_000128,1,fsk,48000,0.042666666666666665,18847.622225100695,15.633392975814774,moderate,0.9753987491889127,1.0,white,42,3346212151,2908999005,dataset_v2_generator-1.2,dataset_v2_clean.0,64.64068288382117,984.1279398207735,,,,,,0.26870957431738446,0.1000625,0,fsk|moderate|19000,0
dataset_v2_clean.0_ook_000386,2,ook,48000,0.042666666666666665,19841.720053470584,4.073195302685841,noisy,0.9749175081680919,1.0,white,42,761096872,1404794846,dataset_v2_generator-1.2,dataset_v2_clean.0,50.816226978703746,,,,,,,0.36903505189444286,0.08660416666666666,0,ook|noisy|20000,0
dataset_v2_clean.0_benign_000206,0,benign,48000,0.042666666666666665,,3.889817403670717,noisy,0.3430010673604812,0.5550648819111624,white,42,1398692159,2463903317,dataset_v2_generator-1.2,dataset_v2_clean.0,,,,,,,ambient_hf_boost,0.40314661195753304,0.21629166666666666,0,benign|ambient_hf_boost|noisy,1
dataset_v2_clean.0_ook_000070,2,ook,48000,0.042666666666666665,20142.806030144024,22.53481753813878,clean,0.8125105849687074,0.9096996316089145,white,42,3207350679,528912470,dataset_v2_generator-1.2,dataset_v2_clean.0,56.773573216899635,,,,,,,0.28267391053767466,0.058479166666666665,0,ook|clean|20000,0
dataset_v2_clean.0_tone_000130,4,tone,48000,0.042666666666666665,20824.93254836919,10.699946491949277,moderate,0.82922487329501,1.0,ambient,42,3894942910,739527202,dataset_v2_generator-1.2,dataset_v2_clean.0,,,,,,,,0.4057083498982594,0.1123125,0,tone|moderate|21000,0
dataset_v2_clean.0_benign_000187,0,benign,48000,0.042666666666666665,20413.57687174795,,,0.25261639286371385,0.25261639282266835,none,42,1572659781,3501442490,dataset_v2_generator-1.2,dataset_v2_clean.0,,,,,,,steady_ultrasonic_hum,0.36869553737886845,0.0021875,0,benign|steady_ultrasonic_hum|20500|a30,0
dataset_v2_clean.0_tone_000486,4,tone,48000,0.042666666666666665,20940.57648717749,29.738137697175013,clean,0.9174967653038315,0.9693832438373147,ambient,42,1999888853,1391497324,dataset_v2_generator-1.2,dataset_v2_clean.0,,,,,,,,0.397934208207406,0.14785416666666668,0,tone|clean|21000,0
dataset_v2_clean.0_tone_000303,4,tone,48000,0.042666666666666665,20491.0618106411,18.37876369340802,moderate,0.9944046079981226,1.0,ambient,42,4187507087,1317733506,dataset_v2_generator-1.2,dataset_v2_clean.0,,,,,,,,0.23661620821591214,0.05416666666666667,0,tone|moderate|20500,0
dataset_v2_clean.0_benign_000435,0,benign,48000,0.042666666666666665,,,,0.2436358234890007,0.2436358234890007,ambient,42,2533902318,390561465,dataset_v2_generator-1.2,dataset_v2_clean.0,,,,,,,ambient,0.39137524696916864,0.30570833333333336,2,benign|ambient|a20,0
dataset_v2_clean.0_benign_000023,0,benign,48000,0.042666666666666665,18363.450699026103,,,0.2904011789993171,0.290401178417344,none,42,1647789022,2559464799,dataset_v2_generator-1.2,dataset_v2_clean.0,,,,,,,steady_ultrasonic_hum,0.37069284607198166,0.2035,0,benign|steady_ultrasonic_hum|18500|a30,0
dataset_v2_clean.0_ook_000378,2,ook,48000,0.042666666666666665,19682.879957834237,9.658852107953615,noisy,0.859158938343298,1.0,white,42,3385685182,2611867461,dataset_v2_generator-1.2,dataset_v2_clean.0,60.54405065541937,,,,,,,0.3006488993703609,0.013020833333333334,0,ook|noisy|19500,0
dataset_v2_clean.0_tone_000474,4,tone,48000,0.042666666666666665,18650.820818982633,-4.604172579294747,very_noisy,0.6945649881688558,1.0,ambient,42,1051908199,2855659933,dataset_v2_generator-1.2,dataset_v2_clean.0,,,,,,,,0.4142254149936651,0.13795833333333332,0,tone|very_noisy|18500,0
dataset_v2_clean.0_tone_000423,4,tone,48000,0.042666666666666665,19163.0215964151,1.7176160569220986,very_noisy,0.9281693153464761,1.0,ambient,42,740734334,4051877950,dataset_v2_generator-1.2,dataset_v2_clean.0,,,,,,,,0.27606088199768564,0.052458333333333336,0,tone|very_noisy|19000,0
dataset_v2_clean.0_chirp_000118,3,chirp,48000,0.042666666666666665,,7.211962926928774,noisy,0.6598731292147946,1.0,ambient,42,916640712,3692252865,dataset_v2_generator-1.2,dataset_v2_clean.0,,,18508.316945845683,20411.50415549272,,7,,0.38633603341630984,0.25004166666666666,0,chirp|noisy|18500_20500,0
dataset_v2_clean.0_ook_000013,2,ook,48000,0.042666666666666665,20350.46593130663,16.98933107378411,moderate,0.8854855452515707,0.9944923732780782,ambient,42,4022105731,2830433309,dataset_v2_generator-1.2,dataset_v2_clean.0,38.73978377656605,,,,,,,0.4181160978846304,0.27616666666666667,0,ook|moderate|20500,0
dataset_v2_clean.0_chirp_000248,3,chirp,48000,0.042666666666666665,,18.327060977803633,moderate,0.5673741310919844,0.707937577870696,white,42,3955439313,1360010263,dataset_v2_generator-1.2,dataset_v2_clean.0,,,18633.215147831663,20262.23158229093,,5,,0.2712186028020717,0.027791666666666666,0,chirp|moderate|18500_20500,0
dataset_v2_clean.0_benign_000148,0,benign,48000,0.042666666666666665,,,,0.5165534414294534,2.326944809559723,white,42,2888186199,3927477640,dataset_v2_generator-1.2,dataset_v2_clean.0,,,,,,,white,0.24148796519313423,0.11502083333333334,0,benign|white|a50,0
dataset_v2_clean.0_benign_000129,0,benign,48000,0.042666666666666665,,,,0.5005390224444694,0.5005390224444694,ambient,42,1811115342,1981659469,dataset_v2_generator-1.2,dataset_v2_clean.0,,,,,,,ambient,0.2766206121975871,0.207125,0,benign|ambient|a50,0
dataset_v2_clean.0_fsk_000433,1,fsk,48000,0.042666666666666665,19378.431342578217,6.464819940670306,noisy,0.6880834218050162,1.0,white,42,1536372764,3023957332,dataset_v2_generator-1.2,dataset_v2_clean.0,23.723098825594917,858.2120449053764,,,,,,0.28291508342261135,0.020166666666666666,0,fsk|noisy|19500,0
dataset_v2_clean.0_benign_000397,0,benign,48000,0.042666666666666665,,,,0.2921747871201491,0.2921747871201491,ambient,42,1696921264,248890259,dataset_v2_generator-1.2,dataset_v2_clean.0,,,,,,,ambient,0.22255770683068538,0.03289583333333333,1,benign|ambient|a30,0
dataset_v2_clean.0_ook_000201,2,ook,48000,0.042666666666666665,19570.7972864627,11.98538292627051,moderate,0.6543677900645818,0.9622238363492096,white,42,2506450877,1925667632,dataset_v2_generator-1.2,dataset_v2_clean.0,58.154741663316095,,,,,,,0.2769440396256721,0.03189583333333333,0,ook|moderate|19500,0
dataset_v2_clean.0_tone_000290,4,tone,48000,0.042666666666666665,18618.959622873917,14.068732376683183,moderate,0.7265221648846006,1.0,white,42,2241828871,1639631902,dataset_v2_generator-1.2,dataset_v2_clean.0,,,,,,,,0.3878945957831488,0.22729166666666667,0,tone|moderate|18500,0
dataset_v2_clean.0_chirp_000229,3,chirp,48000,0.042666666666666665,,5.49357349435907,noisy,0.6177826203564805,1.0,ambient,42,275821516,2336076998,dataset_v2_generator-1.2,dataset_v2_clean.0,,,18856.034526472125,20680.937696124314,,2,,0.23435053648228488,0.141125,0,chirp|noisy|19000_20500,0
dataset_v2_clean.0_tone_000444,4,tone,48000,0.042666666666666665,19434.698674480627,16.984316821109054,moderate,0.9818601744017144,1.0,ambient,42,3085689851,2969100722,dataset_v2_generator-1.2,dataset_v2_clean.0,,,,,,,,0.3303653814336913,0.2698541666666667,0,tone|moderate|19500,0
dataset_v2_clean.0_benign_000292,0,benign,48000,0.042666666666666665,19169.365563819174,,,0.28590469125974266,0.2859046912005043,none,42,2641440105,2233137904,dataset_v2_generator-1.2,dataset_v2_clean.0,,,,,,,steady_ultrasonic_hum,0.2302170196563898,0.035583333333333335,0,benign|steady_ultrasonic_hum|19000|a30,0
dataset_v2_clean.0_benign_000386,0,benign,48000,0.042666666666666665,20083.558471140637,,,0.44248581850988344,0.44248581727504294,none,42,3112532869,3400130500,dataset_v2_generator-1.2,dataset_v2_clean.0,,,,,,,steady_ultrasonic_hum,0.3917581106628407,0.09210416666666667,0,benign|steady_ultrasonic_hum|20000|a40,0
dataset_v2_clean.0_ook_000449,2,ook,48000,0.042666666666666665,20236.793843079056,-1.299783887195412,very_noisy,0.7388582096505608,1.0,ambient,42,302160608,3430461446,dataset_v2_generator-1.2,dataset_v2_clean.0,51.508260238689445,,,,,,,0.34470374104137247,0.25014583333333335,0,ook|very_noisy|20000,0
dataset_v2_clean.0_tone_000467,4,tone,48000,0.042666666666666665,18316.79476832527,11.464375844600523,moderate,0.8486046148117252,1.0,white,42,2298367519,1403858557,dataset_v2_generator-1.2,dataset_v2_clean.0,,,,,,,,0.388551542964311,0.2808125,0,tone|moderate|18500,0
dataset_v2_clean.0_ook_000409,2,ook,48000,0.042666666666666665,19579.068757666773,14.381333143772999,moderate,0.8202158796497556,1.0,white,42,4177465482,1484935076,dataset_v2_generator-1.2,dataset_v2_clean.0,43.80521179289205,,,,,,,0.37013115773221805,0.20822916666666666,0,ook|moderate|19500,0
dataset_v2_clean.0_tone_000442,4,tone,48000,0.042666666666666665,20412.632997199205,18.065986183301128,moderate,0.8171006062149149,1.0,white,42,499482704,1216113070,dataset_v2_generator-1.2,dataset_v2_clean.0,,,,,,,,0.3315146265026218,0.13758333333333334,0,tone|moderate|20500,0
dataset_v2_clean.0_chirp_000238,3,chirp,48000,0.042666666666666665,,6.573675520735048,noisy,0.7102872805803493,1.0,white,42,2907970128,3639853451,dataset_v2_generator-1.2,dataset_v2_clean.0,,,18136.943700979908,20432.725283616495,,2,,0.42538947999851584,0.1796875,0,chirp|noisy|18000_20500,0
dataset_v2_clean.0_tone_000073,4,tone,48000,0.042666666666666665,19789.757998633857,2.414634809219475,noisy,0.6985470695932932,1.0,white,42,2737448618,746396992,dataset_v2_generator-1.2,dataset_v2_clean.0,,,,,,,,0.3737644392120988,0.009520833333333333,0,tone|noisy|20000,0
dataset_v2_clean.0_benign_000231,0,benign,48000,0.042666666666666665,,7.187236124997318,noisy,0.4923555426689731,0.6532536050270186,white,42,826112051,3581378878,dataset_v2_generator-1.2,dataset_v2_clean.0,,,,,,,ambient_hf_boost,0.37591044511574645,0.1251875,0,benign|ambient_hf_boost|noisy,0
dataset_v2_clean.0_chirp_000457,3,chirp,48000,0.042666666666666665,,6.526396774641484,noisy,0.6945709505935534,1.0,white,42,1861887446,1266337295,dataset_v2_generator-1.2,dataset_v2_clean.0,,,18693.562895601288,20425.81513476866,,8,,0.30759767013315453,0.03925,0,chirp|noisy|18500_20500,0
dataset_v2_clean.0_chirp_000129,3,chirp,48000,0.042666666666666665,,28.87190903001486,clean,0.8734350984122301,0.9329725617143522,ambient,42,2778092789,1148501487,dataset_v2_generator-1.2,dataset_v2_clean.0,,,18259.802352754243,20739.954375935158,,4,,0.41565804991738936,0.23445833333333332,0,chirp|clean|18500_20500,0
dataset_v2_clean.0_chirp_000219,3,chirp,48000,0.042666666666666665,,7.511604524719078,noisy,0.5923435602057653,1.0,white,42,4145538673,3197342662,dataset_v2_generator-1.2,dataset_v2_clean.0,,,18732.734222163752,20494.080708317942,,5,,0.25532375583668276,0.14845833333333333,0,chirp|noisy|18500_20500,0
dataset_v2_clean.0_tone_000037,4,tone,48000,0.042666666666666665,20171.13037406626,-1.5843075102879007,very_noisy,0.7234237917131486,1.0,ambient,42,1347212646,1055867326,dataset_v2_generator-1.2,dataset_v2_clean.0,,,,,,,,0.23521201241134007,0.12654166666666666,0,tone|very_noisy|20000,0
dataset_v2_clean.0_chirp_000266,3,chirp,48000,0.042666666666666665,,14.109484751191967,moderate,0.9244061490763872,1.0,white,42,511123674,3513469922,dataset_v2_generator-1.2,dataset_v2_clean.0,,,18502.92004232097,20799.257837955323,,6,,0.33772340479421487,0.0378125,0,chirp|moderate|18500_21000,0
dataset_v2_clean.0_chirp_000460,3,chirp,48000,0.042666666666666665,,2.0841165796108507,noisy,0.9777802674303239,1.0,ambient,42,819087829,2623274090,dataset_v2_generator-1.2,dataset_v2_clean.0,,,18311.463993298134,20578.21643878609,,7,,0.2210783324321956,0.006145833333333333,0,chirp|noisy|18500_20500,0
dataset_v2_clean.0_fsk_000005,1,fsk,48000,0.042666666666666665,19299.32457696994,28.38118860000626,clean,0.8664490106058302,0.9353100490227875,white,42,2248537184,3855881369,dataset_v2_generator-1.2,dataset_v2_clean.0,41.13271264435234,1700.6754230300612,,,,,,0.4114395650221075,0.0435,0,fsk|clean|19500,0
dataset_v2_clean.0_benign_000334,0,benign,48000,0.042666666666666665,18904.150289838835,,,0.48051240870784084,0.4805124081342629,none,42,3216568782,891354945,dataset_v2_generator-1.2,dataset_v2_clean.0,,,,,,,steady_ultrasonic_hum,0.2440716408847016,0.032875,0,benign|steady_ultrasonic_hum|19000|a50,0
dataset_v2_clean.0_benign_000372,0,benign,48000,0.042666666666666665,,11.040754942235282,moderate,0.46074962641773776,0.5563112059218603,white,42,1267550810,2666031120,dataset_v2_generator-1.2,dataset_v2_clean.0,,,,,,,ambient_hf_boost,0.413391379883736,0.3386875,0,benign|ambient_hf_boost|moderate,0
dataset_v2_clean.0_tone_000322,4,tone,48000,0.042666666666666665,19136.899325721584,2.3962162644987908,noisy,0.6276350632551098,1.0,ambient,42,2998337107,515923422,dataset_v2_generator-1.2,dataset_v2_clean.0,,,,,,,,0.33601258864607675,0.061125,0,tone|noisy|19000,0
dataset_v2_clean.0_chirp_000176,3,chirp,48000,0.042666666666666665,,29.786941412353634,clean,0.6806014084286519,0.7306612602595455,white,42,3696060199,1012981467,dataset_v2_generator-1.2,dataset_v2_clean.0,,,18254.857857979012,20318.90651272133,,4,,0.40603244011289735,0.21108333333333335,0,chirp|clean|18500_20500,0
dataset_v2_clean.0_chirp_000225,3,chirp,48000,0.042666666666666665,,3.8410469096367237,noisy,0.7798962672489919,1.0,ambient,42,351700677,4207030431,dataset_v2_generator-1.2,dataset_v2_clean.0,,,18135.81868214591,20992.771797940073,,6,,0.41377346804224613,0.3571666666666667,0,chirp|noisy|18000_21000,0
dataset_v2_clean.0_benign_000156,0,benign,48000,0.042666666666666665,,,,0.46201111527126526,1.7661979962394572,white,42,1787662352,3983642687,dataset_v2_generator-1.2,dataset_v2_clean.0,,,,,,,band_limited_hiss,0.31705048620168996,0.030729166666666665,0,benign|band_limited_hiss|na|a50,0
dataset_v2_clean.0_tone_000383,4,tone,48000,0.042666666666666665,20496.314383143643,5.432716509177355,noisy,0.9828553271029106,1.0,ambient,42,2517723131,4148515318,dataset_v2_generator-1.2,dataset_v2_clean.0,,,,,,,,0.3390300561038739,0.13310416666666666,0,tone|noisy|20500,0
dataset_v2_clean.0_fsk_000123,1,fsk,48000,0.042666666666666665,19543.0336183186,8.360475240725405,noisy,0.704165206051914,1.0,white,42,169079854,1733966971,dataset_v2_generator-1.2,dataset_v2_clean.0,45.0719117970026,1456.966381681399,,,,,,0.3970306668753081,0.17972916666666666,0,fsk|noisy|19500,0
dataset_v2_clean.0_fsk_000192,1,fsk,48000,0.042666666666666665,19109.367427413716,0.48821034281441733,very_noisy,0.6326829621136264,1.0,ambient,42,608648448,2926420768,dataset_v2_generator-1.2,dataset_v2_clean.0,83.14581193493026,1599.0770794035925,,,,,,0.23539602767089798,0.0706875,0,fsk|very_noisy|19000,0
dataset_v2_clean.0_benign_000467,0,benign,48000,0.042666666666666665,20898.077822104806,,,0.48832592259355245,0.4883259220746084,none,42,3375650122,3090749850,dataset_v2_generator-1.2,dataset_v2_clean.0,,,,,,,steady_ultrasonic_hum,0.36967200876518436,0.06297916666666667,0,benign|steady_ultrasonic_hum|21000|a50,0
dataset_v2_clean.0_benign_000209,0,benign,48000,0.042666666666666665,,,,0.4898867651056068,2.17756955728988,white,42,1191652622,1034809681,dataset_v2_generator-1.2,dataset_v2_clean.0,,,,,,,band_limited_hiss,0.3322663180912727,0.21089583333333334,0,benign|band_limited_hiss|na|a50,0
dataset_v2_clean.0_fsk_000363,1,fsk,48000,0.042666666666666665,18760.93426761577,6.889786941109705,noisy,0.8429750724114338,1.0,ambient,42,2583881191,2505335393,dataset_v2_generator-1.2,dataset_v2_clean.0,24.023823788626046,1303.1927119681059,,,,,,0.23720907502705874,0.08064583333333333,0,fsk|noisy|19000,0
dataset_v2_clean.0_ook_000304,2,ook,48000,0.042666666666666665,19228.566521496305,8.859905835942794,noisy,0.963893412622881,1.0,ambient,42,17748932,1819377682,dataset_v2_generator-1.2,dataset_v2_clean.0,36.892496046007615,,,,,,,0.34723373258959916,0.14039583333333333,0,ook|noisy|19000,0
dataset_v2_clean.0_ook_000218,2,ook,48000,0.042666666666666665,19782.865463449445,28.464956717244537,clean,0.6796571958788491,0.7107501382787961,ambient,42,3192388493,1350568257,dataset_v2_generator-1.2,dataset_v2_clean.0,52.296566853177964,,,,,,,0.3326022079231768,0.14939583333333334,0,ook|clean|20000,0
dataset_v2_clean.0_chirp_000348,3,chirp,48000,0.042666666666666665,,24.84812241828312,clean,0.8962042669427364,0.9615192076313562,ambient,42,3895724134,3857893433,dataset_v2_generator-1.2,dataset_v2_clean.0,,,18144.479859603576,20583.59797995153,,3,,0.24478542226869482,0.17583333333333334,0,chirp|clean|18000_20500,0
dataset_v2_clean.0_chirp_000065,3,chirp,48000,0.042666666666666665,,1.0552493452716565,very_noisy,0.9660898902175873,1.0,ambient,42,1773015510,3063277156,dataset_v2_generator-1.2,dataset_v2_clean.0,,,18403.066952628462,20413.325840077196,,4,,0.4151249044711356,0.36110416666666667,0,chirp|very_noisy|18500_20500,0
dataset_v2_clean.0_ook_000039,2,ook,48000,0.042666666666666665,19610.326925129844,-2.009390186471393,very_noisy,0.6109683469629823,1.0,ambient,42,7772270,4233497744,dataset_v2_generator-1.2,dataset_v2_clean.0,33.740616000624605,,,,,,,0.25670339223308525,0.03195833333333333,0,ook|very_noisy|19500,0
dataset_v2_clean.0_chirp_000106,3,chirp,48000,0.042666666666666665,,11.14975023976247,moderate,0.602793225591288,0.8967698997684883,ambient,42,2768895223,318549827,dataset_v2_generator-1.2,dataset_v2_clean.0,,,18098.739815975685,20897.95106376077,,7,,0.3852428343549162,0.1275625,0,chirp|moderate|18000_21000,0
dataset_v2_clean.0_fsk_000071,1,fsk,48000,0.042666666666666665,19039.051167246194,17.294653657245536,moderate,0.8176593411771176,1.0,white,42,4164469502,2399240085,dataset_v2_generator-1.2,dataset_v2_clean.0,67.4630472972898,1828.3173829853076,,,,,,0.4084444921694824,0.2994791666666667,0,fsk|moderate|19000,0
dataset_v2_clean.0_ook_000258,2,ook,48000,0.042666666666666665,20652.26596240527,9.147491354634031,noisy,0.9272821934956084,1.0,white,42,3533998344,2879206029,dataset_v2_generator-1.2,dataset_v2_clean.0,47.47213983960682,,,,,,,0.3685425487274609,0.2456875,0,ook|noisy|20500,0
dataset_v2_clean.0_ook_000402,2,ook,48000,0.042666666666666665,19730.26085214078,-1.0880110101988576,very_noisy,0.7602133078723077,1.0,white,42,1842399760,1524190466,dataset_v2_generator-1.2,dataset_v2_clean.0,68.59576113261843,,,,,,,0.29962856949170913,0.13122916666666667,0,ook|very_noisy|19500,0
dataset_v2_clean.0_ook_000134,2,ook,48000,0.042666666666666665,19489.444830511315,3.560426656978594,noisy,0.5810394075488133,0.9929728429783061,ambient,42,1903532194,368473469,dataset_v2_generator-1.2,dataset_v2_clean.0,57.873015693093976,,,,,,,0.2148348835936131,0.033479166666666664,0,ook|noisy|19500,0
dataset_v2_clean.0_benign_000289,0,benign,48000,0.042666666666666665,20939.414701116806,,,0.42600888948354537,0.4260088826436484,none,42,2798900030,4155132931,dataset_v2_generator-1.2,dataset_v2_clean.0,,,,,,,steady_ultrasonic_hum,0.3074428070808786,0.03025,0,benign|steady_ultrasonic_hum|21000|a40,0
dataset_v2_clean.0_chirp_000075,3,chirp,48000,0.042666666666666665,,7.126753799107025,noisy,0.8219220753311889,1.0,ambient,42,2363074109,342860942,dataset_v2_generator-1.2,dataset_v2_clean.0,,,18282.803929052494,20263.61623705557,,2,,0.34314629906066896,0.10947916666666667,0,chirp|noisy|18500_20500,0
dataset_v2_clean.0_tone_000369,4,tone,48000,0.042666666666666665,18544.83974229574,1.9085202110484412,very_noisy,0.5740762789254338,1.0,white,42,2506875375,3416181935,dataset_v2_generator-1.2,dataset_v2_clean.0,,,,,,,,0.2265106852358396,0.1793125,0,tone|very_noisy|18500,0
dataset_v2_clean.0_benign_000188,0,benign,48000,0.042666666666666665,20336.13328208981,,,0.30750293318497834,0.3075029327240221,none,42,414784175,3904426039,dataset_v2_generator-1.2,dataset_v2_clean.0,,,,,,,steady_ultrasonic_hum,0.25692532091299447,0.07816666666666666,0,benign|steady_ultrasonic_hum|20500|a30,0
dataset_v2_clean.0_tone_000336,4,tone,48000,0.042666666666666665,19068.246617716846,11.96062524017738,moderate,0.636135462105634,0.9354997973629635,ambient,42,4185825385,1284583733,dataset_v2_generator-1.2,dataset_v2_clean.0,,,,,,,,0.2774627850478101,0.1508125,0,tone|moderate|19000,0
dataset_v2_clean.0_ook_000446,2,ook,48000,0.042666666666666665,19651.737915092683,10.310702960433474,moderate,0.6705774687885718,0.9085513793349012,ambient,42,3839867791,1862449194,dataset_v2_generator-1.2,dataset_v2_clean.0,69.36388908021078,,,,,,,0.3577569976568099,0.08783333333333333,0,ook|moderate|19500,0
dataset_v2_clean.0_chirp_000488,3,chirp,48000,0.042666666666666665,,16.0455960645891,moderate,0.6008347842753732,0.7461533926806971,ambient,42,132400627,773772823,dataset_v2_generator-1.2,dataset_v2_clean.0,,,18629.9556686258,20683.798768896148,,5,,0.3183552003581184,0.09629166666666666,0,chirp|moderate|18500_20500,0
dataset_v2_clean.0_ook_000408,2,ook,48000,0.042666666666666665,18953.41133560835,-2.744334014743023,very_noisy,0.7863021846229086,1.0,white,42,1676627339,867807086,dataset_v2_generator-1.2,dataset_v2_clean.0,43.68731615438205,,,,,,,0.30306790541832834,0.15520833333333334,0,ook|very_noisy|19000,0
dataset_v2_clean.0_tone_000263,4,tone,48000,0.042666666666666665,18955.21251243139,25.270382439355096,clean,0.8401962817022697,0.9272914819518094,white,42,3894379984,4035856425,dataset_v2_generator-1.2,dataset_v2_clean.0,,,,,,,,0.4104440003495663,0.36210416666666667,0,tone|clean|19000,0
dataset_v2_clean.0_benign_000224,0,benign,48000,0.042666666666666665,,,,0.3862870106735651,0.3862870106735651,ambient,42,2846727808,2029324759,dataset_v2_generator-1.2,dataset_v2_clean.0,,,,,,,ambient,0.21542255557930612,0.0665,0,benign|ambient|a40,0
dataset_v2_clean.0_fsk_000327,1,fsk,48000,0.042666666666666665,18392.867822382075,3.0284059115094735,noisy,0.9391856953375646,1.0,white,42,982831866,3464993874,dataset_v2_generator-1.2,dataset_v2_clean.0,41.46816170580388,577.2047412111424,,,,,,0.31937422871382726,0.22491666666666665,0,fsk|noisy|18500,0
dataset_v2_clean.0_chirp_000346,3,chirp,48000,0.042666666666666665,,2.7354895180921783,noisy,0.5953637329434311,1.0,ambient,42,1002909044,2343285622,dataset_v2_generator-1.2,dataset_v2_clean.0,,,18042.65080118339,20417.66990984165,,4,,0.4067405289511477,0.04491666666666667,0,chirp|noisy|18000_20500,0
dataset_v2_clean.0_tone_000167,4,tone,48000,0.042666666666666665,18567.830016154076,-1.8872472183991977,very_noisy,0.9620204122112449,1.0,ambient,42,2016296019,2298528374,dataset_v2_generator-1.2,dataset_v2_clean.0,,,,,,,,0.22092264028407277,0.176125,0,tone|very_noisy|18500,0
dataset_v2_clean.0_benign_000205,0,benign,48000,0.042666666666666665,,,,0.621109506657553,2.458478064237634,white,42,3803451170,1397882655,dataset_v2_generator-1.2,dataset_v2_clean.0,,,,,,,band_limited_hiss,0.21780833732056562,0.10654166666666667,0,benign|band_limited_hiss|na|a60,0
dataset_v2_clean.0_tone_000003,4,tone,48000,0.042666666666666665,18978.049361282407,23.482018872946966,clean,0.6529377139467011,0.7108517307965171,ambient,42,812641259,4194245282,dataset_v2_generator-1.2,dataset_v2_clean.0,,,,,,,,0.42061385553978636,0.1914375,0,tone|clean|19000,0
dataset_v2_clean.0_fsk_000476,1,fsk,48000,0.042666666666666665,18216.611657898153,1.6958106766304635,very_noisy,0.904602896399062,1.0,white,42,2277779911,1260788097,dataset_v2_generator-1.2,dataset_v2_clean.0,47.769886474569574,498.9443290162453,,,,,,0.37117608842434324,0.20908333333333334,0,fsk|very_noisy|18000,0
dataset_v2_clean.0_fsk_000059,1,fsk,48000,0.042666666666666665,18691.477260676173,2.7322081843489627,noisy,0.5962646706319725,1.0,white,42,3158119741,1816007316,dataset_v2_generator-1.2,dataset_v2_clean.0,82.94961166708401,1590.0213293658235,,,,,,0.28271706501530625,0.18116666666666667,0,fsk|noisy|18500,0
dataset_v2_clean.0_chirp_000190,3,chirp,48000,0.042666666666666665,,20.363783124531743,clean,0.9881250760488425,1.0,ambient,42,2988129633,2526776003,dataset_v2_generator-1.2,dataset_v2_clean.0,,,19065.598317253276,20769.65041332723,,4,,0.42132175129914334,0.2683333333333333,0,chirp|clean|19000_21000,0
dataset_v2_clean.0_fsk_000127,1,fsk,48000,0.042666666666666665,19303.688458284625,23.523058717777502,clean,0.7473761670886697,0.8231968900672346,ambient,42,3485499926,47229150,dataset_v2_generator-1.2,dataset_v2_clean.0,71.20244867892337,760.6319693204241,,,,,,0.25099315829174296,0.16945833333333332,0,fsk|clean|19500,0
dataset_v2_clean.0_ook_000057,2,ook,48000,0.042666666666666665,18483.949669521102,1.9547812793735089,very_noisy,0.604241110667702,1.0,ambient,42,3778444397,590857229,dataset_v2_generator-1.2,dataset_v2_clean.0,67.3126812084322,,,,,,,0.23431591731688392,0.011229166666666667,0,ook|very_noisy|18500,0
dataset_v2_clean.0_fsk_000264,1,fsk,48000,0.042666666666666665,19133.728123999732,6.465081944658319,noisy,0.9661352202449485,1.0,white,42,2997283542,220668534,dataset_v2_generator-1.2,dataset_v2_clean.0,76.86417214767127,994.4570384942162,,,,,,0.3520902289313894,0.1473125,0,fsk|noisy|19000,0
dataset_v2_clean.0_chirp_000079,3,chirp,48000,0.042666666666666665,,-0.9421137061406784,very_noisy,0.8065863155021302,1.0,white,42,155606976,3592718459,dataset_v2_generator-1.2,dataset_v2_clean.0,,,18366.60147331499,20510.94569596157,,3,,0.3369836113502708,0.04145833333333333,0,chirp|very_noisy|18500_20500,0
dataset_v2_clean.0_ook_000042,2,ook,48000,0.042666666666666665,18759.76545869292,6.700321161322211,noisy,0.6027819334113881,0.9312510958537967,white,42,713212168,3474315045,dataset_v2_generator-1.2,dataset_v2_clean.0,65.56301606263088,,,,,,,0.21798125041462557,0.13197916666666668,0,ook|noisy|19000,0
dataset_v2_clean.0_benign_000207,0,benign,48000,0.042666666666666665,20217.060619585143,,,0.4540628207227838,0.4540628204655355,none,42,3942242307,515327533,dataset_v2_generator-1.2,dataset_v2_clean.0,,,,,,,steady_ultrasonic_hum,0.4015606443858178,0.3002708333333333,0,benign|steady_ultrasonic_hum|20000|a50,0
dataset_v2_clean.0_chirp_000307,3,chirp,48000,0.042666666666666665,,4.529173718214157,noisy,0.8156908333033313,1.0,ambient,42,931768645,922036005,dataset_v2_generator-1.2,dataset_v2_clean.0,,,18326.75475644374,20246.710218884367,,8,,0.24632777880481255,0.060458333333333336,0,chirp|noisy|18500_20000,0
dataset_v2_clean.0_benign_000265,0,benign,48000,0.042666666666666665,,,,0.2423558944344782,0.959729669583817,white,42,1338041354,1077711791,dataset_v2_generator-1.2,dataset_v2_clean.0,,,,,,,white,0.3233632465913827,0.0765,0,benign|white|a20,0
dataset_v2_clean.0_chirp_000297,3,chirp,48000,0.042666666666666665,,17.417509793164463,moderate,0.6887578218920598,0.939889841637285,white,42,2035589147,3942735991,dataset_v2_generator-1.2,dataset_v2_clean.0,,,18375.62950662459,20763.0171058595,,8,,0.407578765724393,0.33270833333333333,0,chirp|moderate|18500_21000,0
dataset_v2_clean.0_ook_000461,2,ook,48000,0.042666666666666665,19366.82520910722,4.592308374100082,noisy,0.8626664141365339,1.0,ambient,42,334784877,1654780316,dataset_v2_generator-1.2,dataset_v2_clean.0,52.12311295438121,,,,,,,0.41311300276774254,0.22275,0,ook|noisy|19500,0
dataset_v2_clean.0_chirp_000382,3,chirp,48000,0.042666666666666665,,-2.6765832832379917,very_noisy,0.7350778972043832,1.0,white,42,3272939091,2930321152,dataset_v2_generator-1.2,dataset_v2_clean.0,,,19190.277326562864,20737.943087635438,,4,,0.26740972500521626,0.11085416666666667,0,chirp|very_noisy|19000_20500,0
dataset_v2_clean.0_tone_000371,4,tone,48000,0.042666666666666665,19412.531377105002,13.984448347907048,moderate,0.7667766837468822,1.0,ambient,42,3504311438,2638696184,dataset_v2_generator-1.2,dataset_v2_clean.0,,,,,,,,0.3513862623937341,0.0015416666666666667,0,tone|moderate|19500,0
dataset_v2_clean.0_ook_000190,2,ook,48000,0.042666666666666665,19047.661354034775,12.203404899964124,moderate,0.7808960074804369,0.9910372479891989,ambient,42,2152153227,2471916729,dataset_v2_generator-1.2,dataset_v2_clean.0,44.47708317526069,,,,,,,0.33256333851182385,0.24270833333333333,0,ook|moderate|19000,0
dataset_v2_clean.0_ook_000291,2,ook,48000,0.042666666666666665,20068.794755228908,10.572308343409551,moderate,0.6058415430331188,0.7084266555610951,ambient,42,2443107599,4015971987,dataset_v2_generator-1.2,dataset_v2_clean.0,55.48219784289358,,,,,,,0.3082017376313399,0.1283125,0,ook|moderate|20000,0
dataset_v2_clean.0_chirp_000059,3,chirp,48000,0.042666666666666665,,26.175883598751994,clean,0.6888722059838643,0.7596136289138046,white,42,3834915089,4182785391,dataset_v2_generator-1.2,dataset_v2_clean.0,,,18544.705051463105,20285.124923489446,,8,,0.3253385482705815,0.214,0,chirp|clean|18500_20500,0
dataset_v2_clean.0_ook_000225,2,ook,48000,0.042666666666666665,20125.369703112192,19.368658753622803,moderate,0.5713315776746446,0.6774270392143182,white,42,1970757658,3728447288,dataset_v2_generator-1.2,dataset_v2_clean.0,64.00230004795925,,,,,,,0.29188669717698235,0.14714583333333334,0,ook|moderate|20000,0
dataset_v2_clean.0_benign_000120,0,benign,48000,0.042666666666666665,,,,0.5569452589469601,0.5569452589469601,ambient,42,3512119931,3766517961,dataset_v2_generator-1.2,dataset_v2_clean.0,,,,,,,ambient,0.416308923658458,0.31929166666666664,0,benign|ambient|a60,0
dataset_v2_clean.0_fsk_000046,1,fsk,48000,0.042666666666666665,18846.917456055657,10.564852322101226,moderate,0.976605125085682,1.0,white,42,3579417510,1392708965,dataset_v2_generator-1.2,dataset_v2_clean.0,32.27390496394119,925.2247488095345,,,,,,0.4159107033453943,0.035145833333333334,0,fsk|moderate|19000,0
dataset_v2_clean.0_ook_000131,2,ook,48000,0.042666666666666665,18566.272848113047,29.62024282923442,clean,0.6257107783861794,0.6561971728655502,white,42,2096005210,3971776411,dataset_v2_generator-1.2,dataset_v2_clean.0,57.93313430965058,,,,,,,0.2768861664633631,0.11670833333333333,0,ook|clean|18500,0
dataset_v2_clean.0_fsk_000058,1,fsk,48000,0.042666666666666665,19621.869804456674,2.6647835295544677,noisy,0.7189746054574961,1.0,ambient,42,3010758147,1006714667,dataset_v2_generator-1.2,dataset_v2_clean.0,84.49737847965092,1121.5409269342344,,,,,,0.21351201187215693,0.025958333333333333,0,fsk|noisy|19500,0
dataset_v2_clean.0_benign_000049,0,benign,48000,0.042666666666666665,20617.17994834834,,,0.3003233042820342,0.30032330382390615,none,42,4256472626,2359745756,dataset_v2_generator-1.2,dataset_v2_clean.0,,,,,,,steady_ultrasonic_hum,0.33106205623044954,0.08416666666666667,0,benign|steady_ultrasonic_hum|20500|a30,0
dataset_v2_clean.0_chirp_000422,3,chirp,48000,0.042666666666666665,,5.009044946269767,noisy,0.9704890120085863,1.0,ambient,42,4225209629,2205004604,dataset_v2_generator-1.2,dataset_v2_clean.0,,,18246.489164605024,20545.321009297946,,8,,0.24240697008504908,0.12572916666666667,0,chirp|noisy|18000_20500,0
dataset_v2_clean.0_chirp_000227,3,chirp,48000,0.042666666666666665,,24.39652070592392,clean,0.5506390927956454,0.6300824518480256,white,42,2246638104,3607269829,dataset_v2_generator-1.2,dataset_v2_clean.0,,,18533.45211418833,20624.887428404814,,2,,0.36298341829246633,0.21054166666666665,0,chirp|clean|18500_20500,0
dataset_v2_clean.0_ook_000169,2,ook,48000,0.042666666666666665,20216.12162876647,20.30615587618446,clean,0.9997417674042406,1.0,ambient,42,2893282625,2847703542,dataset_v2_generator-1.2,dataset_v2_clean.0,33.01248347419118,,,,,,,0.3558512237704555,0.012041666666666668,1,ook|clean|20000,0
dataset_v2_clean.0_tone_000070,4,tone,48000,0.042666666666666665,18378.969129670615,24.21791961118293,clean,0.7605562531288409,0.8753367837731643,white,42,4220738979,1135043327,dataset_v2_generator-1.2,dataset_v2_clean.0,,,,,,,,0.3543377933784571,0.12677083333333333,0,tone|clean|18500,0
dataset_v2_clean.0_tone_000304,4,tone,48000,0.042666666666666665,19205.692449669317,19.310578211748584,moderate,0.9245402376118158,1.0,white,42,3260430114,2842856077,dataset_v2_generator-1.2,dataset_v2_clean.0,,,,,,,,0.3693090762144061,0.05622916666666666,0,tone|moderate|19000,0
dataset_v2_clean.0_ook_000350,2,ook,48000,0.042666666666666665,20289.347413397758,5.842238361061583,noisy,0.6825052766110841,1.0,white,42,2891914573,1588880474,dataset_v2_generator-1.2,dataset_v2_clean.0,48.64816771823012,,,,,,,0.31016138975236546,0.07329166666666667,0,ook|noisy|20500,0
dataset_v2_clean.0_chirp_000327,3,chirp,48000,0.042666666666666665,,23.292766031383458,clean,0.7474043338417119,0.8812735183784364,white,42,3045528005,4235834439,dataset_v2_generator-1.2,dataset_v2_clean.0,,,19054.60311781984,20799.94514625573,,3,,0.3177761844707383,0.148625,0,chirp|clean|19000_21000,0
dataset_v2_clean.0_benign_000171,0,benign,48000,0.042666666666666665,,,,0.4126997781628995,1.7923489735168316,white,42,1021379951,3983832491,dataset_v2_generator-1.2,dataset_v2_clean.0,,,,,,,white,0.2457393458943824,0.13375,0,benign|white|a40,0
dataset_v2_clean.0_tone_000496,4,tone,48000,0.042666666666666665,20999.109203677217,16.617725502031206,moderate,0.65070876326062,0.8495394072591479,white,42,2183718072,1929570619,dataset_v2_generator-1.2,dataset_v2_clean.0,,,,,,,,0.4012860618511211,0.21972916666666667,0,tone|moderate|21000,0
dataset_v2_clean.0_tone_000387,4,tone,48000,0.042666666666666665,20652.747474661905,26.49939711584101,clean,0.9635406541560352,1.0,ambient,42,3780717488,1248203514,dataset_v2_generator-1.2,dataset_v2_clean.0,,,,,,,,0.41249022883217745,0.050395833333333334,0,tone|clean|20500,0
dataset_v2_clean.0_ook_000366,2,ook,48000,0.042666666666666665,19211.525521944684,26.139415641682827,clean,0.613204735631898,0.6412289936792646,ambient,42,326768385,4278563004,dataset_v2_generator-1.2,dataset_v2_clean.0,44.93124315675132,,,,,,,0.28328710327753837,0.10814583333333333,0,ook|clean|19000,0
dataset_v2_clean.0_tone_000232,4,tone,48000,0.042666666666666665,18601.302185224245,4.291268333763689,noisy,0.8736819574225615,1.0,ambient,42,3177437752,2239679737,dataset_v2_generator-1.2,dataset_v2_clean.0,,,,,,,,0.236150976509668,0.18885416666666666,0,tone|noisy|18500,0
dataset_v2_clean.0_chirp_000426,3,chirp,48000,0.042666666666666665,,9.987546780577254,noisy,0.8407740673488608,1.0,ambient,42,3900273613,1934587968,dataset_v2_generator-1.2,dataset_v2_clean.0,,,19049.12085243388,20725.93242110567,,2,,0.2575592350626315,0.031,0,chirp|noisy|19000_20500,0
dataset_v2_clean.0_fsk_000354,1,fsk,48000,0.042666666666666665,18880.45327853173,15.625713588839957,moderate,0.6226936267008272,0.7740614470530911,ambient,42,315331788,1892459984,dataset_v2_generator-1.2,dataset_v2_clean.0,28.82251332266808,1291.442817549214,,,,,,0.28637074959378567,0.19904166666666667,0,fsk|moderate|19000,0
dataset_v2_clean.0_ook_000120,2,ook,48000,0.042666666666666665,18658.195234379495,-4.886564793145791,very_noisy,0.6211961509168626,1.0,ambient,42,994009419,1985937971,dataset_v2_generator-1.2,dataset_v2_clean.0,38.44564848193612,,,,,,,0.2902149024718804,0.060583333333333336,0,ook|very_noisy|18500,0
dataset_v2_clean.0_tone_000142,4,tone,48000,0.042666666666666665,19190.785633586267,12.590518132222353,moderate,0.9743530873279178,1.0,white,42,7194359,2906253687,dataset_v2_generator-1.2,dataset_v2_clean.0,,,,,,,,0.38905992580199106,0.1855,0,tone|moderate|19000,0
dataset_v2_clean.0_fsk_000016,1,fsk,48000,0.042666666666666665,19787.43608008243,-4.40649418533578,very_noisy,0.8218111548238465,1.0,white,42,3659993424,1140446677,dataset_v2_generator-1.2,dataset_v2_clean.0,49.20364570468455,751.0683068959152,,,,,,0.3710072780793504,0.10310416666666666,0,fsk|very_noisy|20000,0
dataset_v2_clean.0_benign_000024,0,benign,48000,0.042666666666666665,,,,0.5353920112589238,2.083142048614349,white,42,226409240,1152561464,dataset_v2_generator-1.2,dataset_v2_clean.0,,,,,,,band_limited_hiss,0.2192504660262327,0.0543125,0,benign|band_limited_hiss|na|a50,0
dataset_v2_clean.0_chirp_000495,3,chirp,48000,0.042666666666666665,,9.26136077176578,noisy,0.997245304249144,1.0,white,42,2640126123,454513023,dataset_v2_generator-1.2,dataset_v2_clean.0,,,18626.945855406022,20225.275120875594,,6,,0.2313575301497791,0.14945833333333333,0,chirp|noisy|18500_20000,0
dataset_v2_clean.0_chirp_000105,3,chirp,48000,0.042666666666666665,,6.658723671517958,noisy,0.8945603335123453,1.0,white,42,3312452510,428313068,dataset_v2_generator-1.2,dataset_v2_clean.0,,,18834.694521225272,20493.24245339089,,5,,0.2458211568731497,0.08664583333333334,0,chirp|noisy|19000_20500,0
dataset_v2_clean.0_benign_000257,0,benign,48000,0.042666666666666665,,,,0.4062669084169922,0.4062669084169922,ambient,42,1815570250,1284342142,dataset_v2_generator-1.2,dataset_v2_clean.0,,,,,,,ambient,0.2715418613049118,0.12583333333333332,0,benign|ambient|a40,0
dataset_v2_clean.0_ook_000133,2,ook,48000,0.042666666666666665,19546.364269030502,2.0125630348924313,noisy,0.7426258128133947,1.0,white,42,4272784300,2985444645,dataset_v2_generator-1.2,dataset_v2_clean.0,63.90494129933912,,,,,,,0.22084203474140252,0.08247916666666667,0,ook|noisy|19500,0
dataset_v2_clean.0_fsk_000285,1,fsk,48000,0.042666666666666665,18949.126047632257,29.812291454945925,clean,0.8398194349951984,0.8948603783879844,white,42,4170653792,3561809377,dataset_v2_generator-1.2,dataset_v2_clean.0,69.55323536851208,1540.6427136741222,,,,,,0.22155708156850976,0.0921875,0,fsk|clean|19000,0
dataset_v2_clean.0_ook_000094,2,ook,48000,0.042666666666666665,19771.34359491021,20.873140762598823,clean,0.7084460506456366,0.7811185745807794,ambient,42,1558397850,2102997494,dataset_v2_generator-1.2,dataset_v2_clean.0,61.633402721927325,,,,,,,0.4188104080935304,0.3016041666666667,1,ook|clean|20000,0
dataset_v2_clean.0_tone_000029,4,tone,48000,0.042666666666666665,18951.89740038566,3.869114745501152,noisy,0.8097548468717584,1.0,white,42,1383954970,1240217749,dataset_v2_generator-1.2,dataset_v2_clean.0,,,,,,,,0.37948918511465396,0.1181875,0,tone|noisy|19000,0
dataset_v2_clean.0_benign_000380,0,benign,48000,0.042666666666666665,20033.659288309686,,,0.3965685054315,0.3965685037244338,none,42,2639469186,4235876589,dataset_v2_generator-1.2,dataset_v2_clean.0,,,,,,,steady_ultrasonic_hum,0.31499897909191227,0.10339583333333334,0,benign|steady_ultrasonic_hum|20000|a40,0
dataset_v2_clean.0_fsk_000369,1,fsk,48000,0.042666666666666665,18372.916123985655,23.039496331966433,clean,0.9058952933024056,1.0,white,42,2274214518,3166242472,dataset_v2_generator-1.2,dataset_v2_clean.0,31.227090950101385,1977.264128756371,,,,,,0.2809063856726595,0.096875,0,fsk|clean|18500,0
dataset_v2_clean.0_ook_000257,2,ook,48000,0.042666666666666665,19646.897244214982,-2.825986556469731,very_noisy,0.7402156219484022,1.0,ambient,42,1682343037,1711054408,dataset_v2_generator-1.2,dataset_v2_clean.0,58.567742219875925,,,,,,,0.34867806998194056,0.221875,0,ook|very_noisy|19500,0
dataset_v2_clean.0_benign_000381,0,benign,48000,0.042666666666666665,19546.14916799695,,,0.5261827885234218,0.5261827885140863,none,42,1008835772,718128576,dataset_v2_generator-1.2,dataset_v2_clean.0,,,,,,,steady_ultrasonic_hum,0.36597101427492224,0.036958333333333336,0,benign|steady_ultrasonic_hum|19500|a50,0
dataset_v2_clean.0_tone_000324,4,tone,48000,0.042666666666666665,19090.11322556386,-4.036439634959631,very_noisy,0.5885367560349202,1.0,white,42,2920173247,3589947228,dataset_v2_generator-1.2,dataset_v2_clean.0,,,,,,,,0.3516736482703717,0.040979166666666664,0,tone|very_noisy|19000,0
dataset_v2_clean.0_fsk_000481,1,fsk,48000,0.042666666666666665,18210.29000716365,2.1714273425364254,noisy,0.7468999276070127,1.0,white,42,3532473861,4185439589,dataset_v2_generator-1.2,dataset_v2_clean.0,55.68062767973507,1296.1576853663173,,,,,,0.24191166441576384,0.08422916666666666,0,fsk|noisy|18000,0
dataset_v2_clean.0_chirp_000154,3,chirp,48000,0.042666666666666665,,5.249380616373521,noisy,0.8228110918653933,1.0,white,42,1309662634,3725950199,dataset_v2_generator-1.2,dataset_v2_clean.0,,,18534.92127511547,20506.587552121768,,4,,0.359081423027862,0.16397916666666668,0,chirp|noisy|18500_20500,0
dataset_v2_clean.0_ook_000274,2,ook,48000,0.042666666666666665,19312.3075213564,-1.243516534851472,very_noisy,0.6392054648495081,1.0,ambient,42,2161216057,3682023614,dataset_v2_generator-1.2,dataset_v2_clean.0,68.62356543923553,,,,,,,0.3473583455664391,0.12654166666666666,0,ook|very_noisy|19500,0
dataset_v2_clean.0_benign_000362,0,benign,48000,0.042666666666666665,,,,0.4858999215460432,2.0432788134143935,white,42,3674658900,1524261429,dataset_v2_generator-1.2,dataset_v2_clean.0,,,,,,,band_limited_hiss,0.29131585942703847,0.24804166666666666,0,benign|band_limited_hiss|na|a50,0
dataset_v2_clean.0_tone_000402,4,tone,48000,0.042666666666666665,20485.47726176639,29.768981123191175,clean,0.8450209976087695,0.9030616811931826,white,42,1431093844,229326062,dataset_v2_generator-1.2,dataset_v2_clean.0,,,,,,,,0.3594392719750264,0.17541666666666667,0,tone|clean|20500,0
dataset_v2_clean.0_fsk_000167,1,fsk,48000,0.042666666666666665,18895.951103145595,23.88906958921317,clean,0.7229789906187956,0.7975232592959572,ambient,42,3950366258,3739594795,dataset_v2_generator-1.2,dataset_v2_clean.0,24.42136772771026,1703.830199153781,,,,,,0.4104388447241872,0.024625,0,fsk|clean|19000,0
dataset_v2_clean.0_chirp_000459,3,chirp,48000,0.042666666666666665,,-2.6749664862909563,very_noisy,0.6743718750186345,1.0,ambient,42,932313421,3423449764,dataset_v2_generator-1.2,dataset_v2_clean.0,,,18794.93295691408,20250.414402529146,,7,,0.23376168355149685,0.03729166666666667,0,chirp|very_noisy|19000_20500,0
dataset_v2_clean.0_benign_000371,0,benign,48000,0.042666666666666665,,18.38083044713011,moderate,0.41081647103336083,0.44302097223224035,white,42,1809011024,2295022119,dataset_v2_generator-1.2,dataset_v2_clean.0,,,,,,,ambient_hf_boost,0.3749361110571361,0.13608333333333333,0,benign|ambient_hf_boost|moderate,0
dataset_v2_clean.0_fsk_000418,1,fsk,48000,0.042666666666666665,19354.348105922512,-0.7453045639338232,very_noisy,0.7727696547798941,1.0,ambient,42,1681842591,2061708098,dataset_v2_generator-1.2,dataset_v2_clean.0,36.27005482702048,1645.6518940774877,,,,,,0.333247637900199,0.17314583333333333,0,fsk|very_noisy|19500,0
dataset_v2_clean.0_fsk_000262,1,fsk,48000,0.042666666666666665,18837.926455418237,28.067774428860517,clean,0.7036227023061195,0.7477098448151903,ambient,42,1841242010,462487878,dataset_v2_generator-1.2,dataset_v2_clean.0,73.19448999685633,1156.0653254434983,,,,,,0.2929078449074875,0.118875,0,fsk|clean|19000,0
dataset_v2_clean.0_ook_000171,2,ook,48000,0.042666666666666665,19280.000582750334,-1.0825414380124614,very_noisy,0.6814241232110138,1.0,white,42,3886080904,588821728,dataset_v2_generator-1.2,dataset_v2_clean.0,46.65707159962032,,,,,,,0.3494659597970637,0.17389583333333333,0,ook|very_noisy|19500,0
dataset_v2_clean.0_fsk_000008,1,fsk,48000,0.042666666666666665,19641.397517046564,-4.013161212995451,very_noisy,0.7207998952095528,1.0,ambient,42,1636764939,2234664573,dataset_v2_generator-1.2,dataset_v2_clean.0,38.99342614929331,1358.6024829534363,,,,,,0.35632192376890287,0.1701875,0,fsk|very_noisy|19500,0
dataset_v2_clean.0_benign_000287,0,benign,48000,0.042666666666666665,,,,0.38240611172091155,1.687362578052327,white,42,2445593783,2103045972,dataset_v2_generator-1.2,dataset_v2_clean.0,,,,,,,band_limited_hiss,0.24411696616780595,0.008770833333333334,0,benign|band_limited_hiss|na|a40,0
dataset_v2_clean.0_chirp_000413,3,chirp,48000,0.042666666666666665,,-3.3625482936141196,very_noisy,0.6606875827606167,1.0,white,42,2745156890,3239248694,dataset_v2_generator-1.2,dataset_v2_clean.0,,,19155.66644046001,20918.396543656065,,3,,0.42089850950487673,0.3709375,0,chirp|very_noisy|19000_21000,0
dataset_v2_clean.0_chirp_000412,3,chirp,48000,0.042666666666666665,,1.3411780120576093,very_noisy,0.7938482409363737,1.0,ambient,42,2605234261,3783253653,dataset_v2_generator-1.2,dataset_v2_clean.0,,,18019.871730289477,20329.653220851254,,6,,0.35974610207785834,0.21558333333333332,0,chirp|very_noisy|18000_20500,0
dataset_v2_clean.0_ook_000391,2,ook,48000,0.042666666666666665,18451.48815075492,8.077844678475351,noisy,0.7613133696260279,1.0,white,42,3193508442,1646882271,dataset_v2_generator-1.2,dataset_v2_clean.0,62.41048955340263,,,,,,,0.41686275069473816,0.31054166666666666,0,ook|noisy|18500,0
dataset_v2_clean.0_fsk_000451,1,fsk,48000,0.042666666666666665,18961.67919783242,15.492977901399094,moderate,0.7236310099596553,1.0,white,42,838593475,1501397607,dataset_v2_generator-1.2,dataset_v2_clean.0,26.671857602356543,1981.663400663001,,,,,,0.2629019004126476,0.06516666666666666,0,fsk|moderate|19000,0
dataset_v2_clean.0_chirp_000211,3,chirp,48000,0.042666666666666665,,14.419457057400482,moderate,0.6217425980047376,0.8295766395245201,ambient,42,3317201292,1330000048,dataset_v2_generator-1.2,dataset_v2_clean.0,,,18449.398088530415,20226.220997463945,,4,,0.33621295744104857,0.11666666666666667,0,chirp|moderate|18500_20000,0
dataset_v2_clean.0_tone_000057,4,tone,48000,0.042666666666666665,18479.57352693202,8.294407161490057,noisy,0.6552193396040975,1.0,ambient,42,1328213002,2999848625,dataset_v2_generator-1.2,dataset_v2_clean.0,,,,,,,,0.286640437694192,0.22475,0,tone|noisy|18500,0
dataset_v2_clean.0_benign_000295,0,benign,48000,0.042666666666666665,,,,0.5886665404381763,2.4589868276290963,white,42,128095143,532690759,dataset_v2_generator-1.2,dataset_v2_clean.0,,,,,,,band_limited_hiss,0.3393772932074205,0.09520833333333334,0,benign|band_limited_hiss|na|a60,0
dataset_v2_clean.0_benign_000131,0,benign,48000,0.042666666666666665,,,,0.5596479896624567,2.5574041067975957,white,42,749451895,1204625015,dataset_v2_generator-1.2,dataset_v2_clean.0,,,,,,,band_limited_hiss,0.2999353743696591,0.1543125,0,benign|band_limited_hiss|na|a60,0
dataset_v2_clean.0_benign_000457,0,benign,48000,0.042666666666666665,,,,0.5464305309440931,2.058137307483007,white,42,1396849830,1427580165,dataset_v2_generator-1.2,dataset_v2_clean.0,,,,,,,band_limited_hiss,0.41107551747223514,0.24477083333333333,0,benign|band_limited_hiss|na|a50,0
dataset_v2_clean.0_benign_000280,0,benign,48000,0.042666666666666665,,,,0.6268613058212684,2.5983728463732554,white,42,3497838919,1016162254,dataset_v2_generator-1.2,dataset_v2_clean.0,,,,,,,band_limited_hiss,0.2966944978139855,0.0553125,0,benign|band_limited_hiss|na|a60,0
dataset_v2_clean.0_ook_000161,2,ook,48000,0.042666666666666665,20141.874422490313,-0.6634267395004203,very_noisy,0.8545513728726222,1.0,white,42,2464368606,1406961101,dataset_v2_generator-1.2,dataset_v2_clean.0,36.45629383971836,,,,,,,0.35267383451548723,0.20727083333333332,0,ook|very_noisy|20000,0
dataset_v2_clean.0_chirp_000250,3,chirp,48000,0.042666666666666665,,6.910238736064553,noisy,0.6055712369502174,1.0,ambient,42,3673929094,1094367172,dataset_v2_generator-1.2,dataset_v2_clean.0,,,18758.595283015566,20445.588800556954,,4,,0.2311491768140765,0.03277083333333333,0,chirp|noisy|19000_20500,0
dataset_v2_clean.0_fsk_000425,1,fsk,48000,0.042666666666666665,18638.15660825593,23.376896593646386,clean,0.6053058578673306,0.6828751307591802,white,42,3609811897,4156982329,dataset_v2_generator-1.2,dataset_v2_clean.0,57.86255427507726,1042.8035102716494,,,,,,0.37306314491484205,0.13229166666666667,0,fsk|clean|18500,0
dataset_v2_clean.0_fsk_000122,1,fsk,48000,0.042666666666666665,18997.161885022935,-4.350912281914335,very_noisy,0.9560866956320058,1.0,ambient,42,2912243183,1765445377,dataset_v2_generator-1.2,dataset_v2_clean.0,33.69287778963993,1538.5983183214266,,,,,,0.24945372523281112,0.08525,0,fsk|very_noisy|19000,0
dataset_v2_clean.0_fsk_000490,1,fsk,48000,0.042666666666666665,18373.584957910334,4.962229215371233,noisy,0.8202612028223581,1.0,ambient,42,3166748440,86082409,dataset_v2_generator-1.2,dataset_v2_clean.0,63.701490275289245,567.707882220333,,,,,,0.41266990202561216,0.24204166666666665,0,fsk|noisy|18500,0
dataset_v2_clean.0_fsk_000306,1,fsk,48000,0.042666666666666665,18908.461623956882,29.449672062668455,clean,0.6853294554656828,0.722115777343644,ambient,42,2371592332,2850667554,dataset_v2_generator-1.2,dataset_v2_clean.0,45.52259669236093,998.778363418427,,,,,,0.280978764913879,0.0794375,0,fsk|clean|19000,0
dataset_v2_clean.0_tone_000259,4,tone,48000,0.042666666666666665,18927.500253595907,-2.4181651700883195,very_noisy,0.7074211723236483,1.0,ambient,42,1726833695,3276723806,dataset_v2_generator-1.2,dataset_v2_clean.0,,,,,,,,0.3992046099869784,0.28089583333333334,0,tone|very_noisy|19000,0
dataset_v2_clean.0_tone_000077,4,tone,48000,0.042666666666666665,18676.454750269422,-0.5195526333245732,very_noisy,0.7765825295401212,1.0,white,42,570816759,441623758,dataset_v2_generator-1.2,dataset_v2_clean.0,,,,,,,,0.4009345245277803,0.199375,0,tone|very_noisy|18500,0
dataset_v2_clean.0_chirp_000438,3,chirp,48000,0.042666666666666665,,7.43281602789688,noisy,0.6407903570186346,1.0,white,42,2078069129,4036484687,dataset_v2_generator-1.2,dataset_v2_clean.0,,,18792.567674255,20206.00213404066,,7,,0.3546855298765436,0.08389583333333334,0,chirp|noisy|19000_20000,0
dataset_v2_clean.0_benign_000226,0,benign,48000,0.042666666666666665,,,,0.44996928035087835,0.44996928035087835,ambient,42,4263056522,1026985336,dataset_v2_generator-1.2,dataset_v2_clean.0,,,,,,,ambient,0.4221221148506452,0.037270833333333336,1,benign|ambient|a40,0
dataset_v2_clean.0_tone_000339,4,tone,48000,0.042666666666666665,20949.90942339376,25.16841529311083,clean,0.9629585094198898,1.0,ambient,42,3427855283,2246654855,dataset_v2_generator-1.2,dataset_v2_clean.0,,,,,,,,0.2816316759751257,0.1524375,0,tone|clean|21000,0
dataset_v2_clean.0_ook_000281,2,ook,48000,0.042666666666666665,20527.63757943367,16.312019685052245,moderate,0.8971448308519269,1.0,ambient,42,1396332883,2636792784,dataset_v2_generator-1.2,dataset_v2_clean.0,65.64294916949754,,,,,,,0.2907919590301833,0.19641666666666666,0,ook|moderate|20500,0
dataset_v2_clean.0_fsk_000280,1,fsk,48000,0.042666666666666665,19522.57884238453,8.396185124767559,noisy,0.7727150329927068,1.0,ambient,42,3740120624,2749997085,dataset_v2_generator-1.2,dataset_v2_clean.0,36.772320312310484,1477.4211576154703,,,,,,0.2185033404814713,0.12566666666666668,0,fsk|noisy|19500,0
dataset_v2_clean.0_chirp_000475,3,chirp,48000,0.042666666666666665,,5.477580521753113,noisy,0.984007130333246,1.0,white,42,1930644372,248561563,dataset_v2_generator-1.2,dataset_v2_clean.0,,,18635.267547334115,20675.486818116766,,3,,0.4192704349131718,0.312,0,chirp|noisy|18500_20500,0
dataset_v2_clean.0_fsk_000422,1,fsk,48000,0.042666666666666665,18592.605509368404,17.09100869783544,moderate,0.7755045214479235,1.0,white,42,522206959,1801871557,dataset_v2_generator-1.2,dataset_v2_clean.0,88.6854582463033,670.5955404851629,,,,,,0.4126551037416545,0.3067708333333333,0,fsk|moderate|18500,0
dataset_v2_clean.0_benign_000246,0,benign,48000,0.042666666666666665,,13.66359676284236,moderate,0.3418077243674339,0.3829697203697935,white,42,2157078829,464176270,dataset_v2_generator-1.2,dataset_v2_clean.0,,,,,,,ambient_hf_boost,0.2606097636665824,0.0138125,0,benign|ambient_hf_boost|moderate,0
dataset_v2_clean.0_benign_000162,0,benign,48000,0.042666666666666665,,4.53122458183379,noisy,0.3090081650103431,0.4586308926413367,white,42,3590316501,1700863951,dataset_v2_generator-1.2,dataset_v2_clean.0,,,,,,,ambient_hf_boost,0.26470969988698667,0.05589583333333333,0,benign|ambient_hf_boost|noisy,0
dataset_v2_clean.0_benign_000116,0,benign,48000,0.042666666666666665,,,,0.44491250279213035,1.7392646455229277,white,42,527333365,1429382368,dataset_v2_generator-1.2,dataset_v2_clean.0,,,,,,,band_limited_hiss,0.3018397310334306,0.0885625,0,benign|band_limited_hiss|na|a40,0
dataset_v2_clean.0_benign_000212,0,benign,48000,0.042666666666666665,,,,0.597686653023464,2.3706335885998104,white,42,2291505359,2092736046,dataset_v2_generator-1.2,dataset_v2_clean.0,,,,,,,band_limited_hiss,0.294942989336982,0.14016666666666666,0,benign|band_limited_hiss|na|a60,0
dataset_v2_clean.0_tone_000265,4,tone,48000,0.042666666666666665,18817.40178092161,7.731253850737959,noisy,0.5736959200354328,1.0,white,42,2952750110,2046075968,dataset_v2_generator-1.2,dataset_v2_clean.0,,,,,,,,0.2274654205158467,0.0483125,0,tone|noisy|19000,0
dataset_v2_clean.0_tone_000260,4,tone,48000,0.042666666666666665,19057.580189563356,23.75695512410756,clean,0.6071455157568493,0.6815564661278177,ambient,42,2884197968,1301351953,dataset_v2_generator-1.2,dataset_v2_clean.0,,,,,,,,0.2728672864458255,0.0603125,0,tone|clean|19000,0
dataset_v2_clean.0_ook_000458,2,ook,48000,0.042666666666666665,19194.69545253486,0.45643600118295247,very_noisy,0.6341742663703156,1.0,white,42,3620160298,1020441130,dataset_v2_generator-1.2,dataset_v2_clean.0,54.60946627593998,,,,,,,0.32672635341536843,0.1705625,0,ook|very_noisy|19000,0
dataset_v2_clean.0_tone_000291,4,tone,48000,0.042666666666666665,20184.677693415764,17.697204016423765,moderate,0.6046862665693271,0.7892666363396865,white,42,3603465112,3313131913,dataset_v2_generator-1.2,dataset_v2_clean.0,,,,,,,,0.3764265962324413,0.33329166666666665,0,tone|moderate|20000,0
dataset_v2_clean.0_chirp_000012,3,chirp,48000,0.042666666666666665,,-3.643582554075163,very_noisy,0.8028024079619027,1.0,white,42,3598910589,969452571,dataset_v2_generator-1.2,dataset_v2_clean.0,,,19284.657984011763,20574.35244898346,,5,,0.37743233425053113,0.005520833333333333,0,chirp|very_noisy|19500_20500,0
dataset_v2_clean.0_chirp_000174,3,chirp,48000,0.042666666666666665,,3.8454720551274297,noisy,0.8251532433984672,1.0,ambient,42,2866044221,2964677271,dataset_v2_generator-1.2,dataset_v2_clean.0,,,18428.329151087408,20228.17807158922,,3,,0.36735426868028526,0.07902083333333333,0,chirp|noisy|18500_20000,0
dataset_v2_clean.0_ook_000342,2,ook,48000,0.042666666666666665,20102.859437901563,6.100865907096049,noisy,0.96551605737031,1.0,white,42,3828557127,3160816099,dataset_v2_generator-1.2,dataset_v2_clean.0,47.48138300321334,,,,,,,0.2524099680380234,0.0269375,0,ook|noisy|20000,0
dataset_v2_clean.0_benign_000137,0,benign,48000,0.042666666666666665,,,,0.5885914020270038,2.2561059522144706,white,42,4214115598,1081198200,dataset_v2_generator-1.2,dataset_v2_clean.0,,,,,,,band_limited_hiss,0.24481667230795112,0.05339583333333333,0,benign|band_limited_hiss|na|a60,0
dataset_v2_clean.0_ook_000128,2,ook,48000,0.042666666666666665,19295.944528341646,14.900806256981792,moderate,0.6550770425222664,0.8394514281401996,ambient,42,3065961079,2850546630,dataset_v2_generator-1.2,dataset_v2_clean.0,55.87157852555406,,,,,,,0.24524335199356767,0.1706875,0,ook|moderate|19500,0
dataset_v2_clean.0_tone_000137,4,tone,48000,0.042666666666666665,20565.061531066644,1.6599428753015104,very_noisy,0.6150942569901316,1.0,ambient,42,3955954474,2702670406,dataset_v2_generator-1.2,dataset_v2_clean.0,,,,,,,,0.24546245432248895,0.14166666666666666,0,tone|very_noisy|20500,0
dataset_v2_clean.0_benign_000460,0,benign,48000,0.042666666666666665,19674.375201204362,,,0.49906678588186765,0.4990667801554469,none,42,2928503086,1369267007,dataset_v2_generator-1.2,dataset_v2_clean.0,,,,,,,steady_ultrasonic_hum,0.329416278963057,0.22854166666666667,0,benign|steady_ultrasonic_hum|19500|a50,0
dataset_v2_clean.0_chirp_000371,3,chirp,48000,0.042666666666666665,,1.9677748574717446,very_noisy,0.9633718746288176,1.0,ambient,42,2613179648,1865322313,dataset_v2_generator-1.2,dataset_v2_clean.0,,,18131.41339997877,20558.275021667836,,5,,0.2546087809843872,0.2044375,0,chirp|very_noisy|18000_20500,0
dataset_v2_clean.0_chirp_000317,3,chirp,48000,0.042666666666666665,,29.034285778265225,clean,0.924069050709579,0.9912961483642133,white,42,2851089840,2140606263,dataset_v2_generator-1.2,dataset_v2_clean.0,,,18904.801885985617,20938.27583227067,,2,,0.42359504599971143,0.05604166666666666,0,chirp|clean|19000_21000,0
dataset_v2_clean.0_fsk_000095,1,fsk,48000,0.042666666666666665,19289.67825116493,9.485684785928992,noisy,0.5694967676959096,0.857379001044887,ambient,42,441034353,3911080589,dataset_v2_generator-1.2,dataset_v2_clean.0,51.28195143896253,1710.321748835071,,,,,,0.2942008327434662,0.12141666666666667,0,fsk|noisy|19500,0
dataset_v2_clean.0_chirp_000334,3,chirp,48000,0.042666666666666665,,13.992881641013014,moderate,0.6657504449066813,0.9651119166876554,white,42,1112556553,127392741,dataset_v2_generator-1.2,dataset_v2_clean.0,,,18269.282892780247,20224.751986888423,,7,,0.2852371263575417,0.11185416666666667,0,chirp|moderate|18500_20000,0
dataset_v2_clean.0_ook_000417,2,ook,48000,0.042666666666666665,19390.15390347,2.929827148272519,noisy,0.8829655075424179,1.0,white,42,3645807088,3765387106,dataset_v2_generator-1.2,dataset_v2_clean.0,36.5716066390909,,,,,,,0.3008641217407678,0.03308333333333333,0,ook|noisy|19500,0
dataset_v2_clean.0_tone_000140,4,tone,48000,0.042666666666666665,19415.58987286082,-3.499800477533608,very_noisy,0.8880260457324861,1.0,white,42,1008258110,1217743049,dataset_v2_generator-1.2,dataset_v2_clean.0,,,,,,,,0.21723826056461204,0.13689583333333333,0,tone|very_noisy|19500,0
dataset_v2_clean.0_fsk_000066,1,fsk,48000,0.042666666666666665,18848.4843682618,20.830383625635303,clean,0.7514127772110425,0.9074042772893873,white,42,1374813668,2392439481,dataset_v2_generator-1.2,dataset_v2_clean.0,28.932805267808085,1894.083741619219,,,,,,0.3207262593201127,0.27289583333333334,0,fsk|clean|19000,0
dataset_v2_clean.0_fsk_000486,1,fsk,48000,0.042666666666666665,19360.981280595825,25.60143960322032,clean,0.7940370572999402,0.8845825336027172,white,42,1714187624,3484135979,dataset_v2_generator-1.2,dataset_v2_clean.0,55.218148081821845,598.4831712585801,,,,,,0.37102743252786785,0.3172916666666667,0,fsk|clean|19500,0
dataset_v2_clean.0_benign_000097,0,benign,48000,0.042666666666666665,,,,0.43199463959356144,0.43199463959356144,ambient,42,3149546730,3168618729,dataset_v2_generator-1.2,dataset_v2_clean.0,,,,,,,ambient,0.28445423669881265,0.23252083333333334,2,benign|ambient|a40,0
dataset_v2_clean.0_ook_000371,2,ook,48000,0.042666666666666665,19048.00293968755,7.23818593359637,noisy,0.6999008106769524,1.0,ambient,42,1317610832,4256438257,dataset_v2_generator-1.2,dataset_v2_clean.0,66.11486689882697,,,,,,,0.4199923031851952,0.23241666666666666,0,ook|noisy|19000,0
dataset_v2_clean.0_tone_000334,4,tone,48000,0.042666666666666665,20096.71916335901,-4.919999680915506,very_noisy,0.9241571442775429,1.0,ambient,42,2480400061,1583313545,dataset_v2_generator-1.2,dataset_v2_clean.0,,,,,,,,0.3931281742429127,0.22079166666666666,0,tone|very_noisy|20000,0
dataset_v2_clean.0_chirp_000449,3,chirp,48000,0.042666666666666665,,0.7277619129282575,very_noisy,0.9126385386815659,1.0,ambient,42,2744271009,629459721,dataset_v2_generator-1.2,dataset_v2_clean.0,,,19003.43673615771,20363.543606480478,,5,,0.378087798954209,0.2763541666666667,0,chirp|very_noisy|19000_20500,0
dataset_v2_clean.0_fsk_000398,1,fsk,48000,0.042666666666666665,19774.642801761303,3.4726587430981377,noisy,0.6364815265786895,1.0,ambient,42,3759071044,405135830,dataset_v2_generator-1.2,dataset_v2_clean.0,41.49902790569495,1225.3571982386966,,,,,,0.4254398464875447,0.09066666666666667,0,fsk|noisy|20000,0
dataset_v2_clean.0_ook_000093,2,ook,48000,0.042666666666666665,20550.679923765423,-3.522664644265208,very_noisy,0.7929958827728314,1.0,ambient,42,2718095249,1825698903,dataset_v2_generator-1.2,dataset_v2_clean.0,31.369457605795695,,,,,,,0.3198071422157489,0.0058125,0,ook|very_noisy|20500,0
dataset_v2_clean.0_ook_000407,2,ook,48000,0.042666666666666665,19117.79409281511,4.039565326266438,noisy,0.604652857341711,1.0,ambient,42,2429122831,4061459642,dataset_v2_generator-1.2,dataset_v2_clean.0,57.33593873861235,,,,,,,0.37254698125707664,0.012833333333333334,1,ook|noisy|19000,0
dataset_v2_clean.0_benign_000235,0,benign,48000,0.042666666666666665,,,,0.6811106145990374,2.911047885244508,white,42,1408618618,1810115365,dataset_v2_generator-1.2,dataset_v2_clean.0,,,,,,,band_limited_hiss,0.4202722703409544,0.16810416666666667,0,benign|band_limited_hiss|na|a70,0
dataset_v2_clean.0_fsk_000387,1,fsk,48000,0.042666666666666665,19423.53858149387,-4.845583771022269,very_noisy,0.6840134491657373,1.0,white,42,479476136,2783866959,dataset_v2_generator-1.2,dataset_v2_clean.0,75.36938990862569,1009.7851426353518,,,,,,0.21748247338834822,0.07564583333333333,0,fsk|very_noisy|19500,0
dataset_v2_clean.0_benign_000153,0,benign,48000,0.042666666666666665,,,,0.34441228192014506,1.5692398958213023,white,42,2087615494,960313947,dataset_v2_generator-1.2,dataset_v2_clean.0,,,,,,,white,0.3260612005265102,0.10845833333333334,0,benign|white|a30,0
dataset_v2_clean.0_fsk_000308,1,fsk,48000,0.042666666666666665,18703.092025597845,3.708012357060336,noisy,0.6897981685367504,1.0,ambient,42,3502398606,1294601654,dataset_v2_generator-1.2,dataset_v2_clean.0,66.47313257418487,409.44371523670634,,,,,,0.3828394202957676,0.06404166666666666,0,fsk|noisy|18500,0
dataset_v2_clean.0_benign_000021,0,benign,48000,0.042666666666666665,,,,0.44241094119591506,1.728666152949034,white,42,48600326,3878754367,dataset_v2_generator-1.2,dataset_v2_clean.0,,,,,,,band_limited_hiss,0.2907202739796597,0.09591666666666666,0,benign|band_limited_hiss|na|a40,0
dataset_v2_clean.0_benign_000431,0,benign,48000,0.042666666666666665,,22.968347914623575,clean,0.15865597929941266,0.16416391202690248,white,42,3299826231,261512353,dataset_v2_generator-1.2,dataset_v2_clean.0,,,,,,,ambient_hf_boost,0.3380855897805852,0.03939583333333333,4,benign|ambient_hf_boost|clean,0
dataset_v2_clean.0_fsk_000276,1,fsk,48000,0.042666666666666665,18458.36224426629,4.447113365845749,noisy,0.7704604949792124,1.0,white,42,364611127,3009820947,dataset_v2_generator-1.2,dataset_v2_clean.0,86.14205896147861,1453.1519919047787,,,,,,0.3163716034254123,0.19385416666666666,0,fsk|noisy|18500,0
dataset_v2_clean.0_benign_000170,0,benign,48000,0.042666666666666665,,,,0.4720019598171469,0.4720019598171469,ambient,42,504231697,3289075755,dataset_v2_generator-1.2,dataset_v2_clean.0,,,,,,,ambient,0.3145403338358017,0.013229166666666667,4,benign|ambient|a50,0
dataset_v2_clean.0_tone_000067,4,tone,48000,0.042666666666666665,19038.3337353559,-4.2711531512274075,very_noisy,0.9176922422432958,1.0,white,42,3824609981,2791044455,dataset_v2_generator-1.2,dataset_v2_clean.0,,,,,,,,0.2544334932916328,0.02654166666666667,0,tone|very_noisy|19000,0
dataset_v2_clean.0_chirp_000379,3,chirp,48000,0.042666666666666665,,25.49926378197076,clean,0.605868599728509,0.6725424407470676,white,42,1202177954,4032790109,dataset_v2_generator-1.2,dataset_v2_clean.0,,,18936.216534017483,20856.63972379675,,7,,0.37728399698598186,0.06897916666666666,0,chirp|clean|19000_21000,0
dataset_v2_clean.0_ook_000101,2,ook,48000,0.042666666666666665,20936.067951410652,4.834376623623313,noisy,0.8474821137225897,1.0,white,42,993635016,3531139958,dataset_v2_generator-1.2,dataset_v2_clean.0,51.27812724014693,,,,,,,0.34060493314648504,0.26860416666666664,0,ook|noisy|21000,0
dataset_v2_clean.0_tone_000218,4,tone,48000,0.042666666666666665,19959.288846575662,4.919805770790449,noisy,0.6082869705477192,1.0,white,42,1570632013,1301679544,dataset_v2_generator-1.2,dataset_v2_clean.0,,,,,,,,0.32226455125269987,0.22735416666666666,0,tone|noisy|20000,0
dataset_v2_clean.0_fsk_000439,1,fsk,48000,0.042666666666666665,18747.225620793648,24.68599713420005,clean,0.7616477516892121,0.8400236342284018,white,42,3814380501,1651456152,dataset_v2_generator-1.2,dataset_v2_clean.0,23.5750756269689,2121.7081824230117,,,,,,0.2508901885219673,0.15816666666666668,0,fsk|clean|18500,0
dataset_v2_clean.0_tone_000166,4,tone,48000,0.042666666666666665,20845.881183328638,2.9421577728107273,noisy,0.867745516977134,1.0,white,42,3983533830,2144335037,dataset_v2_generator-1.2,dataset_v2_clean.0,,,,,,,,0.37514340757324377,0.028895833333333332,0,tone|noisy|21000,0
dataset_v2_clean.0_fsk_000088,1,fsk,48000,0.042666666666666665,19658.004817825225,16.332204420787093,moderate,0.9774590258730209,1.0,white,42,1977745978,2277999520,dataset_v2_generator-1.2,dataset_v2_clean.0,20.229748093178273,882.3129078536949,,,,,,0.25474579297314404,0.10072916666666666,0,fsk|moderate|19500,0
dataset_v2_clean.0_fsk_000114,1,fsk,48000,0.042666666666666665,18808.02339910825,-2.0256515819114007,very_noisy,0.7134151338899574,1.0,white,42,1973490719,3210749539,dataset_v2_generator-1.2,dataset_v2_clean.0,46.09682577563266,1144.982286474522,,,,,,0.3131916312766118,0.247,0,fsk|very_noisy|19000,0
dataset_v2_clean.0_benign_000237,0,benign,48000,0.042666666666666665,,,,0.520991043940484,2.5401267877952463,white,42,1240273711,1536508083,dataset_v2_generator-1.2,dataset_v2_clean.0,,,,,,,band_limited_hiss,0.36822251389708993,0.24616666666666667,0,benign|band_limited_hiss|na|a50,0
dataset_v2_clean.0_fsk_000068,1,fsk,48000,0.042666666666666665,19574.7456581351,10.316947321656633,moderate,0.895822015606201,1.0,ambient,42,3746590987,959691297,dataset_v2_generator-1.2,dataset_v2_clean.0,76.14282340003624,704.9689681136188,,,,,,0.34399244033417553,0.2555625,0,fsk|moderate|19500,0
dataset_v2_clean.0_ook_000404,2,ook,48000,0.042666666666666665,19208.075867581436,0.2871751094310584,very_noisy,0.8429783961748716,1.0,ambient,42,2152370277,3685315616,dataset_v2_generator-1.2,dataset_v2_clean.0,61.443200550375465,,,,,,,0.2897773078894391,0.11752083333333334,0,ook|very_noisy|19000,0
dataset_v2_clean.0_chirp_000112,3,chirp,48000,0.042666666666666665,,16.661364591421297,moderate,0.9948202532318143,1.0,white,42,1939845143,1476465215,dataset_v2_generator-1.2,dataset_v2_clean.0,,,18582.05915616988,20884.050909344245,,8,,0.3236218775049106,0.19835416666666666,0,chirp|moderate|18500_21000,0
dataset_v2_clean.0_fsk_000448,1,fsk,48000,0.042666666666666665,19156.813853909276,12.547232468128591,moderate,0.648291409983142,1.0,white,42,1986660625,2296680881,dataset_v2_generator-1.2,dataset_v2_clean.0,84.63105550553858,509.47404546940015,,,,,,0.2988789570343472,0.14689583333333334,0,fsk|moderate|19000,0
dataset_v2_clean.0_benign_000276,0,benign,48000,0.042666666666666665,,,,0.4170612615332837,0.4170612615332837,ambient,42,3439926063,1019470670,dataset_v2_generator-1.2,dataset_v2_clean.0,,,,,,,ambient,0.2158423390289454,0.14302083333333335,0,benign|ambient|a40,0
dataset_v2_clean.0_benign_000099,0,benign,48000,0.042666666666666665,,-1.4340855339800154,very_noisy,0.32435818839014,0.7254834966653323,white,42,3823119690,3043028829,dataset_v2_generator-1.2,dataset_v2_clean.0,,,,,,,ambient_hf_boost,0.36449098089218257,0.234875,0,benign|ambient_hf_boost|very_noisy,0
dataset_v2_clean.0_chirp_000444,3,chirp,48000,0.042666666666666665,,19.66311873555386,moderate,0.9008701116786564,1.0,white,42,3703107988,255116126,dataset_v2_generator-1.2,dataset_v2_clean.0,,,19242.727709111314,20788.76328057402,,5,,0.2961498137123028,0.21779166666666666,0,chirp|moderate|19000_21000,0
dataset_v2_clean.0_fsk_000074,1,fsk,48000,0.042666666666666665,18529.97206091277,-4.104157165129645,very_noisy,0.8849195647769399,1.0,ambient,42,3215817099,1263535561,dataset_v2_generator-1.2,dataset_v2_clean.0,61.130410052162766,1992.0742080447017,,,,,,0.27635476513872326,0.2160625,0,fsk|very_noisy|18500,0
dataset_v2_clean.0_tone_000462,4,tone,48000,0.042666666666666665,19467.084631658327,28.952883036178708,clean,0.780722321497292,0.8409878450068298,ambient,42,2129418094,2236634957,dataset_v2_generator-1.2,dataset_v2_clean.0,,,,,,,,0.41598869163205165,0.25683333333333336,0,tone|clean|19500,0
dataset_v2_clean.0_chirp_000246,3,chirp,48000,0.042666666666666665,,-3.4524688185082724,very_noisy,0.6745470742544519,1.0,white,42,1954539723,3247619693,dataset_v2_generator-1.2,dataset_v2_clean.0,,,18286.687649878088,20799.331238328417,,6,,0.3639181821581503,0.09514583333333333,0,chirp|very_noisy|18500_21000,0
dataset_v2_clean.0_fsk_000414,1,fsk,48000,0.042666666666666665,19192.80119155295,-1.3887605304154493,very_noisy,0.8900247160601431,1.0,ambient,42,1702418664,1389661820,dataset_v2_generator-1.2,dataset_v2_clean.0,33.99141619700481,1525.4948217176134,,,,,,0.3634467072103291,0.034416666666666665,0,fsk|very_noisy|19000,0
dataset_v2_clean.0_tone_000480,4,tone,48000,0.042666666666666665,18706.38577790893,5.1188685259547535,noisy,0.9465105199248758,1.0,ambient,42,3746227063,997577622,dataset_v2_generator-1.2,dataset_v2_clean.0,,,,,,,,0.3676118899813176,0.007625,0,tone|noisy|18500,0
dataset_v2_clean.0_tone_000477,4,tone,48000,0.042666666666666665,19104.477552590582,-0.6069153663291056,very_noisy,0.6405871637006841,1.0,ambient,42,2645983152,3158864111,dataset_v2_generator-1.2,dataset_v2_clean.0,,,,,,,,0.26346570759724774,0.059104166666666666,0,tone|very_noisy|19000,0
dataset_v2_clean.0_ook_000496,2,ook,48000,0.042666666666666665,18823.408567896346,15.841108455374215,moderate,0.7360438296643089,0.900045209083743,white,42,2357699219,163845967,dataset_v2_generator-1.2,dataset_v2_clean.0,32.38531644543863,,,,,,,0.36744996209511516,0.21095833333333333,0,ook|moderate|19000,0
dataset_v2_clean.0_tone_000123,4,tone,48000,0.042666666666666665,19776.572380946433,20.862875415306966,clean,0.8201280325374587,0.9523281520934834,ambient,42,2256490415,2392049989,dataset_v2_generator-1.2,dataset_v2_clean.0,,,,,,,,0.27055077936262134,0.06589583333333333,0,tone|clean|20000,0
dataset_v2_clean.0_benign_000016,0,benign,48000,0.042666666666666665,18427.54661426184,,,0.33570874558151426,0.335708745578998,none,42,3134574098,1521832041,dataset_v2_generator-1.2,dataset_v2_clean.0,,,,,,,steady_ultrasonic_hum,0.36005310636566384,0.137375,0,benign|steady_ultrasonic_hum|18500|a30,0
dataset_v2_clean.0_fsk_000294,1,fsk,48000,0.042666666666666665,19319.48565206489,-0.3547767879179835,very_noisy,0.7329062825909812,1.0,ambient,42,241183587,1193740633,dataset_v2_generator-1.2,dataset_v2_clean.0,87.12736905300261,812.5879691699884,,,,,,0.3270736467869565,0.023020833333333334,0,fsk|very_noisy|19500,0
dataset_v2_clean.0_tone_000319,4,tone,48000,0.042666666666666665,19327.001508645102,-1.8143874950058123,very_noisy,0.7323827831999414,1.0,ambient,42,2977443390,1935943694,dataset_v2_generator-1.2,dataset_v2_clean.0,,,,,,,,0.39516568536315333,0.21316666666666667,0,tone|very_noisy|19500,0
dataset_v2_clean.0_fsk_000449,1,fsk,48000,0.042666666666666665,19534.006448387274,17.19733872392314,moderate,0.8808356108900213,1.0,white,42,1545017113,2611842885,dataset_v2_generator-1.2,dataset_v2_clean.0,69.1344808347899,801.3920507964467,,,,,,0.23469602160358075,0.0198125,0,fsk|moderate|19500,0
dataset_v2_clean.0_fsk_000477,1,fsk,48000,0.042666666666666665,18746.921051496833,0.3817649381243484,very_noisy,0.6667641425088182,1.0,white,42,686400632,3441262139,dataset_v2_generator-1.2,dataset_v2_clean.0,30.26098851008289,1210.6039934504297,,,,,,0.23885835331959662,0.17691666666666667,0,fsk|very_noisy|18500,0
dataset_v2_clean.0_benign_000432,0,benign,48000,0.042666666666666665,,,,0.4005980536359787,1.713060895704353,white,42,3707479937,992943423,dataset_v2_generator-1.2,dataset_v2_clean.0,,,,,,,band_limited_hiss,0.292362264637703,0.09872916666666667,0,benign|band_limited_hiss|na|a40,0
dataset_v2_clean.0_chirp_000305,3,chirp,48000,0.042666666666666665,,26.29267027770333,clean,0.6429207944715599,0.7020134710045405,ambient,42,3937320064,549401441,dataset_v2_generator-1.2,dataset_v2_clean.0,,,18461.637329148147,20436.029373497553,,4,,0.32060004884336535,0.27116666666666667,0,chirp|clean|18500_20500,0
dataset_v2_clean.0_ook_000219,2,ook,48000,0.042666666666666665,19322.13396587924,7.558590556098021,noisy,0.6085159707785146,0.9611965312123341,ambient,42,2956790707,4119507916,dataset_v2_generator-1.2,dataset_v2_clean.0,41.516204958090995,,,,,,,0.3692579191513726,0.08752083333333334,0,ook|noisy|19500,0
dataset_v2_clean.0_ook_000347,2,ook,48000,0.042666666666666665,20804.008573326253,3.984416989851839,noisy,0.9852818391502963,1.0,white,42,3796254787,2981474218,dataset_v2_generator-1.2,dataset_v2_clean.0,61.89491048512485,,,,,,,0.30838787755105856,0.25185416666666666,0,ook|noisy|21000,0
dataset_v2_clean.0_fsk_000090,1,fsk,48000,0.042666666666666665,18965.03028157902,-3.047952743161287,very_noisy,0.7776949462913056,1.0,white,42,3272529857,3987542055,dataset_v2_generator-1.2,dataset_v2_clean.0,87.90751063344902,1993.1933130935904,,,,,,0.3537084709671424,0.2980833333333333,0,fsk|very_noisy|19000,0
dataset_v2_clean.0_fsk_000493,1,fsk,48000,0.042666666666666665,18779.9401559877,-1.4356084825406956,very_noisy,0.8412376419495667,1.0,white,42,3716134523,1515071642,dataset_v2_generator-1.2,dataset_v2_clean.0,53.783241025607744,534.0051343533742,,,,,,0.28989125855634745,0.2228125,0,fsk|very_noisy|19000,0
dataset_v2_clean.0_fsk_000373,1,fsk,48000,0.042666666666666665,18612.26714545787,25.726089290413775,clean,0.6836378975058983,0.7463181137207295,ambient,42,907118364,92480471,dataset_v2_generator-1.2,dataset_v2_clean.0,56.92727635377733,643.2680979655197,,,,,,0.25953397559479685,0.0824375,0,fsk|clean|18500,0
dataset_v2_clean.0_chirp_000049,3,chirp,48000,0.042666666666666665,,-4.165761258791714,very_noisy,0.9733999408686825,1.0,ambient,42,3919400200,3356454363,dataset_v2_generator-1.2,dataset_v2_clean.0,,,18012.00490903406,20713.929204389096,,3,,0.421535469980333,0.3703958333333333,0,chirp|very_noisy|18000_20500,0
dataset_v2_clean.0_ook_000071,2,ook,48000,0.042666666666666665,20728.526012568364,28.571280007884976,clean,0.7769833481317412,0.82006138097105,white,42,3941906431,3179841765,dataset_v2_generator-1.2,dataset_v2_clean.0,50.15566943093627,,,,,,,0.24625867957205153,0.1388125,0,ook|clean|20500,0
dataset_v2_clean.0_chirp_000021,3,chirp,48000,0.042666666666666665,,-3.69342126023605,very_noisy,0.9495168810360336,1.0,white,42,2608495384,1084263817,dataset_v2_generator-1.2,dataset_v2_clean.0,,,18315.70152740567,20539.394498357397,,4,,0.23346310698154502,0.10408333333333333,0,chirp|very_noisy|18500_20500,0
dataset_v2_clean.0_ook_000246,2,ook,48000,0.042666666666666665,18671.49850295893,-0.3848545139429307,very_noisy,0.8600006785195015,1.0,ambient,42,3539736160,2152115464,dataset_v2_generator-1.2,dataset_v2_clean.0,63.3858280000347,,,,,,,0.3025427701573856,0.036020833333333335,0,ook|very_noisy|18500,0
dataset_v2_clean.0_ook_000356,2,ook,48000,0.042666666666666665,20378.873090088615,14.848512393558224,moderate,0.7205979036456438,0.8496305353037159,ambient,42,3556073424,4192930381,dataset_v2_generator-1.2,dataset_v2_clean.0,64.24899769906452,,,,,,,0.3822564043173356,0.19877083333333334,0,ook|moderate|20500,0
dataset_v2_clean.0_fsk_000404,1,fsk,48000,0.042666666666666665,18698.846676748675,-3.332312733410428,very_noisy,0.9700786438229507,1.0,white,42,832004250,3598308595,dataset_v2_generator-1.2,dataset_v2_clean.0,31.350775595632367,1707.3947761924028,,,,,,0.37257552082063683,0.050604166666666665,0,fsk|very_noisy|18500,0
dataset_v2_clean.0_benign_000499,0,benign,48000,0.042666666666666665,,,,0.3224823131848877,0.3224823131848877,ambient,42,283249054,2211075122,dataset_v2_generator-1.2,dataset_v2_clean.0,,,,,,,ambient,0.3730302872001152,0.182375,0,benign|ambient|a30,0
dataset_v2_clean.0_chirp_000016,3,chirp,48000,0.042666666666666665,,-0.5940846877832318,very_noisy,0.7382180519822377,1.0,ambient,42,496362538,3925555530,dataset_v2_generator-1.2,dataset_v2_clean.0,,,18259.42450738566,20304.692028924856,,2,,0.3393818176905366,0.026791666666666665,0,chirp|very_noisy|18500_20500,0
dataset_v2_clean.0_chirp_000146,3,chirp,48000,0.042666666666666665,,4.210127777754948,noisy,0.6648327598068289,1.0,ambient,42,3922989668,411033134,dataset_v2_generator-1.2,dataset_v2_clean.0,,,19086.286349453454,20561.906313132225,,6,,0.3105038174680689,0.17979166666666666,0,chirp|noisy|19000_20500,0
dataset_v2_clean.0_ook_000328,2,ook,48000,0.042666666666666665,19449.77409376661,16.2581202730519,moderate,0.9550400101022244,1.0,white,42,72410389,1086347618,dataset_v2_generator-1.2,dataset_v2_clean.0,43.01553135113404,,,,,,,0.3588127589054167,0.12460416666666667,0,ook|moderate|19500,0
dataset_v2_clean.0_chirp_000064,3,chirp,48000,0.042666666666666665,,25.33867221203927,clean,0.6908661056819037,0.7701181996814805,white,42,877640009,4129044183,dataset_v2_generator-1.2,dataset_v2_clean.0,,,18726.566031620365,20762.225352256086,,4,,0.22721608945142757,0.024083333333333335,0,chirp|clean|18500_21000,0
dataset_v2_clean.0_chirp_000212,3,chirp,48000,0.042666666666666665,,17.566245241436427,moderate,0.8380708210440804,1.0,ambient,42,3220514795,2817712151,dataset_v2_generator-1.2,dataset_v2_clean.0,,,18438.205426949302,20242.259395905658,,3,,0.37936197303165536,0.0825,0,chirp|moderate|18500_20000,0
dataset_v2_clean.0_tone_000338,4,tone,48000,0.042666666666666665,18694.813537437163,6.927119987769926,noisy,0.7633832714667329,1.0,white,42,2201450201,1742654828,dataset_v2_generator-1.2,dataset_v2_clean.0,,,,,,,,0.2999280675542923,0.22854166666666667,0,tone|noisy|18500,0
dataset_v2_clean.0_chirp_000461,3,chirp,48000,0.042666666666666665,,13.69848565178921,moderate,0.6665798969089658,0.9887957035135579,white,42,3119810429,1575491943,dataset_v2_generator-1.2,dataset_v2_clean.0,,,19072.13284079833,20257.887858018217,,3,,0.37027834207318694,0.192125,0,chirp|moderate|19000_20500,0
dataset_v2_clean.0_tone_000333,4,tone,48000,0.042666666666666665,20160.41915215904,24.944402468045944,clean,0.7511032680197308,0.8276451110322164,ambient,42,4116775554,3962514055,dataset_v2_generator-1.2,dataset_v2_clean.0,,,,,,,,0.4240094283947321,0.16429166666666667,0,tone|clean|20000,0
dataset_v2_clean.0_chirp_000282,3,chirp,48000,0.042666666666666665,,13.967426711560734,moderate,0.6466785142313773,0.9108443007160916,ambient,42,3565724589,3945165916,dataset_v2_generator-1.2,dataset_v2_clean.0,,,19161.8001581071,20990.441723756623,,3,,0.40627577248641356,0.026625,0,chirp|moderate|19000_21000,0
dataset_v2_clean.0_tone_000205,4,tone,48000,0.042666666666666665,19454.126009612624,9.981536986291385,noisy,0.6760097635680258,0.9512677905346358,ambient,42,3535734513,2450606845,dataset_v2_generator-1.2,dataset_v2_clean.0,,,,,,,,0.2621613509916347,0.16891666666666666,0,tone|noisy|19500,0
dataset_v2_clean.0_chirp_000066,3,chirp,48000,0.042666666666666665,,8.848444961787228,noisy,0.7463345490562109,1.0,ambient,42,684891277,126560641,dataset_v2_generator-1.2,dataset_v2_clean.0,,,18589.698417647316,20245.661567447325,,7,,0.2614048136670472,0.0254375,0,chirp|noisy|18500_20000,0
dataset_v2_clean.0_fsk_000170,1,fsk,48000,0.042666666666666665,18792.65756152928,-0.7093737496129631,very_noisy,0.6136332220052488,1.0,white,42,3493868126,301081895,dataset_v2_generator-1.2,dataset_v2_clean.0,88.02019992335389,1125.4222272759944,,,,,,0.34393536400600333,0.16710416666666666,0,fsk|very_noisy|19000,0
dataset_v2_clean.0_tone_000363,4,tone,48000,0.042666666666666665,19566.594057477552,-2.6617049838239275,very_noisy,0.5751779260951506,1.0,white,42,596400995,3010512284,dataset_v2_generator-1.2,dataset_v2_clean.0,,,,,,,,0.32374804045163585,0.10839583333333333,0,tone|very_noisy|19500,0
dataset_v2_clean.0_fsk_000184,1,fsk,48000,0.042666666666666665,18420.23599707427,0.45676380753374435,very_noisy,0.964228797504254,1.0,white,42,4243614832,2068438112,dataset_v2_generator-1.2,dataset_v2_clean.0,44.395098109875605,866.5451577692256,,,,,,0.24652529208564503,0.172375,0,fsk|very_noisy|18500,0
dataset_v2_clean.0_tone_000299,4,tone,48000,0.042666666666666665,20065.60095686836,4.341047424164324,noisy,0.5914963735321794,1.0,ambient,42,1073321728,1514484902,dataset_v2_generator-1.2,dataset_v2_clean.0,,,,,,,,0.31814818004724466,0.0695,0,tone|noisy|20000,0
dataset_v2_clean.0_benign_000316,0,benign,48000,0.042666666666666665,,13.983639891841577,moderate,0.29337620771818745,0.34225441565454245,white,42,3456179432,1240679020,dataset_v2_generator-1.2,dataset_v2_clean.0,,,,,,,ambient_hf_boost,0.21611535686455285,0.08229166666666667,0,benign|ambient_hf_boost|moderate,0
dataset_v2_clean.0_tone_000229,4,tone,48000,0.042666666666666665,18472.542971749743,26.98446123529004,clean,0.990623777057541,1.0,white,42,4198080257,2660497871,dataset_v2_generator-1.2,dataset_v2_clean.0,,,,,,,,0.28527530763101944,0.083125,0,tone|clean|18500,0
dataset_v2_clean.0_fsk_000121,1,fsk,48000,0.042666666666666665,18589.953304138482,3.571476858823745,noisy,0.7081275072532052,1.0,ambient,42,973022976,1041467094,dataset_v2_generator-1.2,dataset_v2_clean.0,21.45924621789952,1638.74153944309,,,,,,0.2506720790744738,0.06725,0,fsk|noisy|18500,0
dataset_v2_clean.0_chirp_000201,3,chirp,48000,0.042666666666666665,,8.798018048081698,noisy,0.97226282148529,1.0,white,42,2210968984,856329381,dataset_v2_generator-1.2,dataset_v2_clean.0,,,18072.92934599489,20220.657123059347,,6,,0.29787278652774274,0.146625,0,chirp|noisy|18000_20000,0
dataset_v2_clean.0_fsk_000139,1,fsk,48000,0.042666666666666665,19677.807166419876,19.041467578952563,moderate,0.8433529053396789,1.0,white,42,1086077601,1256991356,dataset_v2_generator-1.2,dataset_v2_clean.0,73.30078112604393,953.9449444076636,,,,,,0.387260117898765,0.17627083333333332,0,fsk|moderate|19500,0
dataset_v2_clean.0_benign_000216,0,benign,48000,0.042666666666666665,,,,0.43012715884098573,1.7035684377444102,white,42,3540897345,4201751253,dataset_v2_generator-1.2,dataset_v2_clean.0,,,,,,,band_limited_hiss,0.35461097132238956,0.09466666666666666,0,benign|band_limited_hiss|na|a40,0
dataset_v2_clean.0_tone_000350,4,tone,48000,0.042666666666666665,18578.633993986794,8.303062085251021,noisy,0.722132610027548,1.0,white,42,1696955893,2856540933,dataset_v2_generator-1.2,dataset_v2_clean.0,,,,,,,,0.3389639324693574,0.012458333333333333,0,tone|noisy|18500,0
dataset_v2_clean.0_chirp_000117,3,chirp,48000,0.042666666666666665,,25.725140681461106,clean,0.8663196529361643,0.9589887115281641,white,42,2103469598,1521353358,dataset_v2_generator-1.2,dataset_v2_clean.0,,,19117.726874678825,20564.164155399274,,7,,0.32499808487560367,0.20941666666666667,0,chirp|clean|19000_20500,0
dataset_v2_clean.0_chirp_000340,3,chirp,48000,0.042666666666666665,,12.024304366366918,moderate,0.5978154983886024,0.8502016633300347,ambient,42,2428346181,2930624800,dataset_v2_generator-1.2,dataset_v2_clean.0,,,18731.805077680347,20907.643676306176,,5,,0.33204085022265467,0.18866666666666668,0,chirp|moderate|18500_21000,0
dataset_v2_clean.0_benign_000352,0,benign,48000,0.042666666666666665,20365.16456543637,,,0.531723334954729,0.5317233317989561,none,42,2305947891,996495716,dataset_v2_generator-1.2,dataset_v2_clean.0,,,,,,,steady_ultrasonic_hum,0.24010233628847935,0.033229166666666664,0,benign|steady_ultrasonic_hum|20500|a50,0
dataset_v2_clean.0_fsk_000177,1,fsk,48000,0.042666666666666665,18632.319283049896,-0.681335305548588,very_noisy,0.8470363142250323,1.0,white,42,3642045851,2582438964,dataset_v2_generator-1.2,dataset_v2_clean.0,59.8457942168731,944.1386989757921,,,,,,0.2845822523812164,0.17502083333333332,0,fsk|very_noisy|18500,0
dataset_v2_clean.0_chirp_000332,3,chirp,48000,0.042666666666666665,,-4.635837157496969,very_noisy,0.7664322351145082,1.0,ambient,42,2791335314,1029824289,dataset_v2_generator-1.2,dataset_v2_clean.0,,,18527.924331141647,20805.865804579284,,6,,0.291241205175594,0.168625,0,chirp|very_noisy|18500_21000,0
dataset_v2_clean.0_chirp_000237,3,chirp,48000,0.042666666666666665,,23.558226424435155,clean,0.854965674071175,0.9543689119166736,ambient,42,1479916029,1795520003,dataset_v2_generator-1.2,dataset_v2_clean.0,,,18721.185286966625,20209.984219686707,,8,,0.34729096134906057,0.12360416666666667,0,chirp|clean|18500_20000,0
dataset_v2_clean.0_tone_000169,4,tone,48000,0.042666666666666665,19381.190225454677,11.374902739907968,moderate,0.9459566387736189,1.0,white,42,3630985810,1018607003,dataset_v2_generator-1.2,dataset_v2_clean.0,,,,,,,,0.33066375831309874,0.011854166666666667,0,tone|moderate|19500,0
dataset_v2_clean.0_fsk_000196,1,fsk,48000,0.042666666666666665,19072.728564377943,6.9145991337368855,noisy,0.6156393381174173,1.0,ambient,42,1199984309,2475667741,dataset_v2_generator-1.2,dataset_v2_clean.0,57.66511910720112,967.8157099617856,,,,,,0.35142774429850054,0.1489375,0,fsk|noisy|19000,0
dataset_v2_clean.0_chirp_000218,3,chirp,48000,0.042666666666666665,,15.560319083955374,moderate,0.8919446782431386,1.0,white,42,1033737435,3386283897,dataset_v2_generator-1.2,dataset_v2_clean.0,,,19273.2740670859,20896.91174355052,,2,,0.374658523575931,0.0745,0,chirp|moderate|19500_21000,0
dataset_v2_clean.0_ook_000320,2,ook,48000,0.042666666666666665,20860.042919511376,29.783316906089805,clean,0.6574047228679423,0.6756776004581334,ambient,42,909726145,3170583448,dataset_v2_generator-1.2,dataset_v2_clean.0,40.81477461836002,,,,,,,0.3473087652774424,0.20141666666666666,0,ook|clean|21000,0
dataset_v2_clean.0_tone_000114,4,tone,48000,0.042666666666666665,18527.32245902353,6.262322965579802,noisy,0.5899080056129112,1.0,ambient,42,3768168823,1394309567,dataset_v2_generator-1.2,dataset_v2_clean.0,,,,,,,,0.25646595795642896,0.20789583333333334,0,tone|noisy|18500,0
dataset_v2_clean.0_benign_000495,0,benign,48000,0.042666666666666665,,,,0.2958608193612464,1.5229190837881639,white,42,3526492082,1893694679,dataset_v2_generator-1.2,dataset_v2_clean.0,,,,,,,white,0.35580301575913137,0.14291666666666666,0,benign|white|a30,0
dataset_v2_clean.0_fsk_000355,1,fsk,48000,0.042666666666666665,19465.347082695265,19.871109410195622,moderate,0.9033175407012244,1.0,ambient,42,155903263,520456751,dataset_v2_generator-1.2,dataset_v2_clean.0,42.26877613395051,1534.6529173047347,,,,,,0.4099276892903108,0.0176875,0,fsk|moderate|19500,0
dataset_v2_clean.0_chirp_000204,3,chirp,48000,0.042666666666666665,,6.838075324288524,noisy,0.6511801616880077,1.0,white,42,2795827570,680112938,dataset_v2_generator-1.2,dataset_v2_clean.0,,,18325.399203506182,20486.62466797241,,2,,0.32404836969331396,0.10179166666666667,0,chirp|noisy|18500_20500,0
dataset_v2_clean.0_chirp_000393,3,chirp,48000,0.042666666666666665,,18.18386049051252,moderate,0.691353290530067,0.8983605544658791,white,42,1836286631,3092721805,dataset_v2_generator-1.2,dataset_v2_clean.0,,,19011.686794338955,20609.86749966741,,5,,0.35690660600543606,0.22204166666666666,0,chirp|moderate|19000_20500,0
dataset_v2_clean.0_benign_000160,0,benign,48000,0.042666666666666665,,,,0.41729636688820815,1.7977044927810086,white,42,738035973,4020593984,dataset_v2_generator-1.2,dataset_v2_clean.0,,,,,,,band_limited_hiss,0.3807937072983046,0.27608333333333335,0,benign|band_limited_hiss|na|a40,0
dataset_v2_clean.0_chirp_000147,3,chirp,48000,0.042666666666666665,,-3.2539628868070722,very_noisy,0.6999465504904681,1.0,ambient,42,2356870469,2615196466,dataset_v2_generator-1.2,dataset_v2_clean.0,,,18632.060558273966,20869.561908975094,,7,,0.2310892247523744,0.008833333333333334,0,chirp|very_noisy|18500_21000,0
dataset_v2_clean.0_ook_000026,2,ook,48000,0.042666666666666665,19308.025767079165,10.529680615211369,moderate,0.8722371555920061,1.0,white,42,3030627323,2315942858,dataset_v2_generator-1.2,dataset_v2_clean.0,53.80575301084573,,,,,,,0.2901204892346534,0.0443125,0,ook|moderate|19500,0
dataset_v2_clean.0_benign_000015,0,benign,48000,0.042666666666666665,,,,0.4935353002950182,1.8983349277744548,white,42,2001957289,1737338364,dataset_v2_generator-1.2,dataset_v2_clean.0,,,,,,,band_limited_hiss,0.31659943546304514,0.24845833333333334,0,benign|band_limited_hiss|na|a50,0
dataset_v2_clean.0_fsk_000098,1,fsk,48000,0.042666666666666665,18264.592349549715,4.323678805734177,noisy,0.7856489450654924,1.0,white,42,3748907106,411485570,dataset_v2_generator-1.2,dataset_v2_clean.0,24.621652278337706,927.7152662597764,,,,,,0.4134313146322691,0.17585416666666667,0,fsk|noisy|18500,0
dataset_v2_clean.0_benign_000117,0,benign,48000,0.042666666666666665,,,,0.5248709389304635,0.5248709389304635,ambient,42,3089044700,3002781381,dataset_v2_generator-1.2,dataset_v2_clean.0,,,,,,,ambient,0.2781003251644404,0.1703125,0,benign|ambient|a50,0
dataset_v2_clean.0_ook_000056,2,ook,48000,0.042666666666666665,20361.248883062894,3.536572547991896,noisy,0.9418781938843519,1.0,white,42,1752844073,3429430403,dataset_v2_generator-1.2,dataset_v2_clean.0,38.56048230285734,,,,,,,0.2799265043328199,0.08266666666666667,0,ook|noisy|20500,0
dataset_v2_clean.0_benign_000443,0,benign,48000,0.042666666666666665,,21.527247144208506,clean,0.49645137866579414,0.5178871810951133,white,42,3010147423,3880540879,dataset_v2_generator-1.2,dataset_v2_clean.0,,,,,,,ambient_hf_boost,0.3859444619860265,0.2175,0,benign|ambient_hf_boost|clean,0
dataset_v2_clean.0_benign_000483,0,benign,48000,0.042666666666666665,20744.83976119962,,,0.5226695257659555,0.5226695250177864,none,42,2304020407,4080094265,dataset_v2_generator-1.2,dataset_v2_clean.0,,,,,,,steady_ultrasonic_hum,0.35898624085854136,0.03927083333333333,0,benign|steady_ultrasonic_hum|20500|a50,0
dataset_v2_clean.0_tone_000106,4,tone,48000,0.042666666666666665,18335.232932292754,13.05726886307317,moderate,0.6779842789935844,0.9192413890658371,ambient,42,254473410,2630038610,dataset_v2_generator-1.2,dataset_v2_clean.0,,,,,,,,0.36471328698978145,0.18464583333333334,0,tone|moderate|18500,0
dataset_v2_clean.0_fsk_000187,1,fsk,48000,0.042666666666666665,18634.50968104311,28.73182585197879,clean,0.724247018768162,0.7658461157033364,ambient,42,3528308399,3274798895,dataset_v2_generator-1.2,dataset_v2_clean.0,64.74340874926696,1522.3776976766094,,,,,,0.29146182726355696,0.21908333333333332,0,fsk|clean|18500,0
dataset_v2_clean.0_chirp_000447,3,chirp,48000,0.042666666666666665,,5.126863329597926,noisy,0.859890072163981,1.0,white,42,1390377416,1961999981,dataset_v2_generator-1.2,dataset_v2_clean.0,,,19029.922048909175,20637.224458874138,,3,,0.37795425101783675,0.13416666666666666,0,chirp|noisy|19000_20500,0
dataset_v2_clean.0_fsk_000026,1,fsk,48000,0.042666666666666665,19603.133340665365,21.020648413964505,clean,0.7601170085867246,0.8983835863742247,white,42,1396475382,2772708567,dataset_v2_generator-1.2,dataset_v2_clean.0,32.121066201871514,786.2690821263132,,,,,,0.34634275831815176,0.0798125,0,fsk|clean|19500,0
dataset_v2_clean.0_ook_000285,2,ook,48000,0.042666666666666665,19211.657618754645,18.705270729407847,moderate,0.699228169656335,0.8183058936233649,white,42,757856861,3380054793,dataset_v2_generator-1.2,dataset_v2_clean.0,41.80284567242633,,,,,,,0.3966517941773894,0.1438125,0,ook|moderate|19000,0
dataset_v2_clean.0_chirp_000387,3,chirp,48000,0.042666666666666665,,6.676478440660624,noisy,0.7470709833433347,1.0,ambient,42,3454001181,3584121041,dataset_v2_generator-1.2,dataset_v2_clean.0,,,19278.02969041772,20490.243853100277,,8,,0.39221171264180427,0.170125,0,chirp|noisy|19500_20500,0
dataset_v2_clean.0_chirp_000369,3,chirp,48000,0.042666666666666665,,17.55760002782047,moderate,0.8274428587746422,1.0,ambient,42,2171277367,1741539361,dataset_v2_generator-1.2,dataset_v2_clean.0,,,18695.33000003565,20805.17124419744,,2,,0.27178338594932167,0.059520833333333335,0,chirp|moderate|18500_21000,0
dataset_v2_clean.0_chirp_000074,3,chirp,48000,0.042666666666666665,,6.620569393772951,noisy,0.9331432258343386,1.0,white,42,1676219856,2594129779,dataset_v2_generator-1.2,dataset_v2_clean.0,,,18771.801031291096,20223.560791896234,,6,,0.2937627691444361,0.163375,0,chirp|noisy|19000_20000,0
dataset_v2_clean.0_fsk_000357,1,fsk,48000,0.042666666666666665,18519.319375955412,13.586677638175699,moderate,0.7739696020401026,1.0,white,42,166394218,1308783266,dataset_v2_generator-1.2,dataset_v2_clean.0,87.39706096653444,1726.5496600420993,,,,,,0.3504201580417578,0.29454166666666665,0,fsk|moderate|18500,0
dataset_v2_clean.0_chirp_000256,3,chirp,48000,0.042666666666666665,,7.55326817030934,noisy,0.581036467378084,1.0,white,42,1376507031,3012006285,dataset_v2_generator-1.2,dataset_v2_clean.0,,,18627.08860655113,20877.719862935483,,6,,0.37562965517522007,0.1128125,0,chirp|noisy|18500_21000,0
dataset_v2_clean.0_benign_000475,0,benign,48000,0.042666666666666665,,,,0.3594379832460556,0.3594379832460556,ambient,42,1409696942,3049273311,dataset_v2_generator-1.2,dataset_v2_clean.0,,,,,,,ambient,0.4055703044783129,0.032375,1,benign|ambient|a40,0
dataset_v2_clean.0_fsk_000164,1,fsk,48000,0.042666666666666665,18677.249257208234,-3.769510156600643,very_noisy,0.5888749173934806,1.0,ambient,42,774225639,1332528518,dataset_v2_generator-1.2,dataset_v2_clean.0,62.030560425580425,1882.148111860537,,,,,,0.30763557539003356,0.24710416666666668,0,fsk|very_noisy|18500,0
dataset_v2_clean.0_fsk_000401,1,fsk,48000,0.042666666666666665,18562.26055971192,20.63360289164091,clean,0.7283167868103646,0.8769279638578179,ambient,42,2277624201,124162068,dataset_v2_generator-1.2,dataset_v2_clean.0,77.83100630750747,1682.9484353499538,,,,,,0.40370528743569295,0.2155625,0,fsk|clean|18500,0
dataset_v2_clean.0_ook_000077,2,ook,48000,0.042666666666666665,19915.35670892251,5.794748885118526,noisy,0.5657138843961609,1.0,white,42,849234220,3249187759,dataset_v2_generator-1.2,dataset_v2_clean.0,37.493908064779426,,,,,,,0.4164715636550013,0.25566666666666665,0,ook|noisy|20000,0
dataset_v2_clean.0_ook_000419,2,ook,48000,0.042666666666666665,18695.518757612488,21.164090961541774,clean,0.8159663411417699,0.9696011186437811,white,42,335188707,893829367,dataset_v2_generator-1.2,dataset_v2_clean.0,69.33995324437241,,,,,,,0.41338820743179455,0.08845833333333333,0,ook|clean|18500,0
dataset_v2_clean.0_chirp_000009,3,chirp,48000,0.042666666666666665,,6.492794473925649,noisy,0.65244684925217,1.0,ambient,42,468874039,2752432891,dataset_v2_generator-1.2,dataset_v2_clean.0,,,18996.890959212808,20552.36865054313,,4,,0.3904876672370535,0.2445,0,chirp|noisy|19000_20500,0
dataset_v2_clean.0_ook_000252,2,ook,48000,0.042666666666666665,19885.969085663848,5.8640053829802365,noisy,0.5685778926327749,1.0,white,42,2636182461,3534876148,dataset_v2_generator-1.2,dataset_v2_clean.0,34.77479384840863,,,,,,,0.35410689216242225,0.068625,0,ook|noisy|20000,0
dataset_v2_clean.0_benign_000208,0,benign,48000,0.042666666666666665,,,,0.6927348326007716,2.958203251517188,white,42,3231053361,4093643188,dataset_v2_generator-1.2,dataset_v2_clean.0,,,,,,,band_limited_hiss,0.36710471369395736,0.1873125,0,benign|band_limited_hiss|na|a70,0
dataset_v2_clean.0_benign_000081,0,benign,48000,0.042666666666666665,19455.640797328015,,,0.4238222578542169,0.4238222577205826,none,42,2577828533,1653231605,dataset_v2_generator-1.2,dataset_v2_clean.0,,,,,,,steady_ultrasonic_hum,0.37007645377139947,0.16279166666666667,0,benign|steady_ultrasonic_hum|19500|a40,0
dataset_v2_clean.0_benign_000132,0,benign,48000,0.042666666666666665,,,,0.6328836168153515,2.6667971288028225,white,42,2157326860,4051004483,dataset_v2_generator-1.2,dataset_v2_clean.0,,,,,,,band_limited_hiss,0.35267799327369975,0.21454166666666666,0,benign|band_limited_hiss|na|a60,0
dataset_v2_clean.0_ook_000076,2,ook,48000,0.042666666666666665,19700.309890663128,-3.0076644411423334,very_noisy,0.8316456656089333,1.0,white,42,1726369811,2020893176,dataset_v2_generator-1.2,dataset_v2_clean.0,46.65657218658174,,,,,,,0.35728020157633955,0.08497916666666666,0,ook|very_noisy|19500,0
dataset_v2_clean.0_ook_000498,2,ook,48000,0.042666666666666665,20023.298265041623,3.248275959462367,noisy,0.7570665372085382,1.0,white,42,1785028465,2375565341,dataset_v2_generator-1.2,dataset_v2_clean.0,39.48164723290077,,,,,,,0.2682788613915649,0.21920833333333334,0,ook|noisy|20000,0
dataset_v2_clean.0_fsk_000174,1,fsk,48000,0.042666666666666665,18309.545411190946,0.19546450975980711,very_noisy,0.6275160948042537,1.0,white,42,2759217270,2121196062,dataset_v2_generator-1.2,dataset_v2_clean.0,62.40718439126376,1341.8079133930441,,,,,,0.25112265814073753,0.059,0,fsk|very_noisy|18500,0
dataset_v2_clean.0_tone_000352,4,tone,48000,0.042666666666666665,18465.267252719248,-1.798440524039874,very_noisy,0.7200760595902126,1.0,white,42,3365576132,3068744402,dataset_v2_generator-1.2,dataset_v2_clean.0,,,,,,,,0.3194894660036247,0.2660416666666667,0,tone|very_noisy|18500,0
dataset_v2_clean.0_fsk_000033,1,fsk,48000,0.042666666666666665,19192.381654365403,9.047187681990579,noisy,0.9124974560867921,1.0,white,42,2600025322,4248454044,dataset_v2_generator-1.2,dataset_v2_clean.0,27.89802273260618,1807.618345634597,,,,,,0.22616467638021875,0.13691666666666666,0,fsk|noisy|19000,0
dataset_v2_clean.0_tone_000408,4,tone,48000,0.042666666666666665,20678.246870396604,7.213910818888239,noisy,0.8493888854843403,1.0,ambient,42,3050042198,2582561860,dataset_v2_generator-1.2,dataset_v2_clean.0,,,,,,,,0.218898672532454,0.15522916666666667,0,tone|noisy|20500,0
dataset_v2_clean.0_benign_000488,0,benign,48000,0.042666666666666665,,,,0.5520333636300634,2.1902191933928683,white,42,3453987152,2149704312,dataset_v2_generator-1.2,dataset_v2_clean.0,,,,,,,band_limited_hiss,0.39216235668001376,0.14675,0,benign|band_limited_hiss|na|a60,0
dataset_v2_clean.0_ook_000175,2,ook,48000,0.042666666666666665,20899.846202204786,4.574950793051638,noisy,0.6209222536932071,1.0,ambient,42,3971668624,2355346038,dataset_v2_generator-1.2,dataset_v2_clean.0,43.878257835252924,,,,,,,0.33751803226537413,0.14483333333333334,0,ook|noisy|21000,0
dataset_v2_clean.0_benign_000396,0,benign,48000,0.042666666666666665,18728.18990885776,,,0.45279850110176145,0.4527985011009683,none,42,561969163,2020435031,dataset_v2_generator-1.2,dataset_v2_clean.0,,,,,,,steady_ultrasonic_hum,0.29364971459318867,0.1853125,0,benign|steady_ultrasonic_hum|18500|a50,0
dataset_v2_clean.0_benign_000166,0,benign,48000,0.042666666666666665,18812.387831883792,,,0.42900482416792673,0.42900482310953286,none,42,1223775687,159718608,dataset_v2_generator-1.2,dataset_v2_clean.0,,,,,,,steady_ultrasonic_hum,0.3287671132999058,0.042875,0,benign|steady_ultrasonic_hum|19000|a40,0
dataset_v2_clean.0_tone_000360,4,tone,48000,0.042666666666666665,19897.995965520568,-4.135927108766496,very_noisy,0.7987653071414067,1.0,ambient,42,1353096402,678684382,dataset_v2_generator-1.2,dataset_v2_clean.0,,,,,,,,0.2732421690955,0.176125,0,tone|very_noisy|20000,0
dataset_v2_clean.0_tone_000043,4,tone,48000,0.042666666666666665,19483.026511791515,28.71139953014494,clean,0.7193321890246902,0.7766933472273008,ambient,42,2147999384,2540022618,dataset_v2_generator-1.2,dataset_v2_clean.0,,,,,,,,0.3148467537190593,0.25283333333333335,0,tone|clean|19500,0
dataset_v2_clean.0_fsk_000136,1,fsk,48000,0.042666666666666665,19087.164664268876,-0.5276045921467238,very_noisy,0.6331007178302658,1.0,ambient,42,2667684008,2460957751,dataset_v2_generator-1.2,dataset_v2_clean.0,15.926785589680163,519.7747457826736,,,,,,0.25124916921984186,0.1316875,0,fsk|very_noisy|19000,0
dataset_v2_clean.0_tone_000485,4,tone,48000,0.042666666666666665,20665.082392748107,24.552686762717585,clean,0.7623693929404157,0.8530895418984342,white,42,344239027,768987124,dataset_v2_generator-1.2,dataset_v2_clean.0,,,,,,,,0.22884052978462124,0.06197916666666667,0,tone|clean|20500,0
dataset_v2_clean.0_ook_000226,2,ook,48000,0.042666666666666665,18487.339290535834,20.629406063383804,clean,0.6276574822100636,0.6811491402877466,ambient,42,3968236632,2528804423,dataset_v2_generator-1.2,dataset_v2_clean.0,42.62409169655354,,,,,,,0.347414078557072,0.10608333333333334,0,ook|clean|18500,0
dataset_v2_clean.0_benign_000369,0,benign,48000,0.042666666666666665,19501.712533579095,,,0.4917085897253961,0.4917085896851061,none,42,1413638220,2442693839,dataset_v2_generator-1.2,dataset_v2_clean.0,,,,,,,steady_ultrasonic_hum,0.3732929197130734,0.0009583333333333333,0,benign|steady_ultrasonic_hum|19500|a50,0
dataset_v2_clean.0_ook_000014,2,ook,48000,0.042666666666666665,18403.211532143465,-3.3484726963593188,very_noisy,0.8282538866872735,1.0,white,42,3027646511,834417383,dataset_v2_generator-1.2,dataset_v2_clean.0,42.60282355154278,,,,,,,0.39100720589107324,0.13704166666666667,0,ook|very_noisy|18500,0
dataset_v2_clean.0_chirp_000470,3,chirp,48000,0.042666666666666665,,25.78170300295246,clean,0.999745471385965,1.0,ambient,42,2454525934,2174121171,dataset_v2_generator-1.2,dataset_v2_clean.0,,,19184.71251584537,20273.99141893361,,6,,0.23051842104295117,0.03939583333333333,0,chirp|clean|19000_20500,0
dataset_v2_clean.0_ook_000152,2,ook,48000,0.042666666666666665,18325.786624374876,1.6563175862981598,very_noisy,0.8823763387718699,1.0,ambient,42,1997804506,162763311,dataset_v2_generator-1.2,dataset_v2_clean.0,45.81976232761343,,,,,,,0.31190585192516296,0.10102083333333334,0,ook|very_noisy|18500,0
dataset_v2_clean.0_tone_000080,4,tone,48000,0.042666666666666665,18581.982103473023,-3.4387117202631696,very_noisy,0.9329554849183563,1.0,white,42,1976418051,2242854996,dataset_v2_generator-1.2,dataset_v2_clean.0,,,,,,,,0.3191807356753513,0.0033125,0,tone|very_noisy|18500,0
dataset_v2_clean.0_ook_000188,2,ook,48000,0.042666666666666665,20338.669688302136,21.63253074279323,clean,0.7788860768707097,0.8881015749469923,white,42,2951140123,1282305002,dataset_v2_generator-1.2,dataset_v2_clean.0,60.93864675199929,,,,,,,0.3271621279501632,0.23685416666666667,0,ook|clean|20500,0
dataset_v2_clean.0_chirp_000224,3,chirp,48000,0.042666666666666665,,1.6322200422573783,very_noisy,0.946020265117246,1.0,ambient,42,2636038364,2053686402,dataset_v2_generator-1.2,dataset_v2_clean.0,,,18732.34679354278,20873.648524844113,,5,,0.4254728851193462,0.007416666666666667,0,chirp|very_noisy|18500_21000,0
dataset_v2_clean.0_fsk_000053,1,fsk,48000,0.042666666666666665,19338.119980220778,18.478574348638997,moderate,0.6567276542431939,0.7662206635246221,ambient,42,328832613,3744134835,dataset_v2_generator-1.2,dataset_v2_clean.0,20.63454204705846,1476.5165359358507,,,,,,0.37408883485460726,0.1484375,0,fsk|moderate|19500,0
dataset_v2_clean.0_benign_000128,0,benign,48000,0.042666666666666665,,,,0.4280441564512324,1.9210205983104636,white,42,3794810726,512643015,dataset_v2_generator-1.2,dataset_v2_clean.0,,,,,,,band_limited_hiss,0.39673322540289147,0.305625,0,benign|band_limited_hiss|na|a40,0
dataset_v2_clean.0_chirp_000135,3,chirp,48000,0.042666666666666665,,26.34341427449401,clean,0.566394948326958,0.6196327555183905,ambient,42,5226004,3219716188,dataset_v2_generator-1.2,dataset_v2_clean.0,,,18528.554068707108,20673.063825125035,,7,,0.22815786853374348,0.147875,0,chirp|clean|18500_20500,0
dataset_v2_clean.0_benign_000496,0,benign,48000,0.042666666666666665,18491.908678236392,,,0.44140102042087426,0.44140102036331125,none,42,4273295806,1043314757,dataset_v2_generator-1.2,dataset_v2_clean.0,,,,,,,steady_ultrasonic_hum,0.42116465405881853,0.2535,0,benign|steady_ultrasonic_hum|18500|a40,0
dataset_v2_clean.0_fsk_000444,1,fsk,48000,0.042666666666666665,18598.034159797982,20.076355155685835,clean,0.8723351119878252,1.0,ambient,42,3708613345,3062255093,dataset_v2_generator-1.2,dataset_v2_clean.0,58.09016476496465,609.7408763009989,,,,,,0.4217632624927441,0.004666666666666667,0,fsk|clean|18500,0
dataset_v2_clean.0_chirp_000395,3,chirp,48000,0.042666666666666665,,1.6877589969403948,very_noisy,0.8006944209517864,1.0,ambient,42,1307676757,2570001899,dataset_v2_generator-1.2,dataset_v2_clean.0,,,19085.001110435536,20634.346666254518,,8,,0.22737509305499004,0.10810416666666667,0,chirp|very_noisy|19000_20500,0
dataset_v2_clean.0_chirp_000476,3,chirp,48000,0.042666666666666665,,0.3896589718558108,very_noisy,0.7512154367195549,1.0,white,42,4049525928,4021886592,dataset_v2_generator-1.2,dataset_v2_clean.0,,,18294.25784178256,20662.129238297763,,8,,0.35825773018811674,0.19827083333333334,0,chirp|very_noisy|18500_20500,0
dataset_v2_clean.0_chirp_000161,3,chirp,48000,0.042666666666666665,,4.687749303262658,noisy,0.689683199498756,1.0,ambient,42,2729660209,286122838,dataset_v2_generator-1.2,dataset_v2_clean.0,,,18444.291941291714,20935.761922236015,,7,,0.2697155652703833,0.05420833333333333,0,chirp|noisy|18500_21000,0
dataset_v2_clean.0_tone_000112,4,tone,48000,0.042666666666666665,19759.12024111175,23.963738147888773,clean,0.6076300890108717,0.6857826576594582,white,42,1015367156,362829786,dataset_v2_generator-1.2,dataset_v2_clean.0,,,,,,,,0.283992921551422,0.1401875,0,tone|clean|20000,0
dataset_v2_clean.0_benign_000121,0,benign,48000,0.042666666666666665,,,,0.4856375905325786,1.8952021808623405,white,42,3547688921,2480400067,dataset_v2_generator-1.2,dataset_v2_clean.0,,,,,,,band_limited_hiss,0.3871457527678325,0.096125,0,benign|band_limited_hiss|na|a50,0
dataset_v2_clean.0_chirp_000018,3,chirp,48000,0.042666666666666665,,16.441888352626975,moderate,0.8170297814685534,1.0,white,42,2211860450,1031227293,dataset_v2_generator-1.2,dataset_v2_clean.0,,,18313.827157282463,20583.278233498408,,8,,0.2920178616536505,0.07072916666666666,0,chirp|moderate|18500_20500,0
dataset_v2_clean.0_benign_000299,0,benign,48000,0.042666666666666665,20012.083061732676,,,0.36130979803359853,0.36130895599690377,none,42,3947149625,2117704775,dataset_v2_generator-1.2,dataset_v2_clean.0,,,,,,,steady_ultrasonic_hum,0.2774233017997529,0.1320625,0,benign|steady_ultrasonic_hum|20000|a40,0
dataset_v2_clean.0_tone_000415,4,tone,48000,0.042666666666666665,18370.40705940135,12.767901908657517,moderate,0.9245291406673285,1.0,ambient,42,1213752576,2336250146,dataset_v2_generator-1.2,dataset_v2_clean.0,,,,,,,,0.37764790933069586,0.17,0,tone|moderate|18500,0
dataset_v2_clean.0_chirp_000137,3,chirp,48000,0.042666666666666665,,8.631119589473194,noisy,0.8792756632824325,1.0,white,42,2269848490,909432707,dataset_v2_generator-1.2,dataset_v2_clean.0,,,18907.678760501753,20781.22611235889,,2,,0.2870670816469076,0.16770833333333332,0,chirp|noisy|19000_21000,0
dataset_v2_clean.0_ook_000231,2,ook,48000,0.042666666666666665,20245.442658528325,-2.036450019433616,very_noisy,0.731830345459558,1.0,ambient,42,1278420886,1537990843,dataset_v2_generator-1.2,dataset_v2_clean.0,62.34860746215094,,,,,,,0.28659020523105055,0.18710416666666665,0,ook|very_noisy|20000,0
dataset_v2_clean.0_tone_000364,4,tone,48000,0.042666666666666665,19271.301265844875,0.3595986202185788,very_noisy,0.986306846180706,1.0,ambient,42,1745177944,3775592820,dataset_v2_generator-1.2,dataset_v2_clean.0,,,,,,,,0.3452082464243944,0.1810625,0,tone|very_noisy|19500,0
dataset_v2_clean.0_fsk_000430,1,fsk,48000,0.042666666666666665,19401.817134634628,14.347183950367942,moderate,0.6253241297786261,0.8418018039703529,ambient,42,1146209395,2635997199,dataset_v2_generator-1.2,dataset_v2_clean.0,76.17581135676576,1598.182865365372,,,,,,0.3021218619299999,0.059958333333333336,0,fsk|moderate|19500,0
dataset_v2_clean.0_benign_000140,0,benign,48000,0.042666666666666665,,,,0.5211615837301359,0.5211615837301359,ambient,42,1866650627,1354646948,dataset_v2_generator-1.2,dataset_v2_clean.0,,,,,,,ambient,0.2336726490568696,0.17039583333333333,0,benign|ambient|a50,0
dataset_v2_clean.0_benign_000003,0,benign,48000,0.042666666666666665,,,,0.1877709644076279,0.1877709644076279,ambient,42,1494732172,1183707961,dataset_v2_generator-1.2,dataset_v2_clean.0,,,,,,,ambient,0.22937157374350498,0.06402083333333333,4,benign|ambient|a20,0
dataset_v2_clean.0_tone_000348,4,tone,48000,0.042666666666666665,19495.552354204694,-2.1020310821140282,very_noisy,0.6814694971214909,1.0,ambient,42,3445169721,4145204836,dataset_v2_generator-1.2,dataset_v2_clean.0,,,,,,,,0.2543667842604372,0.011791666666666667,0,tone|very_noisy|19500,0
dataset_v2_clean.0_benign_000189,0,benign,48000,0.042666666666666665,,0.48255366006921374,very_noisy,0.48251127850376285,0.740437802599258,white,42,2161740975,2810161232,dataset_v2_generator-1.2,dataset_v2_clean.0,,,,,,,ambient_hf_boost,0.37175651500095847,0.042104166666666665,0,benign|ambient_hf_boost|very_noisy,0
dataset_v2_clean.0_benign_000408,0,benign,48000,0.042666666666666665,18468.561311353624,,,0.40643998724724323,0.40643998037666756,none,42,1564084422,384794543,dataset_v2_generator-1.2,dataset_v2_clean.0,,,,,,,steady_ultrasonic_hum,0.2847929179986164,0.03275,0,benign|steady_ultrasonic_hum|18500|a40,0
dataset_v2_clean.0_fsk_000423,1,fsk,48000,0.042666666666666665,18613.390324892564,9.132177155154565,noisy,0.6737084330358989,1.0,ambient,42,1712696728,3984956733,dataset_v2_generator-1.2,dataset_v2_clean.0,51.52031728064501,1920.496734548913,,,,,,0.27858792189161524,0.18589583333333334,0,fsk|noisy|18500,0
dataset_v2_clean.0_fsk_000271,1,fsk,48000,0.042666666666666665,18343.707376389084,-4.228529121712781,very_noisy,0.8412099854094856,1.0,ambient,42,4023892827,1914693553,dataset_v2_generator-1.2,dataset_v2_clean.0,30.370712850392906,941.8769888249917,,,,,,0.26700920709525466,0.14266666666666666,0,fsk|very_noisy|18500,0
dataset_v2_clean.0_benign_000298,0,benign,48000,0.042666666666666665,18766.425564391862,,,0.3042298869226593,0.30422988656529953,none,42,2913704152,277846221,dataset_v2_generator-1.2,dataset_v2_clean.0,,,,,,,steady_ultrasonic_hum,0.2911470512809913,0.0795625,0,benign|steady_ultrasonic_hum|19000|a30,0
dataset_v2_clean.0_fsk_000274,1,fsk,48000,0.042666666666666665,18279.004003124268,1.5829757881235507,very_noisy,0.9834370802043435,1.0,white,42,3709703373,2660282384,dataset_v2_generator-1.2,dataset_v2_clean.0,85.63915315507383,596.5378382941672,,,,,,0.39198471548247593,0.18989583333333335,0,fsk|very_noisy|18500,0
dataset_v2_clean.0_fsk_000158,1,fsk,48000,0.042666666666666665,18702.58771868757,-1.6826507350876283,very_noisy,0.9354173460014181,1.0,white,42,3774343347,2669770863,dataset_v2_generator-1.2,dataset_v2_clean.0,39.131371325630674,1846.5300176155106,,,,,,0.2556532600501456,0.13025,0,fsk|very_noisy|18500,0
dataset_v2_clean.0_tone_000282,4,tone,48000,0.042666666666666665,20335.87510829808,15.350587661060622,moderate,0.7260187736689785,0.9942855582110592,white,42,177207279,3473509682,dataset_v2_generator-1.2,dataset_v2_clean.0,,,,,,,,0.24438397510998797,0.03772916666666667,0,tone|moderate|20500,0
dataset_v2_clean.0_chirp_000088,3,chirp,48000,0.042666666666666665,,-2.266586977460955,very_noisy,0.9198129184883757,1.0,ambient,42,2262749564,29875022,dataset_v2_generator-1.2,dataset_v2_clean.0,,,18690.86520218961,20941.419578085628,,5,,0.24230267121011703,0.11741666666666667,0,chirp|very_noisy|18500_21000,0
dataset_v2_clean.0_chirp_000149,3,chirp,48000,0.042666666666666665,,-1.3312471065479032,very_noisy,0.9126578955973328,1.0,ambient,42,3453792813,712255407,dataset_v2_generator-1.2,dataset_v2_clean.0,,,19187.195960918616,20867.00594239254,,6,,0.2882230575497516,0.035541666666666666,0,chirp|very_noisy|19000_21000,0
dataset_v2_clean.0_benign_000114,0,benign,48000,0.042666666666666665,,,,0.5015852561853703,2.335441756216037,white,42,1331781945,108653446,dataset_v2_generator-1.2,dataset_v2_clean.0,,,,,,,band_limited_hiss,0.3624342163836216,0.14841666666666667,0,benign|band_limited_hiss|na|a50,0
dataset_v2_clean.0_fsk_000483,1,fsk,48000,0.042666666666666665,18997.023618704003,-2.5750413748325003,very_noisy,0.8070827259851276,1.0,ambient,42,2084623235,3970755047,dataset_v2_generator-1.2,dataset_v2_clean.0,28.908650513448293,808.1287916751935,,,,,,0.32552168392756436,0.251375,0,fsk|very_noisy|19000,0
dataset_v2_clean.0_ook_000004,2,ook,48000,0.042666666666666665,20018.528590523514,28.592534761727798,clean,0.9867696033877145,1.0,ambient,42,2097342444,1126870124,dataset_v2_generator-1.2,dataset_v2_clean.0,69.51612139733766,,,,,,,0.34507756835604964,0.20397916666666666,1,ook|clean|20000,0
dataset_v2_clean.0_benign_000331,0,benign,48000,0.042666666666666665,,7.981978708414395,noisy,0.419481985110819,0.5174938639473247,white,42,1014470267,3629656426,dataset_v2_generator-1.2,dataset_v2_clean.0,,,,,,,ambient_hf_boost,0.3372576778021987,0.25285416666666666,0,benign|ambient_hf_boost|noisy,0
dataset_v2_clean.0_fsk_000223,1,fsk,48000,0.042666666666666665,18466.537273310038,27.666757647468835,clean,0.7499512304231526,0.8175741016809178,white,42,2855181787,284716735,dataset_v2_generator-1.2,dataset_v2_clean.0,33.16751743965699,2119.545423196607,,,,,,0.2507122120146276,0.05197916666666667,0,fsk|clean|18500,0
dataset_v2_clean.0_chirp_000458,3,chirp,48000,0.042666666666666665,,11.31318153224115,moderate,0.580224874392542,0.9679449970363492,ambient,42,251560333,599008340,dataset_v2_generator-1.2,dataset_v2_clean.0,,,19293.807751745364,20225.70560335516,,6,,0.3153295702693389,0.1410625,0,chirp|moderate|19500_20000,0
dataset_v2_clean.0_benign_000340,0,benign,48000,0.042666666666666665,,23.510998877616533,clean,0.3363925112824885,0.34775238687216303,white,42,338637537,3837653945,dataset_v2_generator-1.2,dataset_v2_clean.0,,,,,,,ambient_hf_boost,0.2417440590666774,0.11122916666666667,0,benign|ambient_hf_boost|clean,0
dataset_v2_clean.0_chirp_000486,3,chirp,48000,0.042666666666666665,,21.77521189411465,clean,0.8513213747535906,0.9970610086879574,ambient,42,4146674372,448410685,dataset_v2_generator-1.2,dataset_v2_clean.0,,,18985.938564045864,20855.67157213703,,8,,0.418648345956077,0.18875,0,chirp|clean|19000_21000,0
dataset_v2_clean.0_benign_000185,0,benign,48000,0.042666666666666665,19662.129173778765,,,0.3365165855079484,0.3365165853297287,none,42,1478884249,2289208480,dataset_v2_generator-1.2,dataset_v2_clean.0,,,,,,,steady_ultrasonic_hum,0.24468211370622786,0.15595833333333334,0,benign|steady_ultrasonic_hum|19500|a30,0
dataset_v2_clean.0_benign_000487,0,benign,48000,0.042666666666666665,18754.324363185908,,,0.28731076811702927,0.2873107666305019,none,42,3793836288,4242398830,dataset_v2_generator-1.2,dataset_v2_clean.0,,,,,,,steady_ultrasonic_hum,0.25321940975783813,0.006,0,benign|steady_ultrasonic_hum|19000|a30,0
dataset_v2_clean.0_ook_000311,2,ook,48000,0.042666666666666665,20276.36539477162,8.778601871400305,noisy,0.9245194333280142,1.0,white,42,3209353305,3782334892,dataset_v2_generator-1.2,dataset_v2_clean.0,31.783374764902682,,,,,,,0.2520679095720874,0.006125,0,ook|noisy|20500,0
dataset_v2_clean.0_fsk_000330,1,fsk,48000,0.042666666666666665,19491.676025316134,15.12265414353184,moderate,0.99360010302466,1.0,ambient,42,74552285,1047339830,dataset_v2_generator-1.2,dataset_v2_clean.0,68.95696938447472,1306.4945274325437,,,,,,0.33784840924221854,0.009604166666666667,0,fsk|moderate|19500,0
dataset_v2_clean.0_tone_000305,4,tone,48000,0.042666666666666665,19906.61782904413,24.76043494630217,clean,0.8836040979680142,0.9971122174866472,white,42,4210337383,890109023,dataset_v2_generator-1.2,dataset_v2_clean.0,,,,,,,,0.2734957539512966,0.024354166666666666,0,tone|clean|20000,0
dataset_v2_clean.0_chirp_000405,3,chirp,48000,0.042666666666666665,,-0.042085609329441276,very_noisy,0.9219429366287952,1.0,white,42,3272072383,3364026096,dataset_v2_generator-1.2,dataset_v2_clean.0,,,19159.00702802236,20267.395441609868,,7,,0.23688082354364076,0.14954166666666666,0,chirp|very_noisy|19000_20500,0
dataset_v2_clean.0_tone_000490,4,tone,48000,0.042666666666666665,20982.126970164238,7.872489087161985,noisy,0.7194751886893505,1.0,white,42,49766044,1489915176,dataset_v2_generator-1.2,dataset_v2_clean.0,,,,,,,,0.34992563562902945,0.0007291666666666667,0,tone|noisy|21000,0
dataset_v2_clean.0_ook_000046,2,ook,48000,0.042666666666666665,19221.895328441577,-3.2797147677824534,very_noisy,0.7753561724344523,1.0,ambient,42,2507094725,2557437514,dataset_v2_generator-1.2,dataset_v2_clean.0,54.90220731808785,,,,,,,0.26405501458762654,0.14527083333333332,0,ook|very_noisy|19000,0
dataset_v2_clean.0_chirp_000004,3,chirp,48000,0.042666666666666665,,-3.2409775663324303,very_noisy,0.6678657780184807,1.0,ambient,42,114527616,446337210,dataset_v2_generator-1.2,dataset_v2_clean.0,,,18442.79080870393,20853.5326789449,,2,,0.3960123727748064,0.00925,0,chirp|very_noisy|18500_21000,0
dataset_v2_clean.0_tone_000267,4,tone,48000,0.042666666666666665,18816.821559227657,1.8295393407651366,very_noisy,0.7729822513693435,1.0,ambient,42,3068498139,1770216435,dataset_v2_generator-1.2,dataset_v2_clean.0,,,,,,,,0.27195904173796337,0.0729375,0,tone|very_noisy|19000,0
dataset_v2_clean.0_tone_000449,4,tone,48000,0.042666666666666665,18794.160344733667,25.6151248932072,clean,0.7269872132712392,0.7907347599021491,ambient,42,2579325885,1524177241,dataset_v2_generator-1.2,dataset_v2_clean.0,,,,,,,,0.32760607979611056,0.051270833333333335,0,tone|clean|19000,0
dataset_v2_clean.0_ook_000023,2,ook,48000,0.042666666666666665,20799.53517987576,5.324695491539208,noisy,0.8345424310000338,1.0,white,42,494369451,3457272334,dataset_v2_generator-1.2,dataset_v2_clean.0,56.00108742679171,,,,,,,0.42326967635144225,0.16114583333333332,0,ook|noisy|21000,0
dataset_v2_clean.0_chirp_000068,3,chirp,48000,0.042666666666666665,,16.439005972586948,moderate,0.9957953972399285,1.0,white,42,1095209497,2944037292,dataset_v2_generator-1.2,dataset_v2_clean.0,,,18413.651405895573,20901.75810848742,,7,,0.22638420405879833,0.10875,0,chirp|moderate|18500_21000,0
dataset_v2_clean.0_chirp_000253,3,chirp,48000,0.042666666666666665,,19.94389900877087,moderate,0.7592454766379799,0.8904758146449786,ambient,42,4265100172,3440354492,dataset_v2_generator-1.2,dataset_v2_clean.0,,,18067.71563829575,20948.922940666733,,5,,0.4109215916648709,0.062,0,chirp|moderate|18000_21000,0
dataset_v2_clean.0_fsk_000270,1,fsk,48000,0.042666666666666665,18570.74265346173,9.302316397314478,noisy,0.9995989945416242,1.0,white,42,4063344642,2553539795,dataset_v2_generator-1.2,dataset_v2_clean.0,17.847436844239482,1151.867615080966,,,,,,0.2828908975329274,0.027875,0,fsk|noisy|18500,0
dataset_v2_clean.0_tone_000088,4,tone,48000,0.042666666666666665,20967.802937333483,19.256884611477144,moderate,0.7550788638185527,0.9444131031268057,white,42,166824848,3955680499,dataset_v2_generator-1.2,dataset_v2_clean.0,,,,,,,,0.22870647776504602,0.1811875,0,tone|moderate|21000,0
dataset_v2_clean.0_fsk_000000,1,fsk,48000,0.042666666666666665,18937.81545586971,3.88097427052199,noisy,0.80160889873228,1.0,ambient,42,3329053876,3645748255,dataset_v2_generator-1.2,dataset_v2_clean.0,61.4769016316725,1150.5124310069914,,,,,,0.2677444102441493,0.033104166666666664,0,fsk|noisy|19000,0
dataset_v2_clean.0_fsk_000429,1,fsk,48000,0.042666666666666665,18358.1374191443,9.37246179323007,noisy,0.7480580294965266,1.0,white,42,2353086145,535754286,dataset_v2_generator-1.2,dataset_v2_clean.0,33.715806108184495,1625.5596200080909,,,,,,0.389116742401609,0.26410416666666664,0,fsk|noisy|18500,0
dataset_v2_clean.0_chirp_000430,3,chirp,48000,0.042666666666666665,,21.351983118293052,clean,0.7332429534972535,0.91437570874823,white,42,87443509,4202957243,dataset_v2_generator-1.2,dataset_v2_clean.0,,,18118.259603752336,20559.062899629967,,8,,0.2815086469841418,0.15370833333333334,0,chirp|clean|18000_20500,0
dataset_v2_clean.0_fsk_000265,1,fsk,48000,0.042666666666666665,18531.2134214508,5.756472887476745,noisy,0.9501440176279892,1.0,white,42,422979990,265074598,dataset_v2_generator-1.2,dataset_v2_clean.0,73.030438819037,1271.7967034774883,,,,,,0.3879792037140909,0.018666666666666668,0,fsk|noisy|18500,0
dataset_v2_clean.0_fsk_000118,1,fsk,48000,0.042666666666666665,19625.33675361927,-1.0573459697904442,very_noisy,0.6971530165833401,1.0,white,42,1971443341,606000603,dataset_v2_generator-1.2,dataset_v2_clean.0,26.695856814584044,754.8393815691343,,,,,,0.22611205618137925,0.1629375,0,fsk|very_noisy|19500,0
dataset_v2_clean.0_tone_000353,4,tone,48000,0.042666666666666665,19948.372365183222,7.717199963488696,noisy,0.6290039588090302,1.0,white,42,3486426344,3923520536,dataset_v2_generator-1.2,dataset_v2_clean.0,,,,,,,,0.4025264135011739,0.26104166666666667,0,tone|noisy|20000,0
dataset_v2_clean.0_ook_000264,2,ook,48000,0.042666666666666665,19620.962348307938,9.767672840585234,noisy,0.7789373488179421,1.0,white,42,1972409286,430284650,dataset_v2_generator-1.2,dataset_v2_clean.0,33.38895688017815,,,,,,,0.2208114787758405,0.14454166666666668,0,ook|noisy|19500,0
dataset_v2_clean.0_ook_000157,2,ook,48000,0.042666666666666665,20570.359688256118,2.592858633581736,noisy,0.8055594757769671,1.0,white,42,2232734930,3812985002,dataset_v2_generator-1.2,dataset_v2_clean.0,57.59161419239964,,,,,,,0.41338510673299894,0.20233333333333334,0,ook|noisy|20500,0
dataset_v2_clean.0_tone_000035,4,tone,48000,0.042666666666666665,19453.196922521536,-3.4303721649584524,very_noisy,0.9020060991675162,1.0,ambient,42,3940777010,3564800019,dataset_v2_generator-1.2,dataset_v2_clean.0,,,,,,,,0.34343247135131855,0.11652083333333334,0,tone|very_noisy|19500,0
dataset_v2_clean.0_ook_000384,2,ook,48000,0.042666666666666665,20461.126227527173,1.4839129860582743,very_noisy,0.9069840684372364,1.0,white,42,2572482580,951915889,dataset_v2_generator-1.2,dataset_v2_clean.0,46.46625523185197,,,,,,,0.2521001029240184,0.0385625,0,ook|very_noisy|20500,0
dataset_v2_clean.0_ook_000247,2,ook,48000,0.042666666666666665,20082.03589453036,-2.594435392065081,very_noisy,0.5718596021283533,0.9901850103349656,ambient,42,2556357477,2177231329,dataset_v2_generator-1.2,dataset_v2_clean.0,40.620783532666835,,,,,,,0.36035918064752726,0.2758541666666667,1,ook|very_noisy|20000,0
dataset_v2_clean.0_chirp_000123,3,chirp,48000,0.042666666666666665,,26.846857349507587,clean,0.818060346636239,0.8816648831995844,ambient,42,138931668,194528206,dataset_v2_generator-1.2,dataset_v2_clean.0,,,18381.526774157945,20762.409139450738,,8,,0.3907623563636339,0.10045833333333333,0,chirp|clean|18500_21000,0
dataset_v2_clean.0_tone_000325,4,tone,48000,0.042666666666666665,19959.888770327398,22.267059819455945,clean,0.9342970900135308,1.0,white,42,3047714233,1709483970,dataset_v2_generator-1.2,dataset_v2_clean.0,,,,,,,,0.4241611620885563,0.1653125,0,tone|clean|20000,0
dataset_v2_clean.0_tone_000174,4,tone,48000,0.042666666666666665,19772.968830173402,11.184571702590674,moderate,0.8665755632903674,1.0,ambient,42,3576271833,609410099,dataset_v2_generator-1.2,dataset_v2_clean.0,,,,,,,,0.32158256880804803,0.15472916666666667,0,tone|moderate|20000,0
dataset_v2_clean.0_chirp_000001,3,chirp,48000,0.042666666666666665,,12.619738079567977,moderate,0.6848685685542635,0.9755410804611349,ambient,42,2958905532,2528725656,dataset_v2_generator-1.2,dataset_v2_clean.0,,,19284.45257667559,20649.24366591689,,3,,0.37745107850740334,0.1884375,0,chirp|moderate|19500_20500,0
dataset_v2_clean.0_benign_000264,0,benign,48000,0.042666666666666665,,4.299950768028243,noisy,0.5267313487818367,0.9203443299783158,white,42,4293590287,408788829,dataset_v2_generator-1.2,dataset_v2_clean.0,,,,,,,ambient_hf_boost,0.22145509213860393,0.12527083333333333,0,benign|ambient_hf_boost|noisy,0
dataset_v2_clean.0_tone_000111,4,tone,48000,0.042666666666666665,20583.573696306234,8.28089148438302,noisy,0.5596670488848027,0.8948099798067836,ambient,42,1688992387,3206494629,dataset_v2_generator-1.2,dataset_v2_clean.0,,,,,,,,0.35889936937622546,0.175875,0,tone|noisy|20500,0
dataset_v2_clean.0_fsk_000227,1,fsk,48000,0.042666666666666665,18232.428121887457,0.6139232980640008,very_noisy,0.8962790477782432,1.0,white,42,1159970586,2240832440,dataset_v2_generator-1.2,dataset_v2_clean.0,38.49802290620885,953.6501449241914,,,,,,0.3586829040114847,0.19475,0,fsk|very_noisy|18000,0
dataset_v2_clean.0_chirp_000210,3,chirp,48000,0.042666666666666665,,-2.7979112694002737,very_noisy,0.5560248626418927,1.0,white,42,3043459230,2943111851,dataset_v2_generator-1.2,dataset_v2_clean.0,,,19148.292098758506,20386.55526621308,,4,,0.30472224945724286,0.25116666666666665,0,chirp|very_noisy|19000_20500,0
dataset_v2_clean.0_tone_000031,4,tone,48000,0.042666666666666665,19923.513723910666,15.061131251572144,moderate,0.8136753946362947,1.0,ambient,42,3517568222,1042681811,dataset_v2_generator-1.2,dataset_v2_clean.0,,,,,,,,0.21561533468282845,0.08602083333333334,0,tone|moderate|20000,0
dataset_v2_clean.0_ook_000106,2,ook,48000,0.042666666666666665,20180.9542092395,-1.5759319322583223,very_noisy,0.8278720907312684,1.0,ambient,42,1049310861,1617947000,dataset_v2_generator-1.2,dataset_v2_clean.0,65.64035688004132,,,,,,,0.28104135926539353,0.23254166666666667,0,ook|very_noisy|20000,0
dataset_v2_clean.0_tone_000224,4,tone,48000,0.042666666666666665,20958.12135935807,4.938387956441987,noisy,0.7325909019718896,1.0,white,42,1125470928,1211716694,dataset_v2_generator-1.2,dataset_v2_clean.0,,,,,,,,0.3264759894982621,0.27445833333333336,0,tone|noisy|21000,0
dataset_v2_clean.0_benign_000018,0,benign,48000,0.042666666666666665,18812.04098165838,,,0.5238739026711197,0.5238739024982231,none,42,1877138521,3167264854,dataset_v2_generator-1.2,dataset_v2_clean.0,,,,,,,steady_ultrasonic_hum,0.4261853104351174,0.2014375,0,benign|steady_ultrasonic_hum|19000|a50,0
dataset_v2_clean.0_ook_000123,2,ook,48000,0.042666666666666665,19653.396075335015,-4.725772451878031,very_noisy,0.8986925194676114,1.0,ambient,42,3030600429,1486872969,dataset_v2_generator-1.2,dataset_v2_clean.0,52.441885235424536,,,,,,,0.3051451817798315,0.1741875,0,ook|very_noisy|19500,0
dataset_v2_clean.0_benign_000001,0,benign,48000,0.042666666666666665,,21.06587134733892,clean,0.39152447261555756,0.4174775953672159,white,42,1896493428,3729148397,dataset_v2_generator-1.2,dataset_v2_clean.0,,,,,,,ambient_hf_boost,0.21996083590817048,0.07202083333333334,0,benign|ambient_hf_boost|clean,0
dataset_v2_clean.0_benign_000440,0,benign,48000,0.042666666666666665,,,,0.3660763758892027,1.5190917078003363,white,42,1257841009,2532115421,dataset_v2_generator-1.2,dataset_v2_clean.0,,,,,,,band_limited_hiss,0.3984582702985505,0.1034375,0,benign|band_limited_hiss|na|a40,0
dataset_v2_clean.0_benign_000491,0,benign,48000,0.042666666666666665,,,,0.7394755781726371,2.913859085601746,white,42,3627462374,2482161718,dataset_v2_generator-1.2,dataset_v2_clean.0,,,,,,,band_limited_hiss,0.3191661247469154,0.10352083333333334,0,benign|band_limited_hiss|na|a70,0
dataset_v2_clean.0_fsk_000321,1,fsk,48000,0.042666666666666665,18581.363832939907,6.921780304159135,noisy,0.6150434820918164,1.0,white,42,3351921051,2872063861,dataset_v2_generator-1.2,dataset_v2_clean.0,89.45788858273565,1183.6798539218616,,,,,,0.3300317171959094,0.06516666666666666,0,fsk|noisy|18500,0
dataset_v2_clean.0_ook_000111,2,ook,48000,0.042666666666666665,18528.701679600385,-0.09683158806973235,very_noisy,0.8818705672234595,1.0,white,42,301810328,231203537,dataset_v2_generator-1.2,dataset_v2_clean.0,59.390603160901094,,,,,,,0.2672723351380218,0.017625,0,ook|very_noisy|18500,0
dataset_v2_clean.0_benign_000004,0,benign,48000,0.042666666666666665,,,,0.3590188788642965,1.3631270902289265,white,42,4101183755,3626270669,dataset_v2_generator-1.2,dataset_v2_clean.0,,,,,,,band_limited_hiss,0.34171930416535895,0.025625,0,benign|band_limited_hiss|na|a40,0
dataset_v2_clean.0_benign_000106,0,benign,48000,0.042666666666666665,,15.952147429874216,moderate,0.5207684362886394,0.6020260087979713,white,42,4097819122,160811485,dataset_v2_generator-1.2,dataset_v2_clean.0,,,,,,,ambient_hf_boost,0.23068893214019318,0.0011875,0,benign|ambient_hf_boost|moderate,0
dataset_v2_clean.0_tone_000376,4,tone,48000,0.042666666666666665,19821.20632285645,6.59207863337968,noisy,0.9408647877672389,1.0,ambient,42,1462569992,3523433268,dataset_v2_generator-1.2,dataset_v2_clean.0,,,,,,,,0.3297364535170777,0.162,0,tone|noisy|20000,0
dataset_v2_clean.0_ook_000017,2,ook,48000,0.042666666666666665,20798.119221849036,0.681466071811899,very_noisy,0.5672629999232147,1.0,white,42,2566381643,2059869136,dataset_v2_generator-1.2,dataset_v2_clean.0,30.490174864543654,,,,,,,0.3617293557286018,0.18602083333333333,0,ook|very_noisy|21000,0
dataset_v2_clean.0_ook_000192,2,ook,48000,0.042666666666666665,20030.310322044552,28.47328948678149,clean,0.5869783738904887,0.6137394694404457,white,42,3564727067,549414431,dataset_v2_generator-1.2,dataset_v2_clean.0,46.00715554999938,,,,,,,0.41789163511821015,0.3001666666666667,0,ook|clean|20000,0
dataset_v2_clean.0_chirp_000062,3,chirp,48000,0.042666666666666665,,29.058677585636715,clean,0.604790966968864,0.6515929718411247,white,42,3391759153,2777616558,dataset_v2_generator-1.2,dataset_v2_clean.0,,,18317.24437944053,20438.11119280062,,2,,0.2216738339620926,0.16425,0,chirp|clean|18500_20500,0
dataset_v2_clean.0_ook_000200,2,ook,48000,0.042666666666666665,18409.742478356122,10.591604877253864,moderate,0.6073500074674387,0.8842640558185978,white,42,2775199728,937190494,dataset_v2_generator-1.2,dataset_v2_clean.0,45.34897357088433,,,,,,,0.21425770076574446,0.039875,0,ook|moderate|18500,0
dataset_v2_clean.0_benign_000164,0,benign,48000,0.042666666666666665,,14.525083247650592,moderate,0.4808008239227084,0.5202862147762806,white,42,3547610756,1371347230,dataset_v2_generator-1.2,dataset_v2_clean.0,,,,,,,ambient_hf_boost,0.27405460090109096,0.20079166666666667,0,benign|ambient_hf_boost|moderate,0
dataset_v2_clean.0_tone_000268,4,tone,48000,0.042666666666666665,19286.29484594336,29.274550906096806,clean,0.6080798030825015,0.6610483586497028,white,42,3568627030,3295110498,dataset_v2_generator-1.2,dataset_v2_clean.0,,,,,,,,0.4101464112060511,0.12064583333333333,0,tone|clean|19500,0
dataset_v2_clean.0_chirp_000497,3,chirp,48000,0.042666666666666665,,2.890726871316791,noisy,0.5992505248735729,1.0,white,42,1328217400,3636293719,dataset_v2_generator-1.2,dataset_v2_clean.0,,,18659.336627571523,20343.11051930306,,8,,0.27077101587469055,0.14735416666666667,0,chirp|noisy|18500_20500,0
dataset_v2_clean.0_benign_000268,0,benign,48000,0.042666666666666665,,-4.577286430170295,very_noisy,0.4002691395991176,1.0,white,42,2647660020,1866007212,dataset_v2_generator-1.2,dataset_v2_clean.0,,,,,,,ambient_hf_boost,0.2655328263932514,0.1545,0,benign|ambient_hf_boost|very_noisy,0
dataset_v2_clean.0_benign_000458,0,benign,48000,0.042666666666666665,20403.88613989262,,,0.44928368461104595,0.4492836838843976,none,42,3579779173,1362010727,dataset_v2_generator-1.2,dataset_v2_clean.0,,,,,,,steady_ultrasonic_hum,0.39727290610024935,0.3380625,0,benign|steady_ultrasonic_hum|20500|a40,0
dataset_v2_clean.0_tone_000419,4,tone,48000,0.042666666666666665,19264.222290153164,16.65164458302163,moderate,0.6914153078844797,0.883003498149876,ambient,42,1885530121,2590043868,dataset_v2_generator-1.2,dataset_v2_clean.0,,,,,,,,0.4001408059825968,0.19339583333333332,0,tone|moderate|19500,0
dataset_v2_clean.0_ook_000043,2,ook,48000,0.042666666666666665,19825.328176886687,-2.9187581767807504,very_noisy,0.6239579328670722,1.0,white,42,2299280978,227119656,dataset_v2_generator-1.2,dataset_v2_clean.0,62.6793898058381,,,,,,,0.33583863446392104,0.023354166666666665,0,ook|very_noisy|20000,0
dataset_v2_clean.0_fsk_000299,1,fsk,48000,0.042666666666666665,19558.562377193655,9.820609698047365,noisy,0.5632579472596388,0.9715633495481959,white,42,3436766366,3129207146,dataset_v2_generator-1.2,dataset_v2_clean.0,36.613529370090674,1207.6109983913339,,,,,,0.3361578517565562,0.17975,0,fsk|noisy|19500,0
dataset_v2_clean.0_ook_000196,2,ook,48000,0.042666666666666665,20866.00788377017,10.105613807261095,moderate,0.6439054119889563,0.831155772328687,ambient,42,3488331359,527016504,dataset_v2_generator-1.2,dataset_v2_clean.0,66.10895498993737,,,,,,,0.31252600800654984,0.16702083333333334,0,ook|moderate|21000,0
dataset_v2_clean.0_fsk_000487,1,fsk,48000,0.042666666666666665,18542.59341666589,7.913245050766059,noisy,0.6490481500733026,1.0,white,42,1310654705,483507728,dataset_v2_generator-1.2,dataset_v2_clean.0,81.27596728049856,465.2713365575546,,,,,,0.38242059908248227,0.15820833333333334,0,fsk|noisy|18500,0
dataset_v2_clean.0_ook_000302,2,ook,48000,0.042666666666666665,19484.083188145825,3.43984408889993,noisy,0.8474328819174581,1.0,ambient,42,1394244424,2828532736,dataset_v2_generator-1.2,dataset_v2_clean.0,49.635550562177144,,,,,,,0.3293878983191465,0.2630625,0,ook|noisy|19500,0
dataset_v2_clean.0_ook_000483,2,ook,48000,0.042666666666666665,19371.822303424644,9.45807479478361,noisy,0.818928231087203,1.0,ambient,42,27624687,716031265,dataset_v2_generator-1.2,dataset_v2_clean.0,59.37747217519106,,,,,,,0.23791512257913627,0.0110625,0,ook|noisy|19500,0
dataset_v2_clean.0_fsk_000062,1,fsk,48000,0.042666666666666665,19147.855587634054,28.560017521447833,clean,0.8296913287615258,0.89721352782739,white,42,944279951,2193072251,dataset_v2_generator-1.2,dataset_v2_clean.0,44.21758646697645,853.2561263932002,,,,,,0.2881486160210704,0.232625,0,fsk|clean|19000,0
dataset_v2_clean.0_fsk_000435,1,fsk,48000,0.042666666666666665,18697.686828398673,18.110383613960803,moderate,0.8438709567957469,1.0,white,42,598787985,2935568909,dataset_v2_generator-1.2,dataset_v2_clean.0,19.28488214762085,494.10932416758806,,,,,,0.336302336735055,0.07545833333333334,0,fsk|moderate|18500,0
dataset_v2_clean.0_benign_000118,0,benign,48000,0.042666666666666665,,,,0.4315262972791529,1.7366849409327787,white,42,1768722076,1413261087,dataset_v2_generator-1.2,dataset_v2_clean.0,,,,,,,band_limited_hiss,0.395367603059872,0.2745625,0,benign|band_limited_hiss|na|a40,1
dataset_v2_clean.0_tone_000201,4,tone,48000,0.042666666666666665,20650.03783878416,11.394005574180772,moderate,0.6680041658197935,1.0,white,42,2741050576,3652207366,dataset_v2_generator-1.2,dataset_v2_clean.0,,,,,,,,0.24873510123999573,0.0055,0,tone|moderate|20500,0
dataset_v2_clean.0_chirp_000144,3,chirp,48000,0.042666666666666665,,25.007164228749527,clean,0.6593103202324835,0.7385996955110254,white,42,2435779726,1154677992,dataset_v2_generator-1.2,dataset_v2_clean.0,,,18799.349241190837,20276.59393495868,,6,,0.34874136483289203,0.28170833333333334,0,chirp|clean|19000_20500,0
dataset_v2_clean.0_tone_000431,4,tone,48000,0.042666666666666665,20559.13062810591,-4.607230917827752,very_noisy,0.839428223687952,1.0,ambient,42,3569158521,666322195,dataset_v2_generator-1.2,dataset_v2_clean.0,,,,,,,,0.2211371828299675,0.10591666666666667,0,tone|very_noisy|20500,0
dataset_v2_clean.0_chirp_000243,3,chirp,48000,0.042666666666666665,,3.9920709280082862,noisy,0.6368060503685605,1.0,ambient,42,3430256202,124796860,dataset_v2_generator-1.2,dataset_v2_clean.0,,,18947.266139157007,20529.66425241011,,8,,0.29195589659463755,0.0017708333333333332,0,chirp|noisy|19000_20500,0
dataset_v2_clean.0_chirp_000214,3,chirp,48000,0.042666666666666665,,6.724637174926212,noisy,0.7098293676879381,1.0,white,42,1482687141,3074486310,dataset_v2_generator-1.2,dataset_v2_clean.0,,,18376.280355157418,20380.2601296589,,3,,0.34267977403535094,0.125125,0,chirp|noisy|18500_20500,0
dataset_v2_clean.0_chirp_000026,3,chirp,48000,0.042666666666666665,,20.53648487092184,clean,0.7490594162190786,0.9171819756857347,white,42,2291880017,2409098486,dataset_v2_generator-1.2,dataset_v2_clean.0,,,18121.98166672687,20856.05986682334,,3,,0.42579561745342187,0.19247916666666667,0,chirp|clean|18000_21000,0
dataset_v2_clean.0_benign_000355,0,benign,48000,0.042666666666666665,,-4.371699355695371,very_noisy,0.33564540562185774,1.0,white,42,1906132429,751590895,dataset_v2_generator-1.2,dataset_v2_clean.0,,,,,,,ambient_hf_boost,0.40693773938173156,0.07447916666666667,0,benign|ambient_hf_boost|very_noisy,0
dataset_v2_clean.0_tone_000284,4,tone,48000,0.042666666666666665,20577.175604684533,24.934046620088388,clean,0.6375765549676667,0.7134249998897406,white,42,2868432558,3702278142,dataset_v2_generator-1.2,dataset_v2_clean.0,,,,,,,,0.41816304782829605,0.3706875,0,tone|clean|20500,0
dataset_v2_clean.0_benign_000043,0,benign,48000,0.042666666666666665,,,,0.5682213611214839,2.146935286347483,white,42,2548874142,2736546043,dataset_v2_generator-1.2,dataset_v2_clean.0,,,,,,,band_limited_hiss,0.3609766234728547,0.1445,0,benign|band_limited_hiss|na|a60,0
dataset_v2_clean.0_tone_000226,4,tone,48000,0.042666666666666665,19168.72570897864,3.7872354794569194,noisy,0.7647918174461626,1.0,ambient,42,1173192109,3601924204,dataset_v2_generator-1.2,dataset_v2_clean.0,,,,,,,,0.2782346072424485,0.18729166666666666,0,tone|noisy|19000,0
dataset_v2_clean.0_fsk_000314,1,fsk,48000,0.042666666666666665,18880.439057787065,1.0626500875324583,very_noisy,0.8171093738866019,1.0,white,42,1727029644,1702425464,dataset_v2_generator-1.2,dataset_v2_clean.0,76.36935205756984,980.5047170806029,,,,,,0.3554305998937957,0.1471875,0,fsk|very_noisy|19000,0
dataset_v2_clean.0_ook_000443,2,ook,48000,0.042666666666666665,20178.666921414493,28.775572334261376,clean,0.5698915590205627,0.5980187997960816,white,42,1111741651,2115329579,dataset_v2_generator-1.2,dataset_v2_clean.0,67.553496328528,,,,,,,0.29420531398865696,0.1806875,0,ook|clean|20000,0
dataset_v2_clean.0_ook_000060,2,ook,48000,0.042666666666666665,18883.925099786353,-1.6907283769565438,very_noisy,0.8335379327427365,1.0,ambient,42,3912396461,585059931,dataset_v2_generator-1.2,dataset_v2_clean.0,42.23743603388677,,,,,,,0.27789920238416965,0.15920833333333334,0,ook|very_noisy|19000,0
dataset_v2_clean.0_ook_000485,2,ook,48000,0.042666666666666665,18470.21043207405,15.717502035887117,moderate,0.699929540669219,0.7992115784152114,white,42,1084237133,4061891682,dataset_v2_generator-1.2,dataset_v2_clean.0,33.51120630961624,,,,,,,0.3239541873951654,0.13691666666666666,0,ook|moderate|18500,0
dataset_v2_clean.0_tone_000394,4,tone,48000,0.042666666666666665,20992.865868157438,21.465639611448346,clean,0.5500093750924195,0.6750776470677295,white,42,1499089843,1596613564,dataset_v2_generator-1.2,dataset_v2_clean.0,,,,,,,,0.33774321561720827,0.17245833333333332,0,tone|clean|21000,0
dataset_v2_clean.0_fsk_000365,1,fsk,48000,0.042666666666666665,19131.25277780105,22.66639003664525,clean,0.7924179036791822,0.9303992922080074,white,42,516043064,1735803813,dataset_v2_generator-1.2,dataset_v2_clean.0,46.254619108280416,1565.4980012421038,,,,,,0.31261066036979884,0.11370833333333333,0,fsk|clean|19000,0
dataset_v2_clean.0_ook_000494,2,ook,48000,0.042666666666666665,20140.218778533454,4.4574354446902715,noisy,0.861370184233959,1.0,white,42,876431957,1865773263,dataset_v2_generator-1.2,dataset_v2_clean.0,39.86276712396904,,,,,,,0.28174519322428077,0.165375,0,ook|noisy|20000,0
dataset_v2_clean.0_fsk_000317,1,fsk,48000,0.042666666666666665,18537.74450110233,11.237430494709347,moderate,0.8183265726704035,1.0,white,42,3637892385,1799484527,dataset_v2_generator-1.2,dataset_v2_clean.0,65.00555011506204,1968.0238135670043,,,,,,0.3435286911697658,0.12108333333333333,0,fsk|moderate|18500,0
dataset_v2_clean.0_tone_000482,4,tone,48000,0.042666666666666665,19538.38238382614,3.1218969902338953,noisy,0.8434523918929349,1.0,ambient,42,3368720750,1913129769,dataset_v2_generator-1.2,dataset_v2_clean.0,,,,,,,,0.4256568286760832,0.260375,0,tone|noisy|19500,0
dataset_v2_clean.0_ook_000373,2,ook,48000,0.042666666666666665,19099.852520557408,16.050871737821375,moderate,0.6815962419330118,0.853750085744257,white,42,255409668,3604125028,dataset_v2_generator-1.2,dataset_v2_clean.0,45.45531605705543,,,,,,,0.3894864000813559,0.03804166666666667,0,ook|moderate|19000,0
dataset_v2_clean.0_chirp_000167,3,chirp,48000,0.042666666666666665,,16.791999982973827,moderate,0.940823718518,1.0,white,42,903412588,1171042377,dataset_v2_generator-1.2,dataset_v2_clean.0,,,19230.064070053417,20843.234434694303,,8,,0.2199545365020376,0.04827083333333333,0,chirp|moderate|19000_21000,0
dataset_v2_clean.0_benign_000228,0,benign,48000,0.042666666666666665,18872.12415547822,,,0.4348040551060405,0.4348040429498805,none,42,4188582252,3731837201,dataset_v2_generator-1.2,dataset_v2_clean.0,,,,,,,steady_ultrasonic_hum,0.36668226423500067,0.16514583333333333,0,benign|steady_ultrasonic_hum|19000|a40,0
dataset_v2_clean.0_chirp_000168,3,chirp,48000,0.042666666666666665,,14.5619288508011,moderate,0.9167864554666888,1.0,white,42,2191263535,1549084727,dataset_v2_generator-1.2,dataset_v2_clean.0,,,19037.95703221715,20522.786003663576,,2,,0.2398408110177897,0.13541666666666666,0,chirp|moderate|19000_20500,0
dataset_v2_clean.0_benign_000042,0,benign,48000,0.042666666666666665,,-1.1599239596572075,very_noisy,0.40854085253253436,1.0,white,42,1780936988,1597814768,dataset_v2_generator-1.2,dataset_v2_clean.0,,,,,,,ambient_hf_boost,0.322843459873543,0.2644166666666667,0,benign|ambient_hf_boost|very_noisy,0
dataset_v2_clean.0_ook_000114,2,ook,48000,0.042666666666666665,19721.320405807088,5.671342082391298,noisy,0.6851896396607471,1.0,white,42,605837049,2296526163,dataset_v2_generator-1.2,dataset_v2_clean.0,58.14299453362853,,,,,,,0.3147490989794456,0.12289583333333333,0,ook|noisy|19500,0
dataset_v2_clean.0_ook_000108,2,ook,48000,0.042666666666666665,20320.04585048979,-2.72046483015349,very_noisy,0.9889556604679823,1.0,ambient,42,1595290455,1073629219,dataset_v2_generator-1.2,dataset_v2_clean.0,61.30716914289555,,,,,,,0.3093558242081368,0.1054375,0,ook|very_noisy|20500,0
dataset_v2_clean.0_fsk_000382,1,fsk,48000,0.042666666666666665,19147.539457722443,8.520749393272718,noisy,0.6362158764207051,1.0,white,42,540878211,789461154,dataset_v2_generator-1.2,dataset_v2_clean.0,55.07108958799331,1114.5014024992706,,,,,,0.36588449286690283,0.12554166666666666,0,fsk|noisy|19000,0
dataset_v2_clean.0_chirp_000259,3,chirp,48000,0.042666666666666665,,22.475230394308554,clean,0.580933400079613,0.6830587412632755,white,42,881792911,3629950623,dataset_v2_generator-1.2,dataset_v2_clean.0,,,18839.996970055465,20401.46295674238,,2,,0.28602516419666196,0.08097916666666667,0,chirp|clean|19000_20500,0
dataset_v2_clean.0_benign_000304,0,benign,48000,0.042666666666666665,,,,0.3498860033544908,1.5087428621217527,white,42,1082594051,2750973978,dataset_v2_generator-1.2,dataset_v2_clean.0,,,,,,,white,0.35468105691918206,0.19264583333333332,0,benign|white|a30,0
dataset_v2_clean.0_chirp_000206,3,chirp,48000,0.042666666666666665,,21.916174520926226,clean,0.7182855475430949,0.8529129514087589,white,42,1573318755,2944011929,dataset_v2_generator-1.2,dataset_v2_clean.0,,,18510.454112868505,20930.022627457445,,8,,0.36274594587714726,0.050708333333333334,0,chirp|clean|18500_21000,0
dataset_v2_clean.0_ook_000319,2,ook,48000,0.042666666666666665,18348.16646698888,28.14043501285857,clean,0.7576234345148011,0.794962103710469,white,42,1809182013,2731161263,dataset_v2_generator-1.2,dataset_v2_clean.0,38.835221473179175,,,,,,,0.29680388377835515,0.16870833333333332,0,ook|clean|18500,0
dataset_v2_clean.0_benign_000123,0,benign,48000,0.042666666666666665,,3.3045616458282137,noisy,0.5639939193243847,0.9336032729783528,white,42,4036111398,1145301595,dataset_v2_generator-1.2,dataset_v2_clean.0,,,,,,,ambient_hf_boost,0.227927910078369,0.07085416666666666,0,benign|ambient_hf_boost|noisy,0
dataset_v2_clean.0_benign_000258,0,benign,48000,0.042666666666666665,,,,0.7344343193065904,3.032498529373735,white,42,3658332639,1992954467,dataset_v2_generator-1.2,dataset_v2_clean.0,,,,,,,band_limited_hiss,0.3245556752614295,0.210375,0,benign|band_limited_hiss|na|a70,0
dataset_v2_clean.0_ook_000253,2,ook,48000,0.042666666666666665,19032.25562483009,7.927039100733252,noisy,0.8188074924668494,1.0,white,42,1227458975,460967899,dataset_v2_generator-1.2,dataset_v2_clean.0,45.31951973038413,,,,,,,0.27468200526882014,0.08070833333333334,0,ook|noisy|19000,0
dataset_v2_clean.0_benign_000368,0,benign,48000,0.042666666666666665,,,,0.5514200793691335,2.1748928704790456,white,42,2030085528,4141057827,dataset_v2_generator-1.2,dataset_v2_clean.0,,,,,,,band_limited_hiss,0.36635339810561346,0.28247916666666667,0,benign|band_limited_hiss|na|a60,0
dataset_v2_clean.0_benign_000215,0,benign,48000,0.042666666666666665,,,,0.4065867783659892,1.5673971662170287,white,42,4122068872,1422171672,dataset_v2_generator-1.2,dataset_v2_clean.0,,,,,,,white,0.2852197502032082,0.0384375,0,benign|white|a40,0
dataset_v2_clean.0_fsk_000336,1,fsk,48000,0.042666666666666665,18405.383524048928,22.301314579528242,clean,0.5542158698484433,0.6473483033661658,white,42,2232393810,1493948451,dataset_v2_generator-1.2,dataset_v2_clean.0,21.653523843730273,1363.0202806501766,,,,,,0.3922813905723531,0.33620833333333333,0,fsk|clean|18500,0
dataset_v2_clean.0_fsk_000215,1,fsk,48000,0.042666666666666665,19305.506658336708,1.989244400607979,very_noisy,0.9583920759331961,1.0,white,42,3940534300,1609928493,dataset_v2_generator-1.2,dataset_v2_clean.0,53.26535175281882,551.2706406464604,,,,,,0.2891006970000862,0.04783333333333333,0,fsk|very_noisy|19500,0
dataset_v2_clean.0_ook_000372,2,ook,48000,0.042666666666666665,20012.591712781945,26.337392197005986,clean,0.7131963468613368,0.7625423207984159,white,42,3952203832,1387413055,dataset_v2_generator-1.2,dataset_v2_clean.0,45.73596058169508,,,,,,,0.21424259749317343,0.15541666666666668,0,ook|clean|20000,0
dataset_v2_clean.0_tone_000162,4,tone,48000,0.042666666666666665,20596.770455910788,21.96397157127277,clean,0.7484526657281526,0.9242749106560395,white,42,4194063040,1870558344,dataset_v2_generator-1.2,dataset_v2_clean.0,,,,,,,,0.31264858235982146,0.0015,0,tone|clean|20500,0
dataset_v2_clean.0_ook_000335,2,ook,48000,0.042666666666666665,19869.421172549268,6.210234357326528,noisy,0.6677048665889603,1.0,white,42,612249281,1590081964,dataset_v2_generator-1.2,dataset_v2_clean.0,41.0401102186205,,,,,,,0.2230318984621769,0.173125,0,ook|noisy|20000,0
dataset_v2_clean.0_chirp_000173,3,chirp,48000,0.042666666666666665,,12.001047295310272,moderate,0.8635592271528616,1.0,white,42,3324272739,10831629,dataset_v2_generator-1.2,dataset_v2_clean.0,,,19236.288286192797,20587.065093427074,,5,,0.30604677861558377,0.12133333333333333,0,chirp|moderate|19000_20500,0
dataset_v2_clean.0_ook_000316,2,ook,48000,0.042666666666666665,18820.892940968133,2.8949499125809615,noisy,0.5946417057570852,1.0,white,42,4154362332,2334321239,dataset_v2_generator-1.2,dataset_v2_clean.0,50.30348144194316,,,,,,,0.3194614104263516,0.14920833333333333,0,ook|noisy|19000,0
dataset_v2_clean.0_tone_000406,4,tone,48000,0.042666666666666665,18682.295442496597,3.833543595037031,noisy,0.9179033359875753,1.0,white,42,2687466246,2132748325,dataset_v2_generator-1.2,dataset_v2_clean.0,,,,,,,,0.28338970889042253,0.13689583333333333,0,tone|noisy|18500,0
dataset_v2_clean.0_tone_000060,4,tone,48000,0.042666666666666665,18873.65751493242,1.5481409463447822,very_noisy,0.7715853186482123,1.0,white,42,2430983132,631693195,dataset_v2_generator-1.2,dataset_v2_clean.0,,,,,,,,0.24667414748624875,0.19039583333333332,0,tone|very_noisy|19000,0
dataset_v2_clean.0_fsk_000076,1,fsk,48000,0.042666666666666665,19087.90803258766,8.249779739182518,noisy,0.7516427724630715,1.0,ambient,42,3352373413,1524759676,dataset_v2_generator-1.2,dataset_v2_clean.0,87.6958132315985,1079.998332624873,,,,,,0.24379217233204395,0.07129166666666667,0,fsk|noisy|19000,0
dataset_v2_clean.0_fsk_000450,1,fsk,48000,0.042666666666666665,18390.210438401333,6.342211749187717,noisy,0.668225477241037,1.0,ambient,42,591686661,4095099419,dataset_v2_generator-1.2,dataset_v2_clean.0,72.64236582568864,944.0000566497256,,,,,,0.3724314898411068,0.07310416666666666,0,fsk|noisy|18500,0
dataset_v2_clean.0_chirp_000313,3,chirp,48000,0.042666666666666665,,23.472873876332777,clean,0.5536699029081199,0.640727701699511,white,42,453788708,229042403,dataset_v2_generator-1.2,dataset_v2_clean.0,,,18810.012749216698,20902.114438895638,,5,,0.391883046456053,0.12320833333333334,0,chirp|clean|19000_21000,0
dataset_v2_clean.0_chirp_000354,3,chirp,48000,0.042666666666666665,,-4.978624318293056,very_noisy,0.5936022521171831,1.0,white,42,2187040996,2426421297,dataset_v2_generator-1.2,dataset_v2_clean.0,,,18649.073829217963,20963.764642250975,,2,,0.3117696425689338,0.10745833333333334,0,chirp|very_noisy|18500_21000,0
dataset_v2_clean.0_tone_000489,4,tone,48000,0.042666666666666665,18846.505252310755,19.949447957743526,moderate,0.5840395392857128,0.722716966117956,white,42,1262234597,882424350,dataset_v2_generator-1.2,dataset_v2_clean.0,,,,,,,,0.23531938506411584,0.009375,0,tone|moderate|19000,0
dataset_v2_clean.0_ook_000271,2,ook,48000,0.042666666666666665,18617.705283476636,13.82705568583658,moderate,0.856304258995705,1.0,white,42,3069562765,3754803028,dataset_v2_generator-1.2,dataset_v2_clean.0,68.25453500828557,,,,,,,0.31279973585532034,0.19497916666666668,0,ook|moderate|18500,0
dataset_v2_clean.0_ook_000145,2,ook,48000,0.042666666666666665,19034.83275649882,18.008441579465483,moderate,0.6303089589935669,0.694713410080279,ambient,42,931803556,1401175856,dataset_v2_generator-1.2,dataset_v2_clean.0,68.46602594441785,,,,,,,0.3257481702205072,0.162375,0,ook|moderate|19000,0
dataset_v2_clean.0_ook_000037,2,ook,48000,0.042666666666666665,18632.518904151337,5.796651843714768,noisy,0.9082880406174415,1.0,white,42,3437822141,986870289,dataset_v2_generator-1.2,dataset_v2_clean.0,56.741113060481354,,,,,,,0.41694023224697957,0.3038958333333333,0,ook|noisy|18500,0
dataset_v2_clean.0_fsk_000461,1,fsk,48000,0.042666666666666665,19447.859818930643,14.970181232161872,moderate,0.880485087823905,1.0,white,42,1472526930,2213627977,dataset_v2_generator-1.2,dataset_v2_clean.0,59.84364139929509,1552.140181069357,,,,,,0.2835132499615209,0.07770833333333334,0,fsk|moderate|19500,0
dataset_v2_clean.0_tone_000187,4,tone,48000,0.042666666666666665,19812.281388607422,13.610294990491195,moderate,0.9494966857120906,1.0,ambient,42,1193443108,1787273170,dataset_v2_generator-1.2,dataset_v2_clean.0,,,,,,,,0.3712515397103487,0.238375,0,tone|moderate|20000,0
dataset_v2_clean.0_fsk_000328,1,fsk,48000,0.042666666666666665,18748.80971977776,21.73231005377112,clean,0.8117026798112412,0.9610290977929907,white,42,2638471458,2679656684,dataset_v2_generator-1.2,dataset_v2_clean.0,17.727466784306102,1531.8735579484455,,,,,,0.37126958263941845,0.095375,0,fsk|clean|18500,0
dataset_v2_clean.0_fsk_000474,1,fsk,48000,0.042666666666666665,19669.599704283944,26.472667744584015,clean,0.6623094844942455,0.7353368854852291,white,42,2980300497,2291167383,dataset_v2_generator-1.2,dataset_v2_clean.0,79.15585723230193,1330.4002957160556,,,,,,0.31208290129679,0.1849375,0,fsk|clean|19500,0
dataset_v2_clean.0_chirp_000375,3,chirp,48000,0.042666666666666665,,-0.5574022650298485,very_noisy,0.781810687484077,1.0,white,42,122185167,4171451607,dataset_v2_generator-1.2,dataset_v2_clean.0,,,18543.92588464371,20285.37732545891,,5,,0.25500709939515204,0.035979166666666666,0,chirp|very_noisy|18500_20500,0
dataset_v2_clean.0_benign_000342,0,benign,48000,0.042666666666666665,,,,0.6028088904984787,2.3375408220709524,white,42,3337268892,503545817,dataset_v2_generator-1.2,dataset_v2_clean.0,,,,,,,band_limited_hiss,0.27271320085478057,0.1765625,0,benign|band_limited_hiss|na|a60,0
dataset_v2_clean.0_benign_000291,0,benign,48000,0.042666666666666665,,10.654911942639801,moderate,0.2891088159964722,0.3347176947949225,white,42,2218209187,817627728,dataset_v2_generator-1.2,dataset_v2_clean.0,,,,,,,ambient_hf_boost,0.37385087228568725,0.2804375,0,benign|ambient_hf_boost|moderate,0
dataset_v2_clean.0_fsk_000011,1,fsk,48000,0.042666666666666665,18970.086532930953,-0.5653886871850249,very_noisy,0.9123345663047198,1.0,ambient,42,754147613,4083946371,dataset_v2_generator-1.2,dataset_v2_clean.0,75.52968119851535,1479.613813243479,,,,,,0.21475334510240635,0.0811875,0,fsk|very_noisy|19000,0
dataset_v2_clean.0_chirp_000006,3,chirp,48000,0.042666666666666665,,2.9822019312183716,noisy,0.9674829317906288,1.0,ambient,42,979369502,2506711451,dataset_v2_generator-1.2,dataset_v2_clean.0,,,18847.796600636837,20564.474370944077,,3,,0.3102658380486466,0.00975,0,chirp|noisy|19000_20500,0
dataset_v2_clean.0_benign_000444,0,benign,48000,0.042666666666666665,,,,0.27606325745409416,0.27606325745409416,ambient,42,3511936946,472632294,dataset_v2_generator-1.2,dataset_v2_clean.0,,,,,,,ambient,0.3928959201238453,0.17597916666666666,0,benign|ambient|a30,0
dataset_v2_clean.0_chirp_000191,3,chirp,48000,0.042666666666666665,,22.30172809064852,clean,0.6035407157964492,0.6818923865026858,ambient,42,2517715228,720337763,dataset_v2_generator-1.2,dataset_v2_clean.0,,,18955.91311023397,20671.581039318273,,6,,0.22661172648492098,0.0683125,0,chirp|clean|19000_20500,0
dataset_v2_clean.0_chirp_000311,3,chirp,48000,0.042666666666666665,,-0.8331822757781788,very_noisy,0.9734839140399594,1.0,ambient,42,324699657,1437496678,dataset_v2_generator-1.2,dataset_v2_clean.0,,,18587.081358563435,20837.191085425045,,2,,0.33875032525356286,0.28939583333333335,0,chirp|very_noisy|18500_21000,0
dataset_v2_clean.0_chirp_000271,3,chirp,48000,0.042666666666666665,,-1.6011151545094355,very_noisy,0.5979377120790644,1.0,white,42,2690316489,4123737563,dataset_v2_generator-1.2,dataset_v2_clean.0,,,18625.55611371124,20205.221711433605,,2,,0.24955448276982645,0.15297916666666667,0,chirp|very_noisy|18500_20000,0
dataset_v2_clean.0_benign_000321,0,benign,48000,0.042666666666666665,18929.541844913227,,,0.3265305362629891,0.326530533517373,none,42,2633953981,2570541466,dataset_v2_generator-1.2,dataset_v2_clean.0,,,,,,,steady_ultrasonic_hum,0.3863431935647451,0.05547916666666667,0,benign|steady_ultrasonic_hum|19000|a30,0
dataset_v2_clean.0_chirp_000027,3,chirp,48000,0.042666666666666665,,8.124533329675332,noisy,0.963409959390187,1.0,white,42,3311273805,1233065369,dataset_v2_generator-1.2,dataset_v2_clean.0,,,18122.100572515676,20674.987869974993,,7,,0.24433276725934686,0.18483333333333332,0,chirp|noisy|18000_20500,0
dataset_v2_clean.0_benign_000072,0,benign,48000,0.042666666666666665,,,,0.6310508734500184,2.2849630959836036,white,42,1948380104,3314485792,dataset_v2_generator-1.2,dataset_v2_clean.0,,,,,,,band_limited_hiss,0.2293896264429405,0.14358333333333334,0,benign|band_limited_hiss|na|a60,0
dataset_v2_clean.0_fsk_000475,1,fsk,48000,0.042666666666666665,18283.28055894094,6.168569690560752,noisy,0.5548608872437785,0.9781181512703839,ambient,42,1589902514,3615314792,dataset_v2_generator-1.2,dataset_v2_clean.0,62.410320673557834,963.6864687083653,,,,,,0.3934064887375866,0.18945833333333334,0,fsk|noisy|18500,0
dataset_v2_clean.0_tone_000478,4,tone,48000,0.042666666666666665,19346.549604137872,17.2832073879785,moderate,0.9911200648631305,1.0,ambient,42,480028009,1405485394,dataset_v2_generator-1.2,dataset_v2_clean.0,,,,,,,,0.30987812109368107,0.0645,0,tone|moderate|19500,0
dataset_v2_clean.0_fsk_000083,1,fsk,48000,0.042666666666666665,19249.2473779401,9.80244998421239,noisy,0.9791301988181058,1.0,ambient,42,129141916,874976044,dataset_v2_generator-1.2,dataset_v2_clean.0,36.962156589502015,1728.5506548000521,,,,,,0.3111111210458005,0.23539583333333333,0,fsk|noisy|19000,0
dataset_v2_clean.0_fsk_000406,1,fsk,48000,0.042666666666666665,18361.967306844006,-2.916486446571156,very_noisy,0.6763886432997068,1.0,ambient,42,1433820567,4089153456,dataset_v2_generator-1.2,dataset_v2_clean.0,81.73698180330196,2136.860593158166,,,,,,0.39515328167534347,0.24533333333333332,0,fsk|very_noisy|18500,0
dataset_v2_clean.0_fsk_000126,1,fsk,48000,0.042666666666666665,19438.306649003367,25.33077244200561,clean,0.6964853357461149,0.7643102589408691,ambient,42,2001840560,25336729,dataset_v2_generator-1.2,dataset_v2_clean.0,35.67069982903746,1561.693350996633,,,,,,0.41564853000555707,0.21235416666666668,0,fsk|clean|19500,0
dataset_v2_clean.0_ook_000265,2,ook,48000,0.042666666666666665,18401.73565755372,22.280386426960582,clean,0.8440615916989167,0.9120005360785342,white,42,3205933570,2821433749,dataset_v2_generator-1.2,dataset_v2_clean.0,45.59310676042471,,,,,,,0.32818470270162065,0.014625,0,ook|clean|18500,0
dataset_v2_clean.0_tone_000445,4,tone,48000,0.042666666666666665,18942.87823927912,5.648551934651588,noisy,0.7564976719582815,1.0,white,42,2125725467,2445931836,dataset_v2_generator-1.2,dataset_v2_clean.0,,,,,,,,0.2769673235646875,0.0375625,0,tone|noisy|19000,0
dataset_v2_clean.0_benign_000199,0,benign,48000,0.042666666666666665,20764.855787256813,,,0.3139022683544549,0.3139022683098569,none,42,567729559,3617642542,dataset_v2_generator-1.2,dataset_v2_clean.0,,,,,,,steady_ultrasonic_hum,0.39099670037018625,0.16041666666666668,0,benign|steady_ultrasonic_hum|21000|a30,0
dataset_v2_clean.0_chirp_000124,3,chirp,48000,0.042666666666666665,,25.81958750392841,clean,0.999123862851084,1.0,ambient,42,592152372,3034301976,dataset_v2_generator-1.2,dataset_v2_clean.0,,,18944.717580495297,20877.44173881151,,3,,0.3896027978238951,0.2818333333333333,0,chirp|clean|19000_21000,0
dataset_v2_clean.0_chirp_000498,3,chirp,48000,0.042666666666666665,,19.016691633756288,moderate,0.7275469651923482,0.8804829265100583,ambient,42,1158287970,4243838,dataset_v2_generator-1.2,dataset_v2_clean.0,,,19078.474338125758,20820.56343589754,,6,,0.28713319113505403,0.12083333333333333,0,chirp|moderate|19000_21000,0
dataset_v2_clean.0_chirp_000455,3,chirp,48000,0.042666666666666665,,1.396653878744969,very_noisy,0.8757139950375099,1.0,white,42,1565424593,3081787431,dataset_v2_generator-1.2,dataset_v2_clean.0,,,18883.254693421004,20882.14574809585,,2,,0.38004284604808164,0.23333333333333334,0,chirp|very_noisy|19000_21000,0
dataset_v2_clean.0_benign_000012,0,benign,48000,0.042666666666666665,20234.2375695056,,,0.5094918850429359,0.5094918837252211,none,42,573185945,2146753865,dataset_v2_generator-1.2,dataset_v2_clean.0,,,,,,,steady_ultrasonic_hum,0.39463494088503304,0.284875,0,benign|steady_ultrasonic_hum|20000|a50,0
dataset_v2_clean.0_benign_000405,0,benign,48000,0.042666666666666665,,1.0045168601727426,very_noisy,0.31364980691555366,0.6392940302455244,white,42,4210237193,2848639981,dataset_v2_generator-1.2,dataset_v2_clean.0,,,,,,,ambient_hf_boost,0.24730207728046236,0.14010416666666667,0,benign|ambient_hf_boost|very_noisy,0
dataset_v2_clean.0_benign_000252,0,benign,48000,0.042666666666666665,,2.3298356599587198,noisy,0.16622258766379353,0.32603169861523784,white,42,4265264235,3709597858,dataset_v2_generator-1.2,dataset_v2_clean.0,,,,,,,ambient_hf_boost,0.24601355779443088,0.035958333333333335,0,benign|ambient_hf_boost|noisy,0
dataset_v2_clean.0_tone_000499,4,tone,48000,0.042666666666666665,18701.283157508235,-0.8653576606493827,very_noisy,0.7805491969500766,1.0,ambient,42,805352631,1429878465,dataset_v2_generator-1.2,dataset_v2_clean.0,,,,,,,,0.4143806849025309,0.14910416666666668,0,tone|very_noisy|18500,0
dataset_v2_clean.0_fsk_000148,1,fsk,48000,0.042666666666666665,19578.78808013668,22.456028294275782,clean,0.9853833789564329,1.0,ambient,42,1272065611,2721061033,dataset_v2_generator-1.2,dataset_v2_clean.0,25.66875522105444,1084.8591414134935,,,,,,0.39358683527414345,0.03847916666666667,0,fsk|clean|19500,0
dataset_v2_clean.0_benign_000062,0,benign,48000,0.042666666666666665,20871.243853151966,,,0.4741792180220219,0.4741792158638758,none,42,431583879,4250290072,dataset_v2_generator-1.2,dataset_v2_clean.0,,,,,,,steady_ultrasonic_hum,0.32793183585863833,0.19689583333333333,0,benign|steady_ultrasonic_hum|21000|a50,0
dataset_v2_clean.0_benign_000038,0,benign,48000,0.042666666666666665,18649.495623584076,,,0.25245860117937285,0.25245860041178986,none,42,2253108686,2410831930,dataset_v2_generator-1.2,dataset_v2_clean.0,,,,,,,steady_ultrasonic_hum,0.4030217223582759,0.33777083333333335,0,benign|steady_ultrasonic_hum|18500|a30,0
dataset_v2_clean.0_benign_000449,0,benign,48000,0.042666666666666665,18597.29260851738,,,0.4271142395769426,0.4271142388816853,none,42,2172881729,3436122833,dataset_v2_generator-1.2,dataset_v2_clean.0,,,,,,,steady_ultrasonic_hum,0.2782157585569561,0.0014375,0,benign|steady_ultrasonic_hum|18500|a40,0
dataset_v2_clean.0_benign_000053,0,benign,48000,0.042666666666666665,,-1.9403734675032833,very_noisy,0.20925876765461748,0.48368336633666287,white,42,1653911332,1181837043,dataset_v2_generator-1.2,dataset_v2_clean.0,,,,,,,ambient_hf_boost,0.36346193358413764,0.24191666666666667,0,benign|ambient_hf_boost|very_noisy,0
dataset_v2_clean.0_ook_000142,2,ook,48000,0.042666666666666665,19768.256121400933,4.76476902499675,noisy,0.6213195109363394,1.0,ambient,42,3098575209,2307329664,dataset_v2_generator-1.2,dataset_v2_clean.0,44.96469863325498,,,,,,,0.21994951070780067,0.0566875,0,ook|noisy|20000,0
dataset_v2_clean.0_fsk_000152,1,fsk,48000,0.042666666666666665,19689.9893753857,0.2956887417208556,very_noisy,0.8429102750775366,1.0,ambient,42,756861622,2794445751,dataset_v2_generator-1.2,dataset_v2_clean.0,46.793583354266744,1170.2279624449002,,,,,,0.3169926489235562,0.059625,0,fsk|very_noisy|19500,0
dataset_v2_clean.0_chirp_000136,3,chirp,48000,0.042666666666666665,,15.382570973098465,moderate,0.8081304024660341,1.0,ambient,42,1561059747,4124422206,dataset_v2_generator-1.2,dataset_v2_clean.0,,,18428.056637592086,20410.534031365765,,6,,0.4149120259029182,0.0251875,0,chirp|moderate|18500_20500,0
dataset_v2_clean.0_benign_000339,0,benign,48000,0.042666666666666665,,,,0.3726929601331877,1.5722776695832816,white,42,234735748,2882333553,dataset_v2_generator-1.2,dataset_v2_clean.0,,,,,,,band_limited_hiss,0.41125361830268203,0.29775,0,benign|band_limited_hiss|na|a40,0
dataset_v2_clean.0_tone_000258,4,tone,48000,0.042666666666666665,18702.41997894223,8.012481632504452,noisy,0.7580149811579332,1.0,ambient,42,972183349,3691933097,dataset_v2_generator-1.2,dataset_v2_clean.0,,,,,,,,0.23795476417669742,0.06422916666666667,0,tone|noisy|18500,0
dataset_v2_clean.0_ook_000261,2,ook,48000,0.042666666666666665,20916.389013309003,0.894148283785654,very_noisy,0.7904609645675489,1.0,ambient,42,1878313318,1204655270,dataset_v2_generator-1.2,dataset_v2_clean.0,47.775385740016176,,,,,,,0.24233197515237512,0.13466666666666666,0,ook|very_noisy|21000,0
dataset_v2_clean.0_tone_000102,4,tone,48000,0.042666666666666665,20448.262057566913,9.962135712217542,noisy,0.5970030130964376,1.0,white,42,913754928,3244080150,dataset_v2_generator-1.2,dataset_v2_clean.0,,,,,,,,0.3569163614270152,0.1313125,0,tone|noisy|20500,0
dataset_v2_clean.0_chirp_000492,3,chirp,48000,0.042666666666666665,,1.4727120054695417,very_noisy,0.6637365454418334,1.0,ambient,42,1556285472,434188014,dataset_v2_generator-1.2,dataset_v2_clean.0,,,18080.6416504852,20868.427836964725,,6,,0.34815176734576925,0.0544375,0,chirp|very_noisy|18000_21000,0
dataset_v2_clean.0_ook_000495,2,ook,48000,0.042666666666666665,20981.119632927715,-2.8065430987884015,very_noisy,0.6281370264283538,1.0,white,42,1106405687,3878158179,dataset_v2_generator-1.2,dataset_v2_clean.0,36.789324585021234,,,,,,,0.25726398267916334,0.13829166666666667,0,ook|very_noisy|21000,0
dataset_v2_clean.0_chirp_000344,3,chirp,48000,0.042666666666666665,,-0.5297294293363359,very_noisy,0.5678168246924467,1.0,white,42,2465355560,753967691,dataset_v2_generator-1.2,dataset_v2_clean.0,,,18820.16596520845,20347.012187212353,,8,,0.27230814377665136,0.043,0,chirp|very_noisy|19000_20500,0
dataset_v2_clean.0_chirp_000040,3,chirp,48000,0.042666666666666665,,26.353919826772454,clean,0.8934393045050233,0.9734218473891715,ambient,42,2232106338,3607347269,dataset_v2_generator-1.2,dataset_v2_clean.0,,,18733.76991433537,20916.285472899744,,6,,0.242474360162654,0.09922916666666666,0,chirp|clean|18500_21000,0
dataset_v2_clean.0_chirp_000288,3,chirp,48000,0.042666666666666665,,-4.7709865134590235,very_noisy,0.6353447293736277,1.0,ambient,42,1551943510,3527722292,dataset_v2_generator-1.2,dataset_v2_clean.0,,,18631.67175407214,20596.058180945085,,7,,0.23438590394976158,0.074375,0,chirp|very_noisy|18500_20500,0
dataset_v2_clean.0_tone_000179,4,tone,48000,0.042666666666666665,18789.949514210508,2.0112480763742857,noisy,0.9578685271981882,1.0,white,42,2648718100,1198983125,dataset_v2_generator-1.2,dataset_v2_clean.0,,,,,,,,0.22413662740733184,0.12810416666666666,0,tone|noisy|19000,0
dataset_v2_clean.0_fsk_000443,1,fsk,48000,0.042666666666666665,19398.54502583605,29.19233010035262,clean,0.6121203820800943,0.6453161557122992,ambient,42,2250137011,2920819700,dataset_v2_generator-1.2,dataset_v2_clean.0,51.59860988565274,735.7485991480353,,,,,,0.33610987756453414,0.14722916666666666,0,fsk|clean|19500,0
dataset_v2_clean.0_ook_000433,2,ook,48000,0.042666666666666665,18835.97470830228,2.9289148809736982,noisy,0.9055601442882744,1.0,white,42,2713443803,2868336877,dataset_v2_generator-1.2,dataset_v2_clean.0,66.6522779677166,,,,,,,0.21848615859214499,0.1249375,0,ook|noisy|19000,0
dataset_v2_clean.0_ook_000081,2,ook,48000,0.042666666666666665,20561.543808153776,20.82264086298891,clean,0.7523768567678786,0.8231942539434008,ambient,42,936491844,1973358536,dataset_v2_generator-1.2,dataset_v2_clean.0,37.60964999944159,,,,,,,0.2300710691170635,0.11316666666666667,0,ook|clean|20500,0
dataset_v2_clean.0_benign_000073,0,benign,48000,0.042666666666666665,,,,0.4665249948228666,1.9846450024891573,white,42,3748125531,3156192052,dataset_v2_generator-1.2,dataset_v2_clean.0,,,,,,,band_limited_hiss,0.23419028731425007,0.08458333333333333,0,benign|band_limited_hiss|na|a50,0
dataset_v2_clean.0_tone_000439,4,tone,48000,0.042666666666666665,19995.476553618384,1.0120112005968718,very_noisy,0.5523184527291719,1.0,ambient,42,3490862465,304187779,dataset_v2_generator-1.2,dataset_v2_clean.0,,,,,,,,0.32861507206777507,0.03075,0,tone|very_noisy|20000,0
dataset_v2_clean.0_chirp_000222,3,chirp,48000,0.042666666666666665,,1.2910157993321878,very_noisy,0.8782746744872176,1.0,ambient,42,2579430749,1436217199,dataset_v2_generator-1.2,dataset_v2_clean.0,,,18954.458024639604,20202.95450014757,,6,,0.40760655160822,0.111,0,chirp|very_noisy|19000_20000,0
dataset_v2_clean.0_ook_000176,2,ook,48000,0.042666666666666665,20480.865587384436,24.89554536718459,clean,0.866358516641358,0.9110140515822811,ambient,42,2929649056,2576407703,dataset_v2_generator-1.2,dataset_v2_clean.0,49.39683752594583,,,,,,,0.30966125553272594,0.073875,0,ook|clean|20500,0
dataset_v2_clean.0_chirp_000427,3,chirp,48000,0.042666666666666665,,-2.6713533497885646,very_noisy,0.8033138370190133,1.0,ambient,42,2048884528,516853144,dataset_v2_generator-1.2,dataset_v2_clean.0,,,19266.82381182906,20899.978972125118,,2,,0.21904872953082624,0.1444375,0,chirp|very_noisy|19500_21000,0
dataset_v2_clean.0_chirp_000352,3,chirp,48000,0.042666666666666665,,21.45801581272397,clean,0.8851756650083141,1.0,ambient,42,2516880620,247192928,dataset_v2_generator-1.2,dataset_v2_clean.0,,,18729.74346471939,20818.208884140295,,5,,0.2851348660110582,0.1798125,0,chirp|clean|18500_21000,0
dataset_v2_clean.0_fsk_000293,1,fsk,48000,0.042666666666666665,18790.568216859447,4.60035962563728,noisy,0.6496865013128422,1.0,white,42,1944070346,2669643990,dataset_v2_generator-1.2,dataset_v2_clean.0,73.09407595865397,1982.5283131437209,,,,,,0.29339511256641077,0.2258125,0,fsk|noisy|19000,0
dataset_v2_clean.0_ook_000362,2,ook,48000,0.042666666666666665,20284.71926158596,29.695048121734295,clean,0.958602768783763,1.0,ambient,42,3076528110,2960103026,dataset_v2_generator-1.2,dataset_v2_clean.0,32.38971804100169,,,,,,,0.30893040179630066,0.24322916666666666,0,ook|clean|20500,0
dataset_v2_clean.0_benign_000026,0,benign,48000,0.042666666666666665,,,,0.4467143166133193,1.6121282830036128,white,42,11277582,1085391177,dataset_v2_generator-1.2,dataset_v2_clean.0,,,,,,,band_limited_hiss,0.2160479860770265,0.08814583333333334,0,benign|band_limited_hiss|na|a40,0
dataset_v2_clean.0_ook_000144,2,ook,48000,0.042666666666666665,19403.38580887115,-1.5368935188551935,very_noisy,0.7545604652709174,1.0,white,42,3787595597,3277513228,dataset_v2_generator-1.2,dataset_v2_clean.0,64.45526081172625,,,,,,,0.28443528544977886,0.0063125,0,ook|very_noisy|19500,0
dataset_v2_clean.0_tone_000092,4,tone,48000,0.042666666666666665,18457.181125530264,4.799410022039591,noisy,0.6091685366028687,1.0,ambient,42,57427483,3820106346,dataset_v2_generator-1.2,dataset_v2_clean.0,,,,,,,,0.3126737275851608,0.19464583333333332,0,tone|noisy|18500,0
dataset_v2_clean.0_ook_000243,2,ook,48000,0.042666666666666665,20957.966487557667,-0.9777990744579332,very_noisy,0.6721971843713038,1.0,white,42,3251641372,137241597,dataset_v2_generator-1.2,dataset_v2_clean.0,32.08374300547364,,,,,,,0.402367034250964,0.15454166666666666,0,ook|very_noisy|21000,0
dataset_v2_clean.0_fsk_000492,1,fsk,48000,0.042666666666666665,19724.57084913578,28.282995443074874,clean,0.9108074479686024,0.9813874248344839,ambient,42,2954169465,2064641332,dataset_v2_generator-1.2,dataset_v2_clean.0,80.4972106373965,561.4673402115914,,,,,,0.2752796294533387,0.2245,0,fsk|clean|19500,0
dataset_v2_clean.0_chirp_000126,3,chirp,48000,0.042666666666666665,,6.905737335630577,noisy,0.8084944189541734,1.0,ambient,42,4167067790,2108512600,dataset_v2_generator-1.2,dataset_v2_clean.0,,,18154.01111865406,20435.86946295346,,4,,0.2907344627241546,0.16102083333333334,0,chirp|noisy|18000_20500,0
dataset_v2_clean.0_chirp_000188,3,chirp,48000,0.042666666666666665,,-4.4193666360153,very_noisy,0.7397858391699016,1.0,ambient,42,1226893824,1588689209,dataset_v2_generator-1.2,dataset_v2_clean.0,,,19000.987970577196,20947.032649512377,,3,,0.37692345595766313,0.21758333333333332,0,chirp|very_noisy|19000_21000,0
dataset_v2_clean.0_benign_000477,0,benign,48000,0.042666666666666665,,17.158823390009236,moderate,0.3983454874682819,0.41726964498311164,white,42,1738171750,3215802006,dataset_v2_generator-1.2,dataset_v2_clean.0,,,,,,,ambient_hf_boost,0.26921388689462866,0.10914583333333333,0,benign|ambient_hf_boost|moderate,0
dataset_v2_clean.0_chirp_000376,3,chirp,48000,0.042666666666666665,,19.84785497588426,moderate,0.879914520537743,1.0,white,42,3647648604,1671288236,dataset_v2_generator-1.2,dataset_v2_clean.0,,,18586.40402996956,20712.384677486218,,6,,0.3812642643006269,0.2952708333333333,0,chirp|moderate|18500_20500,0
dataset_v2_clean.0_chirp_000241,3,chirp,48000,0.042666666666666665,,-1.603247384789154,very_noisy,0.5622506823033786,1.0,white,42,2646838621,2249196302,dataset_v2_generator-1.2,dataset_v2_clean.0,,,18741.686611078352,20991.97999243542,,7,,0.26727983212562817,0.19795833333333332,0,chirp|very_noisy|18500_21000,0
dataset_v2_clean.0_ook_000214,2,ook,48000,0.042666666666666665,19015.846839331272,-3.193189574817386,very_noisy,0.9626941247129595,1.0,white,42,388333450,2895427459,dataset_v2_generator-1.2,dataset_v2_clean.0,42.78461450023802,,,,,,,0.31152059209453886,0.22808333333333333,0,ook|very_noisy|19000,0
dataset_v2_clean.0_fsk_000491,1,fsk,48000,0.042666666666666665,18498.91349341765,19.15795542579345,moderate,0.8445529321979157,1.0,ambient,42,3116393127,188845879,dataset_v2_generator-1.2,dataset_v2_clean.0,62.15052189286968,652.8276649233158,,,,,,0.41016178788476326,0.05985416666666667,0,fsk|moderate|18500,0
dataset_v2_clean.0_benign_000046,0,benign,48000,0.042666666666666665,,,,0.3778582672172355,1.5146784335772958,white,42,1483941859,2032023318,dataset_v2_generator-1.2,dataset_v2_clean.0,,,,,,,band_limited_hiss,0.3468672163270355,0.03666666666666667,0,benign|band_limited_hiss|na|a40,0
dataset_v2_clean.0_tone_000427,4,tone,48000,0.042666666666666665,18404.072247195047,20.847719813296884,clean,0.8974447613574397,1.0,ambient,42,1432158249,3743894664,dataset_v2_generator-1.2,dataset_v2_clean.0,,,,,,,,0.3943530573248951,0.2746875,0,tone|clean|18500,0
dataset_v2_clean.0_benign_000182,0,benign,48000,0.042666666666666665,,,,0.6001360927269854,2.618647347825879,white,42,938013328,887020133,dataset_v2_generator-1.2,dataset_v2_clean.0,,,,,,,band_limited_hiss,0.2846000183314833,0.11041666666666666,0,benign|band_limited_hiss|na|a60,0
dataset_v2_clean.0_fsk_000027,1,fsk,48000,0.042666666666666665,18991.07615538589,15.71426645814021,moderate,0.7171058949931692,0.9590642636388218,white,42,3420411494,2524977041,dataset_v2_generator-1.2,dataset_v2_clean.0,52.186285072653064,1447.1799864256573,,,,,,0.2635354370125414,0.15264583333333334,0,fsk|moderate|19000,0
dataset_v2_clean.0_chirp_000035,3,chirp,48000,0.042666666666666665,,-3.38454383505732,very_noisy,0.9284511344253354,1.0,white,42,307544789,208308153,dataset_v2_generator-1.2,dataset_v2_clean.0,,,18688.484065713972,20409.8873732784,,2,,0.22730928921281393,0.0194375,0,chirp|very_noisy|18500_20500,0
dataset_v2_clean.0_chirp_000107,3,chirp,48000,0.042666666666666665,,-1.8206684286201718,very_noisy,0.7476316498048766,1.0,white,42,3295394166,196725302,dataset_v2_generator-1.2,dataset_v2_clean.0,,,18511.71119129554,20956.729528520173,,5,,0.379420776976748,0.1555625,0,chirp|very_noisy|18500_21000,0
dataset_v2_clean.0_fsk_000044,1,fsk,48000,0.042666666666666665,19746.55532345059,21.625491700569476,clean,0.704338198352919,0.8632337117048215,white,42,2066014223,274102084,dataset_v2_generator-1.2,dataset_v2_clean.0,49.078449364266895,1253.4446765494104,,,,,,0.32671475967236296,0.043875,0,fsk|clean|19500,0
dataset_v2_clean.0_tone_000163,4,tone,48000,0.042666666666666665,19732.139271168257,25.05464644536636,clean,0.5641560607822658,0.6236651395650944,ambient,42,4228722225,2162732741,dataset_v2_generator-1.2,dataset_v2_clean.0,,,,,,,,0.284499370734204,0.010458333333333333,0,tone|clean|19500,0
dataset_v2_clean.0_benign_000077,0,benign,48000,0.042666666666666665,,,,0.4425160387218448,2.036843620866103,white,42,2627065251,246853019,dataset_v2_generator-1.2,dataset_v2_clean.0,,,,,,,band_limited_hiss,0.30459977968684254,0.05491666666666667,0,benign|band_limited_hiss|na|a40,0
dataset_v2_clean.0_tone_000215,4,tone,48000,0.042666666666666665,18719.404847857448,5.077685554530145,noisy,0.5595256488195385,1.0,ambient,42,3229117725,1567844496,dataset_v2_generator-1.2,dataset_v2_clean.0,,,,,,,,0.2915264611877298,0.19772916666666668,0,tone|noisy|18500,0
dataset_v2_clean.0_fsk_000291,1,fsk,48000,0.042666666666666665,18317.653100197487,-4.339999285284059,very_noisy,0.7828927351355135,1.0,ambient,42,3224843723,1862969770,dataset_v2_generator-1.2,dataset_v2_clean.0,82.97653454423934,969.4749022061842,,,,,,0.41522911639111726,0.10470833333333333,0,fsk|very_noisy|18500,0
dataset_v2_clean.0_chirp_000499,3,chirp,48000,0.042666666666666665,,29.916859974343986,clean,0.6446151118097192,0.6866156998832083,ambient,42,4240803352,3541478924,dataset_v2_generator-1.2,dataset_v2_clean.0,,,18767.840328216353,20366.00281337998,,4,,0.22976057890786594,0.051041666666666666,0,chirp|clean|19000_20500,0
dataset_v2_clean.0_chirp_000111,3,chirp,48000,0.042666666666666665,,18.564957502418178,moderate,0.9157364258478642,1.0,white,42,3752182245,515402890,dataset_v2_generator-1.2,dataset_v2_clean.0,,,18362.750000492124,20730.364247953537,,7,,0.31473004026385426,0.14085416666666667,0,chirp|moderate|18500_20500,0
dataset_v2_clean.0_ook_000006,2,ook,48000,0.042666666666666665,19592.104560551237,-0.8815063237791545,very_noisy,0.8690548842116099,1.0,white,42,2715768615,2175957017,dataset_v2_generator-1.2,dataset_v2_clean.0,33.57551805457965,,,,,,,0.3609013038496662,0.1971875,0,ook|very_noisy|19500,0
dataset_v2_clean.0_tone_000193,4,tone,48000,0.042666666666666665,19571.922098598683,6.76069343197558,noisy,0.671473597606087,1.0,ambient,42,3379292124,2276809297,dataset_v2_generator-1.2,dataset_v2_clean.0,,,,,,,,0.22091140080224345,0.002895833333333333,0,tone|noisy|19500,0
dataset_v2_clean.0_ook_000027,2,ook,48000,0.042666666666666665,19288.301710879714,26.698667295267093,clean,0.9783355502648432,1.0,white,42,1132983460,3791823997,dataset_v2_generator-1.2,dataset_v2_clean.0,39.86641366809701,,,,,,,0.40038662931974034,0.018645833333333334,0,ook|clean|19500,0
dataset_v2_clean.0_benign_000318,0,benign,48000,0.042666666666666665,,16.749947752406083,moderate,0.21685688791297758,0.22779026918803078,white,42,876642737,369565317,dataset_v2_generator-1.2,dataset_v2_clean.0,,,,,,,ambient_hf_boost,0.3047139706519538,0.03389583333333333,2,benign|ambient_hf_boost|moderate,0
dataset_v2_clean.0_benign_000141,0,benign,48000,0.042666666666666665,,2.4987594239814808,noisy,0.3020774113738631,0.5146195185339799,white,42,777513322,139652659,dataset_v2_generator-1.2,dataset_v2_clean.0,,,,,,,ambient_hf_boost,0.26070128771293144,0.015166666666666667,0,benign|ambient_hf_boost|noisy,0
dataset_v2_clean.0_fsk_000269,1,fsk,48000,0.042666666666666665,18299.98845242632,-0.11714963393429212,very_noisy,0.6413540631188357,1.0,ambient,42,2303002038,2202281678,dataset_v2_generator-1.2,dataset_v2_clean.0,88.18881585748436,1726.6320982791694,,,,,,0.21942252479004265,0.17277083333333335,0,fsk|very_noisy|18500,0
dataset_v2_clean.0_benign_000020,0,benign,48000,0.042666666666666665,,,,0.6480926390034729,2.709458213218453,white,42,2186854780,3846825668,dataset_v2_generator-1.2,dataset_v2_clean.0,,,,,,,band_limited_hiss,0.37140425709186026,0.05254166666666667,0,benign|band_limited_hiss|na|a60,0
dataset_v2_clean.0_benign_000111,0,benign,48000,0.042666666666666665,18979.086786738273,,,0.2902849795009057,0.29028497821864085,none,42,3701618577,3755550124,dataset_v2_generator-1.2,dataset_v2_clean.0,,,,,,,steady_ultrasonic_hum,0.42581937881695986,0.14470833333333333,0,benign|steady_ultrasonic_hum|19000|a30,0
dataset_v2_clean.0_benign_000134,0,benign,48000,0.042666666666666665,,,,0.5396205720901017,2.2009249722792537,white,42,54453415,42993060,dataset_v2_generator-1.2,dataset_v2_clean.0,,,,,,,white,0.2721226327802497,0.08983333333333333,0,benign|white|a50,0
dataset_v2_clean.0_fsk_000156,1,fsk,48000,0.042666666666666665,19795.855360840007,-4.898714936643349,very_noisy,0.6757476464456367,1.0,ambient,42,3220539309,3380818630,dataset_v2_generator-1.2,dataset_v2_clean.0,55.67756679982471,1204.144639159993,,,,,,0.2787482877431455,0.18629166666666666,0,fsk|very_noisy|20000,0
dataset_v2_clean.0_fsk_000234,1,fsk,48000,0.042666666666666665,19000.53851398919,18.71659605473822,moderate,0.6392841261715498,0.7587418413704498,ambient,42,3853761036,1492556029,dataset_v2_generator-1.2,dataset_v2_clean.0,23.064277782268448,1235.4656071135796,,,,,,0.3366394817745533,0.082375,0,fsk|moderate|19000,0
dataset_v2_clean.0_tone_000344,4,tone,48000,0.042666666666666665,20418.308644719782,9.1102467969987,noisy,0.9064492845445975,1.0,white,42,805907103,2371618053,dataset_v2_generator-1.2,dataset_v2_clean.0,,,,,,,,0.3375624716653948,0.23189583333333333,0,tone|noisy|20500,0
dataset_v2_clean.0_chirp_000494,3,chirp,48000,0.042666666666666665,,17.062647458689106,moderate,0.6858472613966966,0.9032843536579742,white,42,472516385,327058982,dataset_v2_generator-1.2,dataset_v2_clean.0,,,18859.06295557856,20840.456394082605,,2,,0.3096941543550736,0.09441666666666666,0,chirp|moderate|19000_21000,0
dataset_v2_clean.0_chirp_000122,3,chirp,48000,0.042666666666666665,,-4.066291514872304,very_noisy,0.9478075855146848,1.0,ambient,42,533393049,2509641010,dataset_v2_generator-1.2,dataset_v2_clean.0,,,19145.832767253338,20201.911184366934,,5,,0.2494537747468065,0.07989583333333333,0,chirp|very_noisy|19000_20000,0
dataset_v2_clean.0_ook_000428,2,ook,48000,0.042666666666666665,20887.592466378097,29.413121223263055,clean,0.7911575135806806,0.8141345146869269,ambient,42,133123265,2862291434,dataset_v2_generator-1.2,dataset_v2_clean.0,34.029366725212334,,,,,,,0.4019019713098026,0.032125,0,ook|clean|21000,0
dataset_v2_clean.0_benign_000389,0,benign,48000,0.042666666666666665,,10.424555640066737,moderate,0.31073856398649385,0.4093764958624777,white,42,3148094742,821872031,dataset_v2_generator-1.2,dataset_v2_clean.0,,,,,,,ambient_hf_boost,0.2385266660395205,0.03289583333333333,0,benign|ambient_hf_boost|moderate,0
dataset_v2_clean.0_benign_000338,0,benign,48000,0.042666666666666665,,,,0.5063503954759992,2.020478837056099,white,42,2406951841,3560019060,dataset_v2_generator-1.2,dataset_v2_clean.0,,,,,,,band_limited_hiss,0.3696072830208368,0.18395833333333333,0,benign|band_limited_hiss|na|a50,0
dataset_v2_clean.0_chirp_000251,3,chirp,48000,0.042666666666666665,,-1.011401663327839,very_noisy,0.5829371435878618,1.0,white,42,182144207,382660914,dataset_v2_generator-1.2,dataset_v2_clean.0,,,18507.999569817213,20605.594649192397,,6,,0.4128505797068126,0.2445,0,chirp|very_noisy|18500_20500,0
dataset_v2_clean.0_fsk_000494,1,fsk,48000,0.042666666666666665,18335.663392229835,-0.23490427022858285,very_noisy,0.6678817993407241,1.0,white,42,4230489043,761744665,dataset_v2_generator-1.2,dataset_v2_clean.0,17.613969857618123,1301.8397930568972,,,,,,0.2918879159219002,0.051916666666666667,0,fsk|very_noisy|18500,0
dataset_v2_clean.0_tone_000185,4,tone,48000,0.042666666666666665,19116.96052801991,11.035884707169268,moderate,0.7303396586755744,1.0,white,42,1617312163,3040411365,dataset_v2_generator-1.2,dataset_v2_clean.0,,,,,,,,0.3134518787973891,0.169625,0,tone|moderate|19000,0
dataset_v2_clean.0_fsk_000171,1,fsk,48000,0.042666666666666665,19072.15226729461,4.868398593250862,noisy,0.7699920392498478,1.0,ambient,42,2257000428,2349752385,dataset_v2_generator-1.2,dataset_v2_clean.0,69.25083338681671,1768.767045108987,,,,,,0.3918243092447712,0.08914583333333333,0,fsk|noisy|19000,0
dataset_v2_clean.0_benign_000108,0,benign,48000,0.042666666666666665,,,,0.6342149013999379,2.635823279006307,white,42,1463216891,961814732,dataset_v2_generator-1.2,dataset_v2_clean.0,,,,,,,band_limited_hiss,0.22007219970758377,0.050020833333333334,0,benign|band_limited_hiss|na|a60,0
dataset_v2_clean.0_fsk_000028,1,fsk,48000,0.042666666666666665,19589.916687607976,-1.8799775323335717,very_noisy,0.7835662224412823,1.0,ambient,42,3049812762,1457771103,dataset_v2_generator-1.2,dataset_v2_clean.0,21.950113960074827,1325.6021901987406,,,,,,0.3976799352925068,0.1903125,0,fsk|very_noisy|19500,0
dataset_v2_clean.0_benign_000186,0,benign,48000,0.042666666666666665,,,,0.36262731036108536,1.4140230628247623,white,42,3384863470,900799400,dataset_v2_generator-1.2,dataset_v2_clean.0,,,,,,,band_limited_hiss,0.3422702946148403,0.19052083333333333,0,benign|band_limited_hiss|na|a40,0
dataset_v2_clean.0_tone_000244,4,tone,48000,0.042666666666666665,18491.046408991722,1.4647097987556554,very_noisy,0.7244956866577735,1.0,white,42,2063924311,2152892850,dataset_v2_generator-1.2,dataset_v2_clean.0,,,,,,,,0.21366143849985597,0.072,0,tone|very_noisy|18500,0
dataset_v2_clean.0_tone_000135,4,tone,48000,0.042666666666666665,19166.250868498395,2.972514819516457,noisy,0.8713240086100166,1.0,white,42,1106522128,1459086584,dataset_v2_generator-1.2,dataset_v2_clean.0,,,,,,,,0.25039383821734745,0.09270833333333334,0,tone|noisy|19000,0
dataset_v2_clean.0_fsk_000013,1,fsk,48000,0.042666666666666665,19570.931603957306,12.250544791035681,moderate,0.987151632999683,1.0,white,42,100706267,2334542786,dataset_v2_generator-1.2,dataset_v2_clean.0,56.3622115716305,522.1404322693015,,,,,,0.22777304031918735,0.12741666666666668,0,fsk|moderate|19500,0
dataset_v2_clean.0_chirp_000267,3,chirp,48000,0.042666666666666665,,2.784413685004078,noisy,0.6727382284560482,1.0,ambient,42,1151083489,200121177,dataset_v2_generator-1.2,dataset_v2_clean.0,,,18114.93666917641,20642.231072083563,,7,,0.31230700203522055,0.224375,0,chirp|noisy|18000_20500,0
dataset_v2_clean.0_tone_000461,4,tone,48000,0.042666666666666665,18517.425788362794,9.247185250718951,noisy,0.851744488330029,1.0,ambient,42,3439005359,2650637267,dataset_v2_generator-1.2,dataset_v2_clean.0,,,,,,,,0.38047223366999094,0.3057708333333333,0,tone|noisy|18500,0
dataset_v2_clean.0_benign_000239,0,benign,48000,0.042666666666666665,20447.270263483744,,,0.5382813838484504,0.5382813793763629,none,42,1375839131,1947600135,dataset_v2_generator-1.2,dataset_v2_clean.0,,,,,,,steady_ultrasonic_hum,0.40535481832933357,0.30772916666666666,0,benign|steady_ultrasonic_hum|20500|a50,0
dataset_v2_clean.0_chirp_000198,3,chirp,48000,0.042666666666666665,,11.389134214029273,moderate,0.8758318809446364,1.0,ambient,42,1223409532,3640022906,dataset_v2_generator-1.2,dataset_v2_clean.0,,,18252.21081646995,20561.127454102687,,3,,0.3069875062619533,0.01885416666666667,0,chirp|moderate|18500_20500,0
dataset_v2_clean.0_ook_000438,2,ook,48000,0.042666666666666665,19887.097793128476,11.04111547086324,moderate,0.6345656981989318,0.9302498890875974,white,42,1494142972,2450635495,dataset_v2_generator-1.2,dataset_v2_clean.0,69.93226132851774,,,,,,,0.32619355382559584,0.27691666666666664,0,ook|moderate|20000,0
dataset_v2_clean.0_ook_000431,2,ook,48000,0.042666666666666665,19846.763593928485,19.694219784583044,moderate,0.8510451057256034,0.9141170996272646,ambient,42,4122344913,2260200132,dataset_v2_generator-1.2,dataset_v2_clean.0,39.945888944494335,,,,,,,0.27507258957456093,0.176875,0,ook|moderate|20000,0
dataset_v2_clean.0_chirp_000195,3,chirp,48000,0.042666666666666665,,27.01375576565946,clean,0.6634966746855493,0.7228650770528422,white,42,3700244375,3119639331,dataset_v2_generator-1.2,dataset_v2_clean.0,,,19166.0753551034,20644.83578540107,,4,,0.24335014788996345,0.12858333333333333,0,chirp|clean|19000_20500,0
dataset_v2_clean.0_benign_000275,0,benign,48000,0.042666666666666665,,,,0.23002529818739034,0.9971768870733875,white,42,3831057483,2343761602,dataset_v2_generator-1.2,dataset_v2_clean.0,,,,,,,white,0.4237820930137138,0.279125,0,benign|white|a20,0
dataset_v2_clean.0_benign_000410,0,benign,48000,0.042666666666666665,,,,0.6108425500955548,2.5391201962281236,white,42,2024746254,2047612000,dataset_v2_generator-1.2,dataset_v2_clean.0,,,,,,,band_limited_hiss,0.24538018252464106,0.13254166666666667,0,benign|band_limited_hiss|na|a60,0
dataset_v2_clean.0_benign_000461,0,benign,48000,0.042666666666666665,,,,0.5381163787045015,2.365117645293866,white,42,3463929128,3847728363,dataset_v2_generator-1.2,dataset_v2_clean.0,,,,,,,band_limited_hiss,0.3466648271788608,0.24472916666666666,0,benign|band_limited_hiss|na|a50,0
dataset_v2_clean.0_tone_000372,4,tone,48000,0.042666666666666665,18886.46220500151,24.060196431707976,clean,0.8292434960649744,0.905333559814448,ambient,42,305012585,3799395781,dataset_v2_generator-1.2,dataset_v2_clean.0,,,,,,,,0.28199544827404033,0.23808333333333334,0,tone|clean|19000,0
dataset_v2_clean.0_ook_000358,2,ook,48000,0.042666666666666665,20389.814906113552,23.17612082176224,clean,0.5680078743362577,0.6071988518464857,ambient,42,2939196875,1182184752,dataset_v2_generator-1.2,dataset_v2_clean.0,69.91876929028632,,,,,,,0.2348279068751102,0.14854166666666666,0,ook|clean|20500,0
dataset_v2_clean.0_fsk_000379,1,fsk,48000,0.042666666666666665,19657.005399060345,-0.6279558671534806,very_noisy,0.890223872884988,1.0,white,42,1377281127,2874587936,dataset_v2_generator-1.2,dataset_v2_clean.0,17.0508628195471,1342.9946009396554,,,,,,0.32425136357312806,0.06308333333333334,0,fsk|very_noisy|19500,0
dataset_v2_clean.0_chirp_000184,3,chirp,48000,0.042666666666666665,,18.275251265018927,moderate,0.6637160555925339,0.7944911107230309,ambient,42,4224680802,1164806356,dataset_v2_generator-1.2,dataset_v2_clean.0,,,18902.997447455873,20970.388153859665,,8,,0.2929505478386705,0.23754166666666668,0,chirp|moderate|19000_21000,0
dataset_v2_clean.0_tone_000236,4,tone,48000,0.042666666666666665,20886.4797641728,-3.0402889496555066,very_noisy,0.9546960111428587,1.0,ambient,42,273308358,1154472578,dataset_v2_generator-1.2,dataset_v2_clean.0,,,,,,,,0.3036818021172391,0.08414583333333334,0,tone|very_noisy|21000,0
dataset_v2_clean.0_tone_000321,4,tone,48000,0.042666666666666665,19599.11281773733,8.281678263593061,noisy,0.9661466697734737,1.0,ambient,42,1366912909,281783335,dataset_v2_generator-1.2,dataset_v2_clean.0,,,,,,,,0.4042819897436109,0.3564583333333333,0,tone|noisy|19500,0
dataset_v2_clean.0_fsk_000165,1,fsk,48000,0.042666666666666665,18967.596900828074,26.36826815618659,clean,0.9407769575696496,1.0,ambient,42,1778847841,26885712,dataset_v2_generator-1.2,dataset_v2_clean.0,88.22023637469182,1607.7388445817596,,,,,,0.2172402783573307,0.1164375,0,fsk|clean|19000,0
dataset_v2_clean.0_benign_000446,0,benign,48000,0.042666666666666665,,,,0.637922459288847,2.8057631278813364,white,42,3499823488,4289471333,dataset_v2_generator-1.2,dataset_v2_clean.0,,,,,,,band_limited_hiss,0.22226931615226403,0.06825,0,benign|band_limited_hiss|na|a60,0
dataset_v2_clean.0_fsk_000163,1,fsk,48000,0.042666666666666665,18767.606619200975,2.903075882214674,noisy,0.7913264173759882,1.0,white,42,221049284,3788942291,dataset_v2_generator-1.2,dataset_v2_clean.0,15.399415301606645,1530.3227068207561,,,,,,0.24080389280145498,0.10975,0,fsk|noisy|19000,0
dataset_v2_clean.0_ook_000300,2,ook,48000,0.042666666666666665,20393.721454719613,1.6058305617751927,very_noisy,0.5996773874116982,1.0,white,42,601881891,2372069945,dataset_v2_generator-1.2,dataset_v2_clean.0,32.869702418057486,,,,,,,0.2674255096193551,0.18433333333333332,0,ook|very_noisy|20500,0
dataset_v2_clean.0_fsk_000151,1,fsk,48000,0.042666666666666665,18461.180913171236,22.1410815896658,clean,0.8018280982474777,0.9388158027035918,white,42,2662953593,2489532698,dataset_v2_generator-1.2,dataset_v2_clean.0,49.6426751558958,841.0199817561188,,,,,,0.2635401918199859,0.20741666666666667,0,fsk|clean|18500,0
dataset_v2_clean.0_fsk_000244,1,fsk,48000,0.042666666666666665,18860.26774061604,22.6805738474187,clean,0.6031034523093469,0.7098220009375983,white,42,2440743881,1832295871,dataset_v2_generator-1.2,dataset_v2_clean.0,39.53925858695298,1121.4358075492491,,,,,,0.22352187495629983,0.13072916666666667,0,fsk|clean|19000,0
dataset_v2_clean.0_ook_000318,2,ook,48000,0.042666666666666665,20485.89589946147,-2.724344508400856,very_noisy,0.652695255010344,1.0,white,42,3927841645,934667794,dataset_v2_generator-1.2,dataset_v2_clean.0,41.23466742377188,,,,,,,0.3691624068567499,0.056354166666666664,0,ook|very_noisy|20500,0
dataset_v2_clean.0_fsk_000340,1,fsk,48000,0.042666666666666665,19613.81059097623,-0.3765581636664077,very_noisy,0.8611312146000003,1.0,ambient,42,161882569,995682347,dataset_v2_generator-1.2,dataset_v2_clean.0,75.39528420299317,1386.1894090237693,,,,,,0.2404839488643211,0.1260625,0,fsk|very_noisy|19500,0
dataset_v2_clean.0_tone_000251,4,tone,48000,0.042666666666666665,18840.8254582171,14.345037839595399,moderate,0.6795240613325908,1.0,white,42,2831327986,4247521531,dataset_v2_generator-1.2,dataset_v2_clean.0,,,,,,,,0.36503849524680865,0.17510416666666667,0,tone|moderate|19000,0
dataset_v2_clean.0_fsk_000286,1,fsk,48000,0.042666666666666665,19038.59212567916,9.889639016014366,noisy,0.917881513175152,1.0,ambient,42,3507125262,277633636,dataset_v2_generator-1.2,dataset_v2_clean.0,16.11451267342357,710.1839853060119,,,,,,0.2200606706915395,0.06216666666666667,0,fsk|noisy|19000,0
dataset_v2_clean.0_tone_000113,4,tone,48000,0.042666666666666665,18722.935578619807,13.43794165768135,moderate,0.7899802687364316,1.0,white,42,2958456311,1737040045,dataset_v2_generator-1.2,dataset_v2_clean.0,,,,,,,,0.2725722314539814,0.13516666666666666,0,tone|moderate|18500,0
dataset_v2_clean.0_fsk_000194,1,fsk,48000,0.042666666666666665,18562.67840140136,-3.036886193499241,very_noisy,0.9464310806278652,1.0,white,42,3931373433,3889748818,dataset_v2_generator-1.2,dataset_v2_clean.0,35.43932359066362,1298.3390913628791,,,,,,0.24950416302784065,0.040375,0,fsk|very_noisy|18500,0
dataset_v2_clean.0_benign_000047,0,benign,48000,0.042666666666666665,,,,0.2967567926548384,0.2967567926548384,ambient,42,2610777415,3774452839,dataset_v2_generator-1.2,dataset_v2_clean.0,,,,,,,ambient,0.23932820773257862,0.1113125,1,benign|ambient|a30,0
dataset_v2_clean.0_chirp_000133,3,chirp,48000,0.042666666666666665,,7.494443025715372,noisy,0.7161888332561372,1.0,white,42,2367096452,2648324194,dataset_v2_generator-1.2,dataset_v2_clean.0,,,18400.213767313457,20369.073107841486,,8,,0.2688635035146253,0.17064583333333333,0,chirp|noisy|18500_20500,0
dataset_v2_clean.0_fsk_000082,1,fsk,48000,0.042666666666666665,19638.743338142478,26.38413129085053,clean,0.6091930754801361,0.6568809261064741,ambient,42,1045761623,2891344451,dataset_v2_generator-1.2,dataset_v2_clean.0,20.636910712991437,961.2644573956532,,,,,,0.2805880796730799,0.21770833333333334,0,fsk|clean|19500,0
dataset_v2_clean.0_chirp_000245,3,chirp,48000,0.042666666666666665,,15.820012249807835,moderate,0.9649144025967837,1.0,ambient,42,2255202571,3004168769,dataset_v2_generator-1.2,dataset_v2_clean.0,,,18577.523935811874,20800.606324295175,,5,,0.38801236674832684,0.33460416666666665,0,chirp|moderate|18500_21000,0
dataset_v2_clean.0_ook_000468,2,ook,48000,0.042666666666666665,20711.702825709253,11.848277852593759,moderate,0.6575210109802881,0.9720744268353758,white,42,1637266976,4241297192,dataset_v2_generator-1.2,dataset_v2_clean.0,30.998064341641584,,,,,,,0.3268151552631339,0.20677083333333332,0,ook|moderate|20500,0
dataset_v2_clean.0_chirp_000025,3,chirp,48000,0.042666666666666665,,26.90318742778475,clean,0.9307626887585982,1.0,ambient,42,1606321218,2707835007,dataset_v2_generator-1.2,dataset_v2_clean.0,,,18096.94176605147,20590.206066035218,,5,,0.422675962396499,0.24875,0,chirp|clean|18000_20500,0
dataset_v2_clean.0_chirp_000143,3,chirp,48000,0.042666666666666665,,20.01002368215594,clean,0.9220256960752495,1.0,white,42,1294532701,3836763065,dataset_v2_generator-1.2,dataset_v2_clean.0,,,18758.306915004672,20738.164940842587,,3,,0.4122981234308379,0.20035416666666667,0,chirp|clean|19000_20500,0
dataset_v2_clean.0_tone_000239,4,tone,48000,0.042666666666666665,19823.939875881308,-0.3705652096259753,very_noisy,0.6400724909615733,1.0,ambient,42,1375056218,2523686930,dataset_v2_generator-1.2,dataset_v2_clean.0,,,,,,,,0.27409364413599824,0.1805,0,tone|very_noisy|20000,0
dataset_v2_clean.0_tone_000129,4,tone,48000,0.042666666666666665,19631.961311665364,19.71778184835228,moderate,0.9414429832532558,1.0,ambient,42,3322344544,4095753090,dataset_v2_generator-1.2,dataset_v2_clean.0,,,,,,,,0.3236169750203503,0.05395833333333333,0,tone|moderate|19500,0
dataset_v2_clean.0_fsk_000210,1,fsk,48000,0.042666666666666665,18753.621977086128,19.989278422928642,moderate,0.7942164853417485,0.986748649599148,ambient,42,4068982885,2588484928,dataset_v2_generator-1.2,dataset_v2_clean.0,89.56747591267799,1713.849190872581,,,,,,0.2687481955986006,0.17710416666666667,0,fsk|moderate|19000,0
dataset_v2_clean.0_ook_000031,2,ook,48000,0.042666666666666665,18465.688429588252,26.135424152355597,clean,0.5930276915854383,0.6438039903838647,white,42,1620631269,3921930341,dataset_v2_generator-1.2,dataset_v2_clean.0,38.14365565842176,,,,,,,0.26146711988638777,0.14983333333333335,0,ook|clean|18500,0
dataset_v2_clean.0_tone_000457,4,tone,48000,0.042666666666666665,19073.861622466175,-1.0462654398723696,very_noisy,0.7993606420679056,1.0,white,42,3825290628,1567674550,dataset_v2_generator-1.2,dataset_v2_clean.0,,,,,,,,0.3384977590436154,0.11152083333333333,0,tone|very_noisy|19000,0
dataset_v2_clean.0_ook_000061,2,ook,48000,0.042666666666666665,19818.693961528406,8.800000359404168,noisy,0.7007841504964063,1.0,white,42,1832543258,2734663,dataset_v2_generator-1.2,dataset_v2_clean.0,34.93566849160512,,,,,,,0.3953122888374401,0.12327083333333333,0,ook|noisy|20000,0
dataset_v2_clean.0_benign_000079,0,benign,48000,0.042666666666666665,18727.24271912648,,,0.3948511114343568,0.39485111112494126,none,42,3920855742,1659600606,dataset_v2_generator-1.2,dataset_v2_clean.0,,,,,,,steady_ultrasonic_hum,0.3944506176181973,0.0070416666666666666,0,benign|steady_ultrasonic_hum|18500|a40,0
dataset_v2_clean.0_fsk_000484,1,fsk,48000,0.042666666666666665,18540.369780953824,21.38199692524833,clean,0.6298231920132656,0.7640761094321347,white,42,3360797754,4030139613,dataset_v2_generator-1.2,dataset_v2_clean.0,79.89738554590865,1562.2589502302144,,,,,,0.27554729022410074,0.0910625,0,fsk|clean|18500,0
dataset_v2_clean.0_ook_000156,2,ook,48000,0.042666666666666665,19489.41039262899,-4.108161242171053,very_noisy,0.723762519449703,1.0,white,42,3498416968,1444772657,dataset_v2_generator-1.2,dataset_v2_clean.0,67.25289965732642,,,,,,,0.28355003497405395,0.18591666666666667,0,ook|very_noisy|19500,0
dataset_v2_clean.0_chirp_000205,3,chirp,48000,0.042666666666666665,,-1.4145948153729577,very_noisy,0.558660066043441,1.0,ambient,42,3652491794,3916624073,dataset_v2_generator-1.2,dataset_v2_clean.0,,,18259.01624251123,20326.457235431244,,4,,0.27966434974413196,0.17641666666666667,0,chirp|very_noisy|18500_20500,0
dataset_v2_clean.0_fsk_000049,1,fsk,48000,0.042666666666666665,18753.813557375906,-0.9447817788008983,very_noisy,0.8960914588951345,1.0,white,42,706415061,3909842278,dataset_v2_generator-1.2,dataset_v2_clean.0,15.427976238639102,1348.1646022087734,,,,,,0.31482450463652173,0.13991666666666666,0,fsk|very_noisy|19000,0
dataset_v2_clean.0_ook_000298,2,ook,48000,0.042666666666666665,18565.73396249167,6.380068573523231,noisy,0.5537305704563881,0.8650132033021882,ambient,42,1187352233,4112919106,dataset_v2_generator-1.2,dataset_v2_clean.0,57.76455008658787,,,,,,,0.25868776329775817,0.1050625,0,ook|noisy|18500,0
dataset_v2_clean.0_fsk_000172,1,fsk,48000,0.042666666666666665,18272.418045349452,17.357909319574347,moderate,0.6772313183020989,0.8332919738375819,ambient,42,3937894644,4124779936,dataset_v2_generator-1.2,dataset_v2_clean.0,77.47260359235034,608.1419126128203,,,,,,0.3103858330478453,0.08095833333333333,0,fsk|moderate|18500,0
dataset_v2_clean.0_tone_000025,4,tone,48000,0.042666666666666665,19917.85976466391,17.51475402212884,moderate,0.8628379425381275,1.0,ambient,42,355953027,2482488746,dataset_v2_generator-1.2,dataset_v2_clean.0,,,,,,,,0.2954841459062644,0.1475625,0,tone|moderate|20000,0
dataset_v2_clean.0_ook_000028,2,ook,48000,0.042666666666666665,19935.21384815013,9.378802492817307,noisy,0.7136008774005067,1.0,ambient,42,2072618667,2262563065,dataset_v2_generator-1.2,dataset_v2_clean.0,50.68483551536019,,,,,,,0.35660804521300965,0.127,0,ook|noisy|20000,0
dataset_v2_clean.0_chirp_000463,3,chirp,48000,0.042666666666666665,,18.683019120119848,moderate,0.6799407120309888,0.8350896581036986,ambient,42,1682192132,3847419833,dataset_v2_generator-1.2,dataset_v2_clean.0,,,18599.23056357796,20593.425184906482,,5,,0.2449821746437146,0.08652083333333334,0,chirp|moderate|18500_20500,0
dataset_v2_clean.0_tone_000058,4,tone,48000,0.042666666666666665,18648.035316943493,0.16533148440877277,very_noisy,0.6744976703398279,1.0,white,42,3932759582,3798054948,dataset_v2_generator-1.2,dataset_v2_clean.0,,,,,,,,0.35450725102354286,0.2501875,0,tone|very_noisy|18500,0
dataset_v2_clean.0_benign_000055,0,benign,48000,0.042666666666666665,,,,0.2411167282504944,1.1412202065967192,white,42,2205596066,2705445927,dataset_v2_generator-1.2,dataset_v2_clean.0,,,,,,,white,0.2893969425093214,0.0173125,0,benign|white|a20,0
dataset_v2_clean.0_chirp_000138,3,chirp,48000,0.042666666666666665,,27.903763018539156,clean,0.844980726407089,0.9125819729260515,white,42,985749927,1239495232,dataset_v2_generator-1.2,dataset_v2_clean.0,,,19030.525287529592,20833.407678177406,,6,,0.27901922056847656,0.07079166666666667,0,chirp|clean|19000_21000,0
dataset_v2_clean.0_tone_000297,4,tone,48000,0.042666666666666665,19617.42778117153,7.517390562851326,noisy,0.9882551564942353,1.0,ambient,42,1753243572,2901196249,dataset_v2_generator-1.2,dataset_v2_clean.0,,,,,,,,0.3755142450933797,0.16927083333333334,0,tone|noisy|19500,0
dataset_v2_clean.0_fsk_000106,1,fsk,48000,0.042666666666666665,19177.14099230468,29.574796130913242,clean,0.8668381908733309,0.9207559010899888,white,42,567953365,4076183738,dataset_v2_generator-1.2,dataset_v2_clean.0,15.02658159872127,905.0494813760488,,,,,,0.35746438066313185,0.309625,0,fsk|clean|19000,0
dataset_v2_clean.0_tone_000266,4,tone,48000,0.042666666666666665,20145.172498391526,20.090194235847214,clean,0.9674060775878655,1.0,white,42,3517155288,604112285,dataset_v2_generator-1.2,dataset_v2_clean.0,,,,,,,,0.4229006068674095,0.2769583333333333,0,tone|clean|20000,0
dataset_v2_clean.0_fsk_000405,1,fsk,48000,0.042666666666666665,18567.21426010906,21.211457901005456,clean,0.5891846882498502,0.6852070259819808,ambient,42,3423000468,3445311492,dataset_v2_generator-1.2,dataset_v2_clean.0,63.7894046053672,1623.1796471695234,,,,,,0.3218001596323156,0.2583958333333333,0,fsk|clean|18500,0
dataset_v2_clean.0_ook_000292,2,ook,48000,0.042666666666666665,19970.552563511836,3.381043711021218,noisy,0.9210935501179895,1.0,white,42,3494599153,1204360609,dataset_v2_generator-1.2,dataset_v2_clean.0,58.75545956627293,,,,,,,0.2852166895902535,0.1854375,0,ook|noisy|20000,0
dataset_v2_clean.0_tone_000308,4,tone,48000,0.042666666666666665,18525.12639140231,-2.017051146278336,very_noisy,0.7614484308830929,1.0,ambient,42,4112235507,1392133852,dataset_v2_generator-1.2,dataset_v2_clean.0,,,,,,,,0.2539101022012634,0.07870833333333334,0,tone|very_noisy|18500,0
dataset_v2_clean.0_benign_000071,0,benign,48000,0.042666666666666665,,,,0.6654453752808376,3.072455206453961,white,42,1410856867,2010985768,dataset_v2_generator-1.2,dataset_v2_clean.0,,,,,,,band_limited_hiss,0.31623930566384123,0.08354166666666667,0,benign|band_limited_hiss|na|a70,0
dataset_v2_clean.0_benign_000175,0,benign,48000,0.042666666666666665,,,,0.24875679164474573,0.24875679164474573,ambient,42,3501334192,4231656044,dataset_v2_generator-1.2,dataset_v2_clean.0,,,,,,,ambient,0.30159575611672645,0.25104166666666666,0,benign|ambient|a20,0
dataset_v2_clean.0_benign_000462,0,benign,48000,0.042666666666666665,,14.967931022415168,moderate,0.26865904518513983,0.28345467703330884,white,42,88811887,255190066,dataset_v2_generator-1.2,dataset_v2_clean.0,,,,,,,ambient_hf_boost,0.3288531147868659,0.1425,4,benign|ambient_hf_boost|moderate,0
dataset_v2_clean.0_chirp_000341,3,chirp,48000,0.042666666666666665,,28.996803282077874,clean,0.5965878409937475,0.6358588488549268,ambient,42,116215152,3954513654,dataset_v2_generator-1.2,dataset_v2_clean.0,,,18289.993799500877,20441.888732485586,,4,,0.2813832708999596,0.1849375,0,chirp|clean|18500_20500,0
dataset_v2_clean.0_tone_000458,4,tone,48000,0.042666666666666665,19970.440702842785,18.478016284327424,moderate,0.8938002125436685,1.0,ambient,42,426494526,122175218,dataset_v2_generator-1.2,dataset_v2_clean.0,,,,,,,,0.287442012928421,0.18597916666666667,0,tone|moderate|20000,0
dataset_v2_clean.0_ook_000121,2,ook,48000,0.042666666666666665,18329.484095545296,3.3952969103093773,noisy,0.7961296982262365,1.0,white,42,1679873369,1222769206,dataset_v2_generator-1.2,dataset_v2_clean.0,45.07782800860588,,,,,,,0.36858678304870907,0.26866666666666666,0,ook|noisy|18500,0
dataset_v2_clean.0_fsk_000247,1,fsk,48000,0.042666666666666665,18833.858180474763,8.783126137924903,noisy,0.915893546373852,1.0,white,42,3958783234,1789133586,dataset_v2_generator-1.2,dataset_v2_clean.0,43.208276619065344,552.1848236570659,,,,,,0.24481748703409925,0.03225,0,fsk|noisy|19000,0
dataset_v2_clean.0_benign_000000,0,benign,48000,0.042666666666666665,,21.523559268151995,clean,0.37356776073819237,0.38300296755424607,white,42,3444837047,2669555309,dataset_v2_generator-1.2,dataset_v2_clean.0,,,,,,,ambient_hf_boost,0.4189097590917721,0.07589583333333333,0,benign|ambient_hf_boost|clean,0
dataset_v2_clean.0_tone_000400,4,tone,48000,0.042666666666666665,19893.435679296927,0.6906147857822038,very_noisy,0.9451668350183129,1.0,ambient,42,1208407403,2567931914,dataset_v2_generator-1.2,dataset_v2_clean.0,,,,,,,,0.2701436040409925,0.178,0,tone|very_noisy|20000,0
dataset_v2_clean.0_tone_000314,4,tone,48000,0.042666666666666665,20232.856356777604,7.070819151752187,noisy,0.5902061925668274,1.0,white,42,690435051,2240679816,dataset_v2_generator-1.2,dataset_v2_clean.0,,,,,,,,0.3981161024457024,0.0049375,0,tone|noisy|20000,0
dataset_v2_clean.0_fsk_000390,1,fsk,48000,0.042666666666666665,19008.952017501033,3.504732458142297,noisy,0.6646885763887973,1.0,ambient,42,235956074,3335101454,dataset_v2_generator-1.2,dataset_v2_clean.0,45.065452694016244,1109.4269815369043,,,,,,0.39185829845248377,0.10395833333333333,0,fsk|noisy|19000,0
dataset_v2_clean.0_ook_000210,2,ook,48000,0.042666666666666665,19518.250556436436,18.055826290958,moderate,0.6383528832732209,0.7292218587799151,ambient,42,290425466,3041286686,dataset_v2_generator-1.2,dataset_v2_clean.0,65.38675947578585,,,,,,,0.42394081442503523,0.1676875,0,ook|moderate|19500,0
dataset_v2_clean.0_chirp_000163,3,chirp,48000,0.042666666666666665,,15.18671044078145,moderate,0.6922543876788501,0.9777731883382361,white,42,1990111620,1329670003,dataset_v2_generator-1.2,dataset_v2_clean.0,,,18281.807511370152,20511.278402317308,,6,,0.28262518541549736,0.0815,0,chirp|moderate|18500_20500,0
dataset_v2_clean.0_benign_000223,0,benign,48000,0.042666666666666665,,-3.559691299191047,very_noisy,0.16551253482896922,0.5601640613638693,white,42,334881414,1095064423,dataset_v2_generator-1.2,dataset_v2_clean.0,,,,,,,ambient_hf_boost,0.4237282854428971,0.23977083333333332,0,benign|ambient_hf_boost|very_noisy,0
dataset_v2_clean.0_tone_000108,4,tone,48000,0.042666666666666665,19148.32951239549,2.445664136345359,noisy,0.9650167687336713,1.0,white,42,737469120,1723261745,dataset_v2_generator-1.2,dataset_v2_clean.0,,,,,,,,0.2893316076166546,0.231125,0,tone|noisy|19000,0
dataset_v2_clean.0_ook_000338,2,ook,48000,0.042666666666666665,20652.425721007243,12.165060779119232,moderate,0.8654468630532663,1.0,white,42,419080848,4172118991,dataset_v2_generator-1.2,dataset_v2_clean.0,52.7795596141939,,,,,,,0.33204450554256476,0.2596041666666667,0,ook|moderate|20500,0
dataset_v2_clean.0_fsk_000416,1,fsk,48000,0.042666666666666665,19240.93969281859,7.090483790199696,noisy,0.7599473899603252,1.0,ambient,42,3682708716,2209230176,dataset_v2_generator-1.2,dataset_v2_clean.0,35.393608668267206,1295.184438217566,,,,,,0.4201071256821434,0.24645833333333333,0,fsk|noisy|19000,0
dataset_v2_clean.0_benign_000437,0,benign,48000,0.042666666666666665,,-1.2719462711351337,very_noisy,0.45859285575994213,1.0,white,42,2763805779,1417630426,dataset_v2_generator-1.2,dataset_v2_clean.0,,,,,,,ambient_hf_boost,0.3490430072119161,0.29560416666666667,0,benign|ambient_hf_boost|very_noisy,0
dataset_v2_clean.0_tone_000463,4,tone,48000,0.042666666666666665,18763.045011601753,-2.79804134324533,very_noisy,0.7922539579237139,1.0,white,42,2722207211,410465053,dataset_v2_generator-1.2,dataset_v2_clean.0,,,,,,,,0.3917873283591866,0.32197916666666665,0,tone|very_noisy|19000,0
dataset_v2_clean.0_benign_000418,0,benign,48000,0.042666666666666665,,,,0.19747915481853762,0.19747915481853762,ambient,42,1575974446,825736428,dataset_v2_generator-1.2,dataset_v2_clean.0,,,,,,,ambient,0.25567150871526145,0.04616666666666667,4,benign|ambient|a20,0
dataset_v2_clean.0_chirp_000046,3,chirp,48000,0.042666666666666665,,11.649951126137596,moderate,0.9983491482764404,1.0,ambient,42,821104914,976437262,dataset_v2_generator-1.2,dataset_v2_clean.0,,,18006.005156685373,20844.616777448005,,6,,0.23792099559111224,0.17995833333333333,0,chirp|moderate|18000_21000,0
dataset_v2_clean.0_ook_000326,2,ook,48000,0.042666666666666665,18550.987670237973,14.812027520861601,moderate,0.6353294525410235,0.7911066171468067,white,42,1038870365,1638885349,dataset_v2_generator-1.2,dataset_v2_clean.0,42.26321107960137,,,,,,,0.21636445210362668,0.06241666666666667,0,ook|moderate|18500,0
dataset_v2_clean.0_ook_000007,2,ook,48000,0.042666666666666665,20745.801318564503,11.899453860009391,moderate,0.9354509062220326,1.0,white,42,489233195,2267604127,dataset_v2_generator-1.2,dataset_v2_clean.0,30.910853645407073,,,,,,,0.34030649673198077,0.1095625,0,ook|moderate|20500,0
dataset_v2_clean.0_tone_000099,4,tone,48000,0.042666666666666665,20533.294348980693,17.88990054501539,moderate,0.5560930516692927,0.7117545926358967,white,42,793619759,1054899122,dataset_v2_generator-1.2,dataset_v2_clean.0,,,,,,,,0.38933643986589034,0.2095625,0,tone|moderate|20500,0
dataset_v2_clean.0_ook_000115,2,ook,48000,0.042666666666666665,20797.564662587465,22.558257611264636,clean,0.6896422475143283,0.7463629804895776,ambient,42,2411411570,3656651968,dataset_v2_generator-1.2,dataset_v2_clean.0,68.1769976865635,,,,,,,0.3998120439926168,0.2883125,0,ook|clean|21000,0
dataset_v2_clean.0_tone_000190,4,tone,48000,0.042666666666666665,18360.6462237102,7.389524737305215,noisy,0.8075421742384954,1.0,ambient,42,1430155010,3993527608,dataset_v2_generator-1.2,dataset_v2_clean.0,,,,,,,,0.32273246461807087,0.2046875,0,tone|noisy|18500,0
dataset_v2_clean.0_fsk_000085,1,fsk,48000,0.042666666666666665,18780.232643810727,12.171586831657834,moderate,0.6798728193702204,1.0,white,42,1160040151,1246620523,dataset_v2_generator-1.2,dataset_v2_clean.0,61.898308915670185,1464.5333598755133,,,,,,0.2670121564185772,0.12395833333333334,0,fsk|moderate|19000,0
dataset_v2_clean.0_fsk_000313,1,fsk,48000,0.042666666666666665,19643.330620898232,1.864990346526577,very_noisy,0.7766681856575582,1.0,white,42,4137320717,3536664901,dataset_v2_generator-1.2,dataset_v2_clean.0,70.95212309926747,1071.8880672623818,,,,,,0.3762915672770393,0.31704166666666667,0,fsk|very_noisy|19500,0
dataset_v2_clean.0_benign_000419,0,benign,48000,0.042666666666666665,19755.381460635712,,,0.35377456059365187,0.35377456033085014,none,42,1759325377,111907600,dataset_v2_generator-1.2,dataset_v2_clean.0,,,,,,,steady_ultrasonic_hum,0.2366061702289878,0.015583333333333333,0,benign|steady_ultrasonic_hum|20000|a40,0
dataset_v2_clean.0_fsk_000052,1,fsk,48000,0.042666666666666665,19315.957736831868,26.3650269784294,clean,0.9349745830859003,1.0,white,42,4070402233,892660040,dataset_v2_generator-1.2,dataset_v2_clean.0,58.32395514625012,1396.6722547685786,,,,,,0.3784831606544259,0.20247916666666665,0,fsk|clean|19500,0
dataset_v2_clean.0_tone_000255,4,tone,48000,0.042666666666666665,20245.39774047532,7.753021068336439,noisy,0.6276031912807877,1.0,ambient,42,3401250034,455541942,dataset_v2_generator-1.2,dataset_v2_clean.0,,,,,,,,0.2176449047016061,0.098875,0,tone|noisy|20000,0
dataset_v2_clean.0_chirp_000172,3,chirp,48000,0.042666666666666665,,4.4981716702149335,noisy,0.6629034612698168,1.0,white,42,575036309,621944200,dataset_v2_generator-1.2,dataset_v2_clean.0,,,18420.96619054692,20520.01897843283,,7,,0.2815305019116289,0.17375,0,chirp|noisy|18500_20500,0
dataset_v2_clean.0_fsk_000048,1,fsk,48000,0.042666666666666665,18546.542273450137,2.1203097582180206,noisy,0.5742881854505382,1.0,white,42,1630219979,672405161,dataset_v2_generator-1.2,dataset_v2_clean.0,87.53654562396356,575.737904116042,,,,,,0.2896451691521639,0.17314583333333333,0,fsk|noisy|18500,0
dataset_v2_clean.0_fsk_000108,1,fsk,48000,0.042666666666666665,18746.339734035217,24.134223196004747,clean,0.8936861412414872,0.9852179665023816,ambient,42,4110473143,722578104,dataset_v2_generator-1.2,dataset_v2_clean.0,16.710111687590363,1956.1631909259668,,,,,,0.2961352348340323,0.015291666666666667,0,fsk|clean|18500,0
dataset_v2_clean.0_benign_000025,0,benign,48000,0.042666666666666665,19843.19564639854,,,0.5133369714788559,0.5133369658284745,none,42,257476557,1041529032,dataset_v2_generator-1.2,dataset_v2_clean.0,,,,,,,steady_ultrasonic_hum,0.23580818472393367,0.06577083333333333,0,benign|steady_ultrasonic_hum|20000|a50,0
dataset_v2_clean.0_tone_000342,4,tone,48000,0.042666666666666665,18562.551747172,10.630103966867136,moderate,0.9257508825925458,1.0,white,42,3452893240,2782460766,dataset_v2_generator-1.2,dataset_v2_clean.0,,,,,,,,0.40220395252089897,0.08725,0,tone|moderate|18500,0
dataset_v2_clean.0_chirp_000091,3,chirp,48000,0.042666666666666665,,29.1102779528348,clean,0.7284662002165314,0.7824703931892282,white,42,1854994077,4013809135,dataset_v2_generator-1.2,dataset_v2_clean.0,,,18293.272058613777,20601.93474907934,,6,,0.3016761361870505,0.03789583333333333,0,chirp|clean|18500_20500,0
dataset_v2_clean.0_fsk_000140,1,fsk,48000,0.042666666666666665,18810.00003214612,29.52989943754942,clean,0.6753421639135841,0.7273372988660816,white,42,1932575184,1478938344,dataset_v2_generator-1.2,dataset_v2_clean.0,67.00902543903507,482.9951312886624,,,,,,0.2510319598149167,0.1798125,0,fsk|clean|19000,0
dataset_v2_clean.0_tone_000345,4,tone,48000,0.042666666666666665,20948.81243485527,-0.5123465860164664,very_noisy,0.8090062944897056,1.0,ambient,42,3625112720,2267800687,dataset_v2_generator-1.2,dataset_v2_clean.0,,,,,,,,0.2695018291034802,0.10597916666666667,0,tone|very_noisy|21000,0
dataset_v2_clean.0_benign_000167,0,benign,48000,0.042666666666666665,20684.30448361926,,,0.46202918997272335,0.4620291897646612,none,42,181794670,1412100332,dataset_v2_generator-1.2,dataset_v2_clean.0,,,,,,,steady_ultrasonic_hum,0.4186222137916272,0.24554166666666666,0,benign|steady_ultrasonic_hum|20500|a50,0
dataset_v2_clean.0_chirp_000398,3,chirp,48000,0.042666666666666665,,20.400422252393255,clean,0.8231484369275404,0.97601194578007,ambient,42,1469168508,756466300,dataset_v2_generator-1.2,dataset_v2_clean.0,,,18334.41317680905,20801.571406754472,,2,,0.41201889480417553,0.04002083333333333,0,chirp|clean|18500_21000,0
dataset_v2_clean.0_chirp_000451,3,chirp,48000,0.042666666666666665,,17.35837835999629,moderate,0.8645319713724913,1.0,ambient,42,2205898041,1665000790,dataset_v2_generator-1.2,dataset_v2_clean.0,,,19077.320981359997,20891.931436078496,,4,,0.4047128589033534,0.307875,0,chirp|moderate|19000_21000,0
dataset_v2_clean.0_tone_000010,4,tone,48000,0.042666666666666665,19086.142521202964,0.027096719675745007,very_noisy,0.6709094980202451,1.0,ambient,42,153145324,2555119656,dataset_v2_generator-1.2,dataset_v2_clean.0,,,,,,,,0.29303739344979013,0.0348125,0,tone|very_noisy|19000,0
dataset_v2_clean.0_benign_000455,0,benign,48000,0.042666666666666665,,19.5630659674282,moderate,0.3996926726381138,0.43222880966986565,white,42,2776916135,323881536,dataset_v2_generator-1.2,dataset_v2_clean.0,,,,,,,ambient_hf_boost,0.2438075371803011,0.013083333333333334,1,benign|ambient_hf_boost|moderate,0
dataset_v2_clean.0_benign_000498,0,benign,48000,0.042666666666666665,,,,0.7088968318738528,2.7711008841019553,white,42,2285429902,3527529286,dataset_v2_generator-1.2,dataset_v2_clean.0,,,,,,,band_limited_hiss,0.3730352121737755,0.316875,0,benign|band_limited_hiss|na|a70,0
dataset_v2_clean.0_ook_000138,2,ook,48000,0.042666666666666665,18518.43598698794,10.26378821188216,moderate,0.7373752656960286,0.9441928596147823,ambient,42,1780925782,2420924003,dataset_v2_generator-1.2,dataset_v2_clean.0,65.20627793738302,,,,,,,0.32124751029665866,0.21552083333333333,0,ook|moderate|18500,0
dataset_v2_clean.0_chirp_000233,3,chirp,48000,0.042666666666666665,,0.3322520238967046,very_noisy,0.6415765463821048,1.0,ambient,42,937990301,3478491793,dataset_v2_generator-1.2,dataset_v2_clean.0,,,18198.3550045338,20405.287237037577,,4,,0.31151422414794233,0.007541666666666667,0,chirp|very_noisy|18000_20500,0
dataset_v2_clean.0_chirp_000005,3,chirp,48000,0.042666666666666665,,27.98932082913615,clean,0.6509532869054506,0.7072308223071034,white,42,4203042046,4024695742,dataset_v2_generator-1.2,dataset_v2_clean.0,,,19046.140300254723,20834.223550364582,,4,,0.2567325363035129,0.08302083333333334,0,chirp|clean|19000_21000,0
dataset_v2_clean.0_fsk_000081,1,fsk,48000,0.042666666666666665,19263.689976554382,27.284388308310646,clean,0.9478610353235619,1.0,ambient,42,3859339721,2283086162,dataset_v2_generator-1.2,dataset_v2_clean.0,54.05126577533042,1142.817807129035,,,,,,0.24800911309145962,0.06395833333333334,0,fsk|clean|19500,0
dataset_v2_clean.0_benign_000127,0,benign,48000,0.042666666666666665,19263.71404229969,,,0.3084362824490823,0.3084362824482727,none,42,3339163363,3864451905,dataset_v2_generator-1.2,dataset_v2_clean.0,,,,,,,steady_ultrasonic_hum,0.4123605098011847,0.2798125,0,benign|steady_ultrasonic_hum|19500|a30,0
dataset_v2_clean.0_ook_000235,2,ook,48000,0.042666666666666665,19003.367705933862,28.190163557402123,clean,0.8400748771244175,0.8722962656328087,ambient,42,3767660695,587770672,dataset_v2_generator-1.2,dataset_v2_clean.0,60.55990192802233,,,,,,,0.3527369744090172,0.1288125,0,ook|clean|19000,0
dataset_v2_clean.0_tone_000448,4,tone,48000,0.042666666666666665,18415.797316426742,-4.060453379361864,very_noisy,0.5541141923219165,1.0,white,42,3579032176,3361067412,dataset_v2_generator-1.2,dataset_v2_clean.0,,,,,,,,0.41211235226262,0.14404166666666668,0,tone|very_noisy|18500,0
dataset_v2_clean.0_tone_000024,4,tone,48000,0.042666666666666665,19012.856215246735,12.149195512358638,moderate,0.5689148516766983,0.912409722117146,white,42,2660345076,32357075,dataset_v2_generator-1.2,dataset_v2_clean.0,,,,,,,,0.23729642936385176,0.0022083333333333334,0,tone|moderate|19000,0
dataset_v2_clean.0_chirp_000285,3,chirp,48000,0.042666666666666665,,17.75531198229911,moderate,0.5719225336026654,0.6873857488031958,ambient,42,853822013,898394998,dataset_v2_generator-1.2,dataset_v2_clean.0,,,18269.51960962624,20592.325537061857,,5,,0.34740301287745945,0.22816666666666666,0,chirp|moderate|18500_20500,0
dataset_v2_clean.0_chirp_000228,3,chirp,48000,0.042666666666666665,,22.295557203670484,clean,0.9778459691319702,1.0,white,42,3214423835,18674078,dataset_v2_generator-1.2,dataset_v2_clean.0,,,19054.839120622197,20725.191642108664,,2,,0.3568835104601081,0.0110625,0,chirp|clean|19000_20500,0
dataset_v2_clean.0_tone_000379,4,tone,48000,0.042666666666666665,19546.73696764758,-2.212478703586692,very_noisy,0.6605186245529948,1.0,white,42,1468873420,70995281,dataset_v2_generator-1.2,dataset_v2_clean.0,,,,,,,,0.3308617008788655,0.2450625,0,tone|very_noisy|19500,0
dataset_v2_clean.0_fsk_000360,1,fsk,48000,0.042666666666666665,18520.16099554606,8.18804130294313,noisy,0.6197012263624779,0.9955524001554721,ambient,42,1003478093,1510261622,dataset_v2_generator-1.2,dataset_v2_clean.0,88.45568859993422,1116.6355894625376,,,,,,0.34629387827205194,0.2652083333333333,0,fsk|noisy|18500,0
dataset_v2_clean.0_chirp_000479,3,chirp,48000,0.042666666666666665,,18.768134142878903,moderate,0.761753296041003,0.9000490237821933,ambient,42,2002822862,364333923,dataset_v2_generator-1.2,dataset_v2_clean.0,,,19040.553319667233,20642.236844812633,,6,,0.276982498705832,0.0865625,0,chirp|moderate|19000_20500,0
dataset_v2_clean.0_tone_000277,4,tone,48000,0.042666666666666665,19931.150164842446,8.268752531476107,noisy,0.9889467487699514,1.0,ambient,42,3716235009,1690601166,dataset_v2_generator-1.2,dataset_v2_clean.0,,,,,,,,0.3638260168360266,0.14916666666666667,0,tone|noisy|20000,0
dataset_v2_clean.0_ook_000267,2,ook,48000,0.042666666666666665,19638.51722812731,3.3178488327019933,noisy,0.9911679020830737,1.0,ambient,42,3659169771,3175361782,dataset_v2_generator-1.2,dataset_v2_clean.0,56.03467527243454,,,,,,,0.2845800075692443,0.0025208333333333333,0,ook|noisy|19500,0
dataset_v2_clean.0_tone_000145,4,tone,48000,0.042666666666666665,19257.88215078219,13.598692259374442,moderate,0.991179747588719,1.0,ambient,42,1114173203,444105795,dataset_v2_generator-1.2,dataset_v2_clean.0,,,,,,,,0.36047681395667475,0.08552083333333334,0,tone|moderate|19500,0
dataset_v2_clean.0_benign_000200,0,benign,48000,0.042666666666666665,19503.55982174579,,,0.5081127040674149,0.5081127040305681,none,42,1295641326,3938551815,dataset_v2_generator-1.2,dataset_v2_clean.0,,,,,,,steady_ultrasonic_hum,0.4202843459015798,0.2334375,0,benign|steady_ultrasonic_hum|19500|a50,0
dataset_v2_clean.0_tone_000396,4,tone,48000,0.042666666666666665,20153.707034194085,10.897416309818105,moderate,0.6086468105144016,0.9014804925156925,ambient,42,4113222898,1003906737,dataset_v2_generator-1.2,dataset_v2_clean.0,,,,,,,,0.34682277966190317,0.139125,0,tone|moderate|20000,0
dataset_v2_clean.0_chirp_000000,3,chirp,48000,0.042666666666666665,,21.81555696682653,clean,0.5938963812237016,0.6740937002998771,ambient,42,2541583436,4223867394,dataset_v2_generator-1.2,dataset_v2_clean.0,,,18838.17394142847,20632.44279828351,,7,,0.4127612691271276,0.04152083333333333,0,chirp|clean|19000_20500,0
dataset_v2_clean.0_chirp_000067,3,chirp,48000,0.042666666666666665,,7.633286984190971,noisy,0.8227515850074147,1.0,ambient,42,2410710851,1836189818,dataset_v2_generator-1.2,dataset_v2_clean.0,,,18377.57989482157,20728.817025525223,,4,,0.38744305271316054,0.2645208333333333,0,chirp|noisy|18500_20500,0
dataset_v2_clean.0_fsk_000214,1,fsk,48000,0.042666666666666665,19476.234989365934,0.7416460608167599,very_noisy,0.8284307950115457,1.0,white,42,2247500461,1906143419,dataset_v2_generator-1.2,dataset_v2_clean.0,35.86467726224287,1523.7650106340661,,,,,,0.3474805971399005,0.118,0,fsk|very_noisy|19500,0
dataset_v2_clean.0_benign_000074,0,benign,48000,0.042666666666666665,19951.073394332165,,,0.420619538242426,0.4206195348897406,none,42,1258825429,1173678944,dataset_v2_generator-1.2,dataset_v2_clean.0,,,,,,,steady_ultrasonic_hum,0.24260795052795273,0.01872916666666667,0,benign|steady_ultrasonic_hum|20000|a40,0
dataset_v2_clean.0_ook_000040,2,ook,48000,0.042666666666666665,18908.61627457195,19.50498094791682,moderate,0.7255449180092182,0.8109779354836547,ambient,42,4130064786,4207104768,dataset_v2_generator-1.2,dataset_v2_clean.0,33.447157696165576,,,,,,,0.380628197419663,0.15920833333333334,0,ook|moderate|19000,0
dataset_v2_clean.0_chirp_000077,3,chirp,48000,0.042666666666666665,,0.8050657453040699,very_noisy,0.6275910841172964,1.0,ambient,42,1168874267,853269516,dataset_v2_generator-1.2,dataset_v2_clean.0,,,19274.177382341924,20993.319713192912,,7,,0.36632196876381795,0.07625,0,chirp|very_noisy|19500_21000,0
dataset_v2_clean.0_fsk_000383,1,fsk,48000,0.042666666666666665,18991.074938758447,28.94889753087851,clean,0.8887525320303051,0.9547378870072358,white,42,2269927728,14471911,dataset_v2_generator-1.2,dataset_v2_clean.0,70.80790561570424,1920.7111062175827,,,,,,0.2781333103611495,0.17591666666666667,0,fsk|clean|19000,0
dataset_v2_clean.0_chirp_000343,3,chirp,48000,0.042666666666666665,,5.503671663828844,noisy,0.8104311116826325,1.0,ambient,42,3670703331,2821416361,dataset_v2_generator-1.2,dataset_v2_clean.0,,,19097.62005481528,20452.14138313817,,2,,0.2917553392434172,0.21483333333333332,0,chirp|noisy|19000_20500,0
dataset_v2_clean.0_chirp_000274,3,chirp,48000,0.042666666666666665,,26.00315259001721,clean,0.7302838708301825,0.8227534472428741,white,42,1929804592,682784575,dataset_v2_generator-1.2,dataset_v2_clean.0,,,18276.48872368311,20547.246130857176,,8,,0.2449947316596377,0.1738125,0,chirp|clean|18500_20500,0
dataset_v2_clean.0_fsk_000353,1,fsk,48000,0.042666666666666665,19150.464822655442,-4.313017613272493,very_noisy,0.6383954314923714,1.0,white,42,2449798141,4013540200,dataset_v2_generator-1.2,dataset_v2_clean.0,84.52908356044128,1626.0049991654596,,,,,,0.4073380893004499,0.13666666666666666,0,fsk|very_noisy|19000,0
dataset_v2_clean.0_chirp_000056,3,chirp,48000,0.042666666666666665,,0.8270430176651766,very_noisy,0.8724860503208205,1.0,white,42,188658618,4095529821,dataset_v2_generator-1.2,dataset_v2_clean.0,,,18857.869443889733,20479.08873080591,,8,,0.31094842277432605,0.026083333333333333,0,chirp|very_noisy|19000_20500,0
dataset_v2_clean.0_ook_000442,2,ook,48000,0.042666666666666665,20053.225375944636,1.706092002241796,very_noisy,0.5535075617272412,1.0,white,42,2958693334,3422953902,dataset_v2_generator-1.2,dataset_v2_clean.0,53.21260039736942,,,,,,,0.22288161091572845,0.07904166666666666,0,ook|very_noisy|20000,0
dataset_v2_clean.0_chirp_000286,3,chirp,48000,0.042666666666666665,,3.2741035617975047,noisy,0.988493655244905,1.0,ambient,42,413889386,2616592667,dataset_v2_generator-1.2,dataset_v2_clean.0,,,18657.236195990634,20457.15579788717,,2,,0.36949329083440413,0.27116666666666667,0,chirp|noisy|18500_20500,0
dataset_v2_clean.0_benign_000288,0,benign,48000,0.042666666666666665,,,,0.4613368100608327,0.4613368100608327,ambient,42,2899883563,3389064272,dataset_v2_generator-1.2,dataset_v2_clean.0,,,,,,,ambient,0.3455094098792887,0.18360416666666668,0,benign|ambient|a50,0
dataset_v2_clean.0_fsk_000315,1,fsk,48000,0.042666666666666665,18468.114908414977,11.656579054667102,moderate,0.5885872974038682,0.9852975688653004,white,42,3658501061,3349272291,dataset_v2_generator-1.2,dataset_v2_clean.0,50.34668203689859,2074.807963954536,,,,,,0.30814514689826833,0.21883333333333332,0,fsk|moderate|18500,0
dataset_v2_clean.0_tone_000006,4,tone,48000,0.042666666666666665,18493.67249052791,17.92009068922692,moderate,0.8067230842107032,1.0,white,42,4283847531,1793371520,dataset_v2_generator-1.2,dataset_v2_clean.0,,,,,,,,0.31010265417242516,0.10797916666666667,0,tone|moderate|18500,0
dataset_v2_clean.0_benign_000310,0,benign,48000,0.042666666666666665,,11.431628099532382,moderate,0.46638511129180416,0.5590105311842823,white,42,2017500307,3896234312,dataset_v2_generator-1.2,dataset_v2_clean.0,,,,,,,ambient_hf_boost,0.3406484696772255,0.1265625,0,benign|ambient_hf_boost|moderate,0
dataset_v2_clean.0_chirp_000396,3,chirp,48000,0.042666666666666665,,1.453359872669309,very_noisy,0.6882350615674169,1.0,white,42,1820436587,929790921,dataset_v2_generator-1.2,dataset_v2_clean.0,,,19160.565514229318,20873.478112426485,,7,,0.2202722249423737,0.14579166666666668,0,chirp|very_noisy|19000_21000,0
dataset_v2_clean.0_fsk_000069,1,fsk,48000,0.042666666666666665,18214.093978738787,8.33430225589477,noisy,0.9334065124482518,1.0,ambient,42,2158745784,1690609082,dataset_v2_generator-1.2,dataset_v2_clean.0,54.20928139644603,1775.8367052682297,,,,,,0.2390009439927341,0.057958333333333334,0,fsk|noisy|18000,0
dataset_v2_clean.0_ook_000476,2,ook,48000,0.042666666666666665,19958.37413109305,2.0187494957751193,noisy,0.8546009677259887,1.0,ambient,42,3144706763,577285409,dataset_v2_generator-1.2,dataset_v2_clean.0,59.859950683762605,,,,,,,0.22006526724660075,0.043541666666666666,0,ook|noisy|20000,0
dataset_v2_clean.0_ook_000375,2,ook,48000,0.042666666666666665,19491.353649271416,1.7911323595223267,very_noisy,0.5714611922838733,0.9704096824790774,ambient,42,3012815173,3553750216,dataset_v2_generator-1.2,dataset_v2_clean.0,69.47394624648074,,,,,,,0.3411105168271661,0.130625,0,ook|very_noisy|19500,0
dataset_v2_clean.0_benign_000438,0,benign,48000,0.042666666666666665,18382.29141761999,,,0.2617842987943179,0.2617842986962529,none,42,94142977,163882215,dataset_v2_generator-1.2,dataset_v2_clean.0,,,,,,,steady_ultrasonic_hum,0.2961786045774503,0.1745,0,benign|steady_ultrasonic_hum|18500|a30,0
dataset_v2_clean.0_fsk_000288,1,fsk,48000,0.042666666666666665,18418.758681300216,0.6218421605505204,very_noisy,0.740230487267048,1.0,ambient,42,2688689923,3893837579,dataset_v2_generator-1.2,dataset_v2_clean.0,60.473985352836266,1711.1716056596015,,,,,,0.30705130193842206,0.18902083333333333,0,fsk|very_noisy|18500,0
dataset_v2_clean.0_tone_000051,4,tone,48000,0.042666666666666665,20015.94040170732,12.73585057954076,moderate,0.8637127526662489,1.0,ambient,42,2198941801,1344090507,dataset_v2_generator-1.2,dataset_v2_clean.0,,,,,,,,0.22392524351169285,0.0938125,0,tone|moderate|20000,0
dataset_v2_clean.0_tone_000233,4,tone,48000,0.042666666666666665,18691.689983259705,8.888578487191042,noisy,0.9810022159840139,1.0,ambient,42,977474578,3626417648,dataset_v2_generator-1.2,dataset_v2_clean.0,,,,,,,,0.2855130353636546,0.171625,0,tone|noisy|18500,0
dataset_v2_clean.0_ook_000282,2,ook,48000,0.042666666666666665,20282.895948517198,11.049753212018521,moderate,0.661404022493493,0.8489041945605431,white,42,2334266186,3959492848,dataset_v2_generator-1.2,dataset_v2_clean.0,41.862413082019415,,,,,,,0.32995132552691026,0.033375,0,ook|moderate|20500,0
dataset_v2_clean.0_benign_000027,0,benign,48000,0.042666666666666665,,,,0.665835169869717,3.1695042474647863,white,42,268891022,3946779620,dataset_v2_generator-1.2,dataset_v2_clean.0,,,,,,,band_limited_hiss,0.38081296658617353,0.18797916666666667,0,benign|band_limited_hiss|na|a70,0
dataset_v2_clean.0_fsk_000200,1,fsk,48000,0.042666666666666665,19134.995808715954,1.043506505273995,very_noisy,0.760348542688623,1.0,white,42,3339051754,3035294331,dataset_v2_generator-1.2,dataset_v2_clean.0,42.51857144531031,1865.004191284046,,,,,,0.2329699965451828,0.09625,0,fsk|very_noisy|19000,0
dataset_v2_clean.0_fsk_000201,1,fsk,48000,0.042666666666666665,19345.191566119665,14.803262268925899,moderate,0.5760825047091344,0.7747564118767025,ambient,42,37348060,2448382236,dataset_v2_generator-1.2,dataset_v2_clean.0,75.76075771720521,1402.4887490478286,,,,,,0.24764115880654738,0.07554166666666666,0,fsk|moderate|19500,0
dataset_v2_clean.0_benign_000192,0,benign,48000,0.042666666666666665,,,,0.25882478646159635,1.1686342174164883,white,42,2209389026,2007094848,dataset_v2_generator-1.2,dataset_v2_clean.0,,,,,,,white,0.32559039437032733,0.2488125,0,benign|white|a30,0
dataset_v2_clean.0_ook_000388,2,ook,48000,0.042666666666666665,19143.538042197728,14.720827673634798,moderate,0.7163430818426313,0.9221373697594302,white,42,269632219,3812335256,dataset_v2_generator-1.2,dataset_v2_clean.0,68.19493006099614,,,,,,,0.31166100972299476,0.04895833333333333,0,ook|moderate|19000,0
dataset_v2_clean.0_benign_000411,0,benign,48000,0.042666666666666665,,,,0.3904401291452686,1.4769801097836628,white,42,655163702,1607958497,dataset_v2_generator-1.2,dataset_v2_clean.0,,,,,,,band_limited_hiss,0.33159964330312053,0.15470833333333334,0,benign|band_limited_hiss|na|a40,0
dataset_v2_clean.0_benign_000497,0,benign,48000,0.042666666666666665,,,,0.2716437018710545,1.0051975140057134,white,42,502049542,1295786728,dataset_v2_generator-1.2,dataset_v2_clean.0,,,,,,,white,0.24670131293824138,0.18329166666666666,0,benign|white|a30,0
dataset_v2_clean.0_ook_000287,2,ook,48000,0.042666666666666665,19757.01935510402,6.483077119074142,noisy,0.8542307824699746,1.0,ambient,42,3484513656,495851669,dataset_v2_generator-1.2,dataset_v2_clean.0,43.17901060935962,,,,,,,0.25361275721832005,0.0641875,0,ook|noisy|20000,0
dataset_v2_clean.0_fsk_000378,1,fsk,48000,0.042666666666666665,18887.26387552515,13.43653485289012,moderate,0.7798760143452449,1.0,ambient,42,372134754,1312758400,dataset_v2_generator-1.2,dataset_v2_clean.0,54.001343284466955,1259.3046310173959,,,,,,0.29697503830456184,0.20908333333333334,0,fsk|moderate|19000,0
dataset_v2_clean.0_tone_000095,4,tone,48000,0.042666666666666665,19462.04719802077,5.7723822658190675,noisy,0.8270831219345328,1.0,ambient,42,313891196,1200933157,dataset_v2_generator-1.2,dataset_v2_clean.0,,,,,,,,0.23518990508645152,0.03158333333333333,0,tone|noisy|19500,0
dataset_v2_clean.0_benign_000391,0,benign,48000,0.042666666666666665,19118.704276330347,,,0.43446595305905233,0.4344659521363737,none,42,1818475068,2242640353,dataset_v2_generator-1.2,dataset_v2_clean.0,,,,,,,steady_ultrasonic_hum,0.3923770145823798,0.230875,0,benign|steady_ultrasonic_hum|19000|a40,0
dataset_v2_clean.0_benign_000251,0,benign,48000,0.042666666666666665,,,,0.4277420360856323,1.6190456779193607,white,42,678909220,1109817202,dataset_v2_generator-1.2,dataset_v2_clean.0,,,,,,,band_limited_hiss,0.3093734296643898,0.24879166666666666,0,benign|band_limited_hiss|na|a40,0
dataset_v2_clean.0_fsk_000070,1,fsk,48000,0.042666666666666665,19128.928847729512,12.911629737436586,moderate,0.8083701014385052,1.0,white,42,3861488491,1708805489,dataset_v2_generator-1.2,dataset_v2_clean.0,33.20926685473631,1503.3078344875175,,,,,,0.2736332507177865,0.11620833333333333,0,fsk|moderate|19000,0
dataset_v2_clean.0_benign_000481,0,benign,48000,0.042666666666666665,,24.38087535883442,clean,0.39349933893874545,0.3997512455870821,white,42,2996032610,3822681080,dataset_v2_generator-1.2,dataset_v2_clean.0,,,,,,,ambient_hf_boost,0.37102184687550316,0.15189583333333334,1,benign|ambient_hf_boost|clean,0
dataset_v2_clean.0_tone_000355,4,tone,48000,0.042666666666666665,19571.432957969417,14.307621037181057,moderate,0.9717997334520114,1.0,white,42,609668464,2562421694,dataset_v2_generator-1.2,dataset_v2_clean.0,,,,,,,,0.3797483063174371,0.213,0,tone|moderate|19500,0
dataset_v2_clean.0_fsk_000119,1,fsk,48000,0.042666666666666665,19372.927981979123,18.541748055701667,moderate,0.9532958935690268,1.0,white,42,1632517282,2992837970,dataset_v2_generator-1.2,dataset_v2_clean.0,49.96099784604404,1072.9095467245934,,,,,,0.3712361231312753,0.14445833333333333,0,fsk|moderate|19500,0
dataset_v2_clean.0_benign_000433,0,benign,48000,0.042666666666666665,,5.268340443805922,noisy,0.23226941677884,0.37040995272300403,white,42,2648555735,2881803763,dataset_v2_generator-1.2,dataset_v2_clean.0,,,,,,,ambient_hf_boost,0.3212363091504515,0.130625,0,benign|ambient_hf_boost|noisy,0
dataset_v2_clean.0_ook_000165,2,ook,48000,0.042666666666666665,19186.836920444126,10.81577576665953,moderate,0.833638846342077,1.0,ambient,42,932765387,3375439677,dataset_v2_generator-1.2,dataset_v2_clean.0,31.053468065108515,,,,,,,0.4141049754762151,0.2663125,0,ook|moderate|19000,0
dataset_v2_clean.0_ook_000315,2,ook,48000,0.042666666666666665,19948.64890835334,9.736751113977926,noisy,0.8640374438945246,1.0,white,42,1038810743,1317525358,dataset_v2_generator-1.2,dataset_v2_clean.0,43.90278174740248,,,,,,,0.3409530521799969,0.044645833333333336,0,ook|noisy|20000,0
dataset_v2_clean.0_benign_000094,0,benign,48000,0.042666666666666665,,,,0.4261366194059193,0.4261366194059193,ambient,42,1186022108,1707064502,dataset_v2_generator-1.2,dataset_v2_clean.0,,,,,,,ambient,0.2463871764312341,0.0871875,3,benign|ambient|a40,0
dataset_v2_clean.0_ook_000044,2,ook,48000,0.042666666666666665,20822.512361253546,18.50126702187839,moderate,0.7854631729543801,0.9396357674177851,white,42,673224117,1120036182,dataset_v2_generator-1.2,dataset_v2_clean.0,39.83273442476486,,,,,,,0.4145742435968708,0.19270833333333334,0,ook|moderate|21000,0
dataset_v2_clean.0_chirp_000372,3,chirp,48000,0.042666666666666665,,15.027087185073395,moderate,0.813384585081828,1.0,white,42,545464598,3984063373,dataset_v2_generator-1.2,dataset_v2_clean.0,,,19077.896085423166,20712.497029907587,,3,,0.30056792622436634,0.230625,0,chirp|moderate|19000_20500,0
dataset_v2_clean.0_tone_000459,4,tone,48000,0.042666666666666665,20878.28629626498,3.4051578667940934,noisy,0.8757591194551368,1.0,ambient,42,1439040531,831446422,dataset_v2_generator-1.2,dataset_v2_clean.0,,,,,,,,0.3147903295083797,0.050520833333333334,0,tone|noisy|21000,0
dataset_v2_clean.0_benign_000303,0,benign,48000,0.042666666666666665,,,,0.43369043492220094,0.43369043492220094,ambient,42,684445896,4102704358,dataset_v2_generator-1.2,dataset_v2_clean.0,,,,,,,ambient,0.2312448838318578,0.0030208333333333333,2,benign|ambient|a40,0
dataset_v2_clean.0_tone_000358,4,tone,48000,0.042666666666666665,20023.703378819755,-4.786955925825548,very_noisy,0.7451552078417457,1.0,ambient,42,926931235,890180324,dataset_v2_generator-1.2,dataset_v2_clean.0,,,,,,,,0.28968569009744183,0.15810416666666666,0,tone|very_noisy|20000,0
dataset_v2_clean.0_fsk_000175,1,fsk,48000,0.042666666666666665,19649.74034620339,19.899746906242168,moderate,0.6104176289251444,0.6993527136875275,ambient,42,1431705326,3489788930,dataset_v2_generator-1.2,dataset_v2_clean.0,69.40263265941296,1350.2596537966092,,,,,,0.2580054093177989,0.153,0,fsk|moderate|19500,0
dataset_v2_clean.0_ook_000041,2,ook,48000,0.042666666666666665,18814.442102598077,3.6318248718047252,noisy,0.7064605355049475,1.0,ambient,42,980178721,1617115261,dataset_v2_generator-1.2,dataset_v2_clean.0,34.03401061111077,,,,,,,0.411547848432076,0.012375,0,ook|noisy|19000,0
dataset_v2_clean.0_ook_000054,2,ook,48000,0.042666666666666665,19513.57707670952,3.013647876242155,noisy,0.5509461059508,1.0,ambient,42,77698709,1545483365,dataset_v2_generator-1.2,dataset_v2_clean.0,65.84702952329786,,,,,,,0.31292319800260393,0.1096875,0,ook|noisy|19500,0
dataset_v2_clean.0_benign_000492,0,benign,48000,0.042666666666666665,,,,0.3853844893154679,1.5853302453181584,white,42,834463490,198062844,dataset_v2_generator-1.2,dataset_v2_clean.0,,,,,,,band_limited_hiss,0.33214585183306894,0.08129166666666666,0,benign|band_limited_hiss|na|a40,0
dataset_v2_clean.0_ook_000453,2,ook,48000,0.042666666666666665,20059.636388147697,9.40350818450327,noisy,0.6118064717238411,0.8920357447825836,white,42,1630885346,3193237099,dataset_v2_generator-1.2,dataset_v2_clean.0,47.409057945077116,,,,,,,0.30990808807216513,0.2390625,0,ook|noisy|20000,0
dataset_v2_clean.0_chirp_000462,3,chirp,48000,0.042666666666666665,,4.242798468753272,noisy,0.7284847354095094,1.0,ambient,42,4246469088,2225107261,dataset_v2_generator-1.2,dataset_v2_clean.0,,,18400.539804265143,20462.31429399529,,6,,0.3936737973388843,0.32710416666666664,0,chirp|noisy|18500_20500,0
dataset_v2_clean.0_ook_000230,2,ook,48000,0.042666666666666665,19252.513279031777,28.061144450088086,clean,0.9740463198651284,1.0,ambient,42,400477854,1512424891,dataset_v2_generator-1.2,dataset_v2_clean.0,67.35550528891571,,,,,,,0.2511128833310848,0.123625,0,ook|clean|19500,0
dataset_v2_clean.0_benign_000473,0,benign,48000,0.042666666666666665,20708.459516045245,,,0.5050262621050992,0.505026261902014,none,42,738680626,3072215716,dataset_v2_generator-1.2,dataset_v2_clean.0,,,,,,,steady_ultrasonic_hum,0.34398469991342684,0.19910416666666667,0,benign|steady_ultrasonic_hum|20500|a50,0
dataset_v2_clean.0_tone_000204,4,tone,48000,0.042666666666666665,20344.163856751133,-1.3995960665770917,very_noisy,0.7468684057371504,1.0,white,42,1507339892,729008991,dataset_v2_generator-1.2,dataset_v2_clean.0,,,,,,,,0.33996130474146435,0.06491666666666666,0,tone|very_noisy|20500,0
dataset_v2_clean.0_fsk_000495,1,fsk,48000,0.042666666666666665,18545.967752018274,25.822293114345705,clean,0.8721528541686396,0.974624664696384,white,42,3704392603,539279511,dataset_v2_generator-1.2,dataset_v2_clean.0,35.58620571414508,774.2672767696022,,,,,,0.4167595122549757,0.19325,0,fsk|clean|18500,0
dataset_v2_clean.0_chirp_000484,3,chirp,48000,0.042666666666666665,,18.857658835626786,moderate,0.5857789047723092,0.6877524799069764,ambient,42,2641459444,3489422274,dataset_v2_generator-1.2,dataset_v2_clean.0,,,18848.122660017903,20492.27866709816,,5,,0.21814476340378414,0.1553125,0,chirp|moderate|19000_20500,0
dataset_v2_clean.0_ook_000455,2,ook,48000,0.042666666666666665,20870.981730716856,24.783409841854844,clean,0.7274984981082798,0.7737221699620489,white,42,3334524660,1421483678,dataset_v2_generator-1.2,dataset_v2_clean.0,50.84521193921131,,,,,,,0.32642562405203973,0.033125,2,ook|clean|21000,0
dataset_v2_clean.0_tone_000160,4,tone,48000,0.042666666666666665,20981.97007776019,11.135785394597077,moderate,0.663528744549859,0.9839161369274517,ambient,42,1270043680,1428195293,dataset_v2_generator-1.2,dataset_v2_clean.0,,,,,,,,0.39139619911245155,0.2895625,0,tone|moderate|21000,0
dataset_v2_clean.0_tone_000276,4,tone,48000,0.042666666666666665,19382.4469413985,4.378986505525143,noisy,0.8763676222782919,1.0,white,42,803960081,1186110674,dataset_v2_generator-1.2,dataset_v2_clean.0,,,,,,,,0.31168811478884473,0.21833333333333332,0,tone|noisy|19500,0
dataset_v2_clean.0_tone_000127,4,tone,48000,0.042666666666666665,19043.367458741483,26.944623833710118,clean,0.7736417137879346,0.82612181862754,ambient,42,303925904,1028027672,dataset_v2_generator-1.2,dataset_v2_clean.0,,,,,,,,0.2924457240162232,0.0575625,0,tone|clean|19000,0
dataset_v2_clean.0_tone_000373,4,tone,48000,0.042666666666666665,19252.642592110904,17.175998570719223,moderate,0.785917000490962,1.0,white,42,1338335745,2472405803,dataset_v2_generator-1.2,dataset_v2_clean.0,,,,,,,,0.3508761515099713,0.12758333333333333,0,tone|moderate|19500,0
dataset_v2_clean.0_benign_000347,0,benign,48000,0.042666666666666665,,,,0.5271786384505114,0.5271786384505114,ambient,42,1969333839,388636050,dataset_v2_generator-1.2,dataset_v2_clean.0,,,,,,,ambient,0.39360855930266037,0.055375,1,benign|ambient|a50,0
dataset_v2_clean.0_fsk_000322,1,fsk,48000,0.042666666666666665,19058.014393250698,4.115933239193885,noisy,0.6978484376417398,1.0,white,42,1180035043,84575528,dataset_v2_generator-1.2,dataset_v2_clean.0,49.86097570325283,1097.7090399413537,,,,,,0.26247375542631013,0.10260416666666666,0,fsk|noisy|19000,0
dataset_v2_clean.0_chirp_000361,3,chirp,48000,0.042666666666666665,,21.93871260864614,clean,0.7362069361477799,0.8573472928469553,white,42,2931938571,1779532818,dataset_v2_generator-1.2,dataset_v2_clean.0,,,18585.282408820116,20319.201230276976,,7,,0.21446419189445326,0.14379166666666668,0,chirp|clean|18500_20500,0
dataset_v2_clean.0_tone_000240,4,tone,48000,0.042666666666666665,19412.36769882543,0.9377719301697134,very_noisy,0.990170555221134,1.0,white,42,3573227494,2274124110,dataset_v2_generator-1.2,dataset_v2_clean.0,,,,,,,,0.22849974188239708,0.11245833333333333,0,tone|very_noisy|19500,0
dataset_v2_clean.0_ook_000140,2,ook,48000,0.042666666666666665,20438.956699755563,2.296470316090593,noisy,0.7271605731572414,1.0,ambient,42,2459669112,866610737,dataset_v2_generator-1.2,dataset_v2_clean.0,63.103123816588884,,,,,,,0.357159131691655,0.3025,0,ook|noisy|20500,0
dataset_v2_clean.0_fsk_000004,1,fsk,48000,0.042666666666666665,19557.104300389474,11.838349706777638,moderate,0.9884410223988322,1.0,ambient,42,1462229373,3921964068,dataset_v2_generator-1.2,dataset_v2_clean.0,31.813676867386306,525.7918641728102,,,,,,0.2786956511842249,0.09095833333333334,0,fsk|moderate|19500,0
dataset_v2_clean.0_tone_000320,4,tone,48000,0.042666666666666665,20773.963693372076,4.473952058237975,noisy,0.8970336570378457,1.0,white,42,2699471353,3278752286,dataset_v2_generator-1.2,dataset_v2_clean.0,,,,,,,,0.2849310439262358,0.0485625,0,tone|noisy|21000,0
dataset_v2_clean.0_benign_000261,0,benign,48000,0.042666666666666665,,,,0.4486783213901318,1.7340140455858197,white,42,106760923,4231171753,dataset_v2_generator-1.2,dataset_v2_clean.0,,,,,,,band_limited_hiss,0.36181125933354025,0.23822916666666666,0,benign|band_limited_hiss|na|a40,0
dataset_v2_clean.0_fsk_000395,1,fsk,48000,0.042666666666666665,19730.078104672077,8.86744216923693,noisy,0.7928224124286053,1.0,white,42,408788896,100466917,dataset_v2_generator-1.2,dataset_v2_clean.0,60.7496409492027,1269.9218953279233,,,,,,0.30951050263383556,0.13966666666666666,0,fsk|noisy|19500,0
dataset_v2_clean.0_tone_000230,4,tone,48000,0.042666666666666665,19900.641504531934,11.91098506684167,moderate,0.6723379568361845,0.9827489723263874,ambient,42,1902570361,4199278553,dataset_v2_generator-1.2,dataset_v2_clean.0,,,,,,,,0.2787198053924497,0.023458333333333335,0,tone|moderate|20000,0
dataset_v2_clean.0_chirp_000480,3,chirp,48000,0.042666666666666665,,9.280871782299993,noisy,0.8699197792369029,1.0,ambient,42,1877015135,2300015010,dataset_v2_generator-1.2,dataset_v2_clean.0,,,18645.37221391873,20349.385848517246,,8,,0.35956627893520665,0.0146875,0,chirp|noisy|18500_20500,0
dataset_v2_clean.0_tone_000498,4,tone,48000,0.042666666666666665,19431.036352564104,27.969901797271373,clean,0.7566497565742708,0.8011172542321129,ambient,42,353339821,2107774702,dataset_v2_generator-1.2,dataset_v2_clean.0,,,,,,,,0.4239493120265069,0.31172916666666667,0,tone|clean|19500,0
dataset_v2_clean.0_benign_000088,0,benign,48000,0.042666666666666665,,,,0.21173927111613491,0.9015006819482263,white,42,1282925197,1836817998,dataset_v2_generator-1.2,dataset_v2_clean.0,,,,,,,white,0.40898925234406813,0.006395833333333333,0,benign|white|a20,0
dataset_v2_clean.0_benign_000452,0,benign,48000,0.042666666666666665,,,,0.3571479117400682,1.4197997145151804,white,42,80779314,3606633957,dataset_v2_generator-1.2,dataset_v2_clean.0,,,,,,,white,0.29223592218519334,0.20664583333333333,0,benign|white|a40,0
dataset_v2_clean.0_benign_000484,0,benign,48000,0.042666666666666665,,,,0.6669223143028541,2.7714233816542646,white,42,3079824504,1440570564,dataset_v2_generator-1.2,dataset_v2_clean.0,,,,,,,band_limited_hiss,0.3217239992010843,0.0066458333333333335,0,benign|band_limited_hiss|na|a70,0
dataset_v2_clean.0_tone_000420,4,tone,48000,0.042666666666666665,19776.175550180535,10.399409327474462,moderate,0.8457681063057192,1.0,ambient,42,3570018122,1894831321,dataset_v2_generator-1.2,dataset_v2_clean.0,,,,,,,,0.3733825168076852,0.15772916666666667,0,tone|moderate|20000,0
dataset_v2_clean.0_ook_000183,2,ook,48000,0.042666666666666665,18484.2090503346,12.551877963774821,moderate,0.8675786285916298,1.0,ambient,42,2953777758,1108767852,dataset_v2_generator-1.2,dataset_v2_clean.0,41.69820207247209,,,,,,,0.3581105472294883,0.24327083333333333,0,ook|moderate|18500,0
dataset_v2_clean.0_chirp_000456,3,chirp,48000,0.042666666666666665,,17.837772324445375,moderate,0.7621251219340037,0.9202968863220965,ambient,42,1389757770,497525583,dataset_v2_generator-1.2,dataset_v2_clean.0,,,19245.822742665063,20891.34495668987,,7,,0.3269885713598428,0.038125,0,chirp|moderate|19000_21000,0
dataset_v2_clean.0_fsk_000246,1,fsk,48000,0.042666666666666665,18911.159097766445,10.390031469209429,moderate,0.8605781277635529,1.0,white,42,1675701553,897211493,dataset_v2_generator-1.2,dataset_v2_clean.0,19.274123695077254,1927.5523381500498,,,,,,0.350976794562967,0.06966666666666667,0,fsk|moderate|19000,0
dataset_v2_clean.0_fsk_000302,1,fsk,48000,0.042666666666666665,18615.19096934653,24.109626488800956,clean,0.9068226328232749,1.0,white,42,1781178296,3972749934,dataset_v2_generator-1.2,dataset_v2_clean.0,21.85254846878642,467.7515192580868,,,,,,0.2653641673499483,0.087625,0,fsk|clean|18500,0
dataset_v2_clean.0_fsk_000261,1,fsk,48000,0.042666666666666665,19662.92806302711,23.606998960323025,clean,0.721045203940521,0.8281964448102799,white,42,3146678619,1643068479,dataset_v2_generator-1.2,dataset_v2_clean.0,53.804987362367136,1337.0719369728904,,,,,,0.423677695120341,0.025083333333333332,0,fsk|clean|19500,0
dataset_v2_clean.0_chirp_000443,3,chirp,48000,0.042666666666666665,,5.608524592929671,noisy,0.623099918654885,1.0,ambient,42,3437483565,4255810817,dataset_v2_generator-1.2,dataset_v2_clean.0,,,18289.8124326754,20510.561538171307,,4,,0.2181893693004326,0.028104166666666666,0,chirp|noisy|18500_20500,0
dataset_v2_clean.0_tone_000447,4,tone,48000,0.042666666666666665,20671.315792990303,5.683032141755234,noisy,0.7487873298155729,1.0,white,42,4249440507,1231369921,dataset_v2_generator-1.2,dataset_v2_clean.0,,,,,,,,0.3162809555205608,0.20933333333333334,0,tone|noisy|20500,0
dataset_v2_clean.0_benign_000370,0,benign,48000,0.042666666666666665,,,,0.4000776864953454,1.7125710806373304,white,42,4265960429,3197870054,dataset_v2_generator-1.2,dataset_v2_clean.0,,,,,,,band_limited_hiss,0.3027324591809227,0.064,0,benign|band_limited_hiss|na|a40,0
dataset_v2_clean.0_fsk_000436,1,fsk,48000,0.042666666666666665,18744.879089689304,2.0470155616596672,noisy,0.8173676228688266,1.0,ambient,42,1597636685,2939344584,dataset_v2_generator-1.2,dataset_v2_clean.0,61.94183450513434,1459.7491789917403,,,,,,0.36370401954300086,0.10372916666666666,0,fsk|noisy|18500,0
dataset_v2_clean.0_fsk_000084,1,fsk,48000,0.042666666666666665,19085.624211703926,0.5854378253250552,very_noisy,0.5530412593720311,1.0,ambient,42,1358304359,2431437251,dataset_v2_generator-1.2,dataset_v2_clean.0,43.363347716846675,410.1854856062819,,,,,,0.2806005466925675,0.12025,0,fsk|very_noisy|19000,0
dataset_v2_clean.0_tone_000281,4,tone,48000,0.042666666666666665,19265.171774753206,1.4826015391353726,very_noisy,0.5792519485174228,1.0,white,42,2106004413,2287204186,dataset_v2_generator-1.2,dataset_v2_clean.0,,,,,,,,0.39453039874303597,0.2459375,0,tone|very_noisy|19500,0
dataset_v2_clean.0_ook_000100,2,ook,48000,0.042666666666666665,19083.965262229252,-3.7518064523826418,very_noisy,0.888578202310427,1.0,ambient,42,3002561866,281959480,dataset_v2_generator-1.2,dataset_v2_clean.0,39.525883610105964,,,,,,,0.3896753736533189,0.2859583333333333,0,ook|very_noisy|19000,0
dataset_v2_clean.0_chirp_000063,3,chirp,48000,0.042666666666666665,,3.6774866100009165,noisy,0.7488270671929723,1.0,ambient,42,2706631685,3861402984,dataset_v2_generator-1.2,dataset_v2_clean.0,,,18549.709240409757,20872.423360811168,,6,,0.23122572145336284,0.079875,0,chirp|noisy|18500_21000,0
dataset_v2_clean.0_tone_000210,4,tone,48000,0.042666666666666665,19559.742000868377,-2.5666171287746598,very_noisy,0.9918045757666365,1.0,white,42,1000044278,648141151,dataset_v2_generator-1.2,dataset_v2_clean.0,,,,,,,,0.3606795321639412,0.27991666666666665,0,tone|very_noisy|19500,0
dataset_v2_clean.0_ook_000288,2,ook,48000,0.042666666666666665,19313.798583469605,13.061256653899616,moderate,0.930521826009091,1.0,white,42,1923814307,2282456747,dataset_v2_generator-1.2,dataset_v2_clean.0,64.3298381000084,,,,,,,0.32496369261494185,0.08814583333333334,0,ook|moderate|19500,0
dataset_v2_clean.0_ook_000092,2,ook,48000,0.042666666666666665,20737.574544869345,25.118492592644536,clean,0.8114095896774044,0.8834606041869085,white,42,1828153187,1272126196,dataset_v2_generator-1.2,dataset_v2_clean.0,37.78561365875553,,,,,,,0.2752856949250237,0.10852083333333333,0,ook|clean|20500,0
dataset_v2_clean.0_fsk_000282,1,fsk,48000,0.042666666666666665,18803.850955076283,24.960968184280937,clean,0.9368214162843431,1.0,white,42,872665698,2524700427,dataset_v2_generator-1.2,dataset_v2_clean.0,61.30749118708383,1871.5295950293366,,,,,,0.3003325954991599,0.20927083333333332,0,fsk|clean|19000,0
dataset_v2_clean.0_chirp_000094,3,chirp,48000,0.042666666666666665,,21.90077169876311,clean,0.9954227029738543,1.0,white,42,1074884173,511878892,dataset_v2_generator-1.2,dataset_v2_clean.0,,,18931.665133115897,20704.604457581358,,2,,0.35055466644190225,0.24314583333333334,0,chirp|clean|19000_20500,0
dataset_v2_clean.0_benign_000365,0,benign,48000,0.042666666666666665,,23.19598758339768,clean,0.5312390528305146,0.5523692073721502,white,42,3894135733,3114965725,dataset_v2_generator-1.2,dataset_v2_clean.0,,,,,,,ambient_hf_boost,0.39438635086105855,0.17779166666666665,0,benign|ambient_hf_boost|clean,0
dataset_v2_clean.0_ook_000309,2,ook,48000,0.042666666666666665,20467.382159631354,7.128819317526647,noisy,0.7868986441571328,1.0,ambient,42,2918824106,2074951007,dataset_v2_generator-1.2,dataset_v2_clean.0,50.71431471528013,,,,,,,0.23886725092899977,0.0594375,0,ook|noisy|20500,0
dataset_v2_clean.0_chirp_000002,3,chirp,48000,0.042666666666666665,,22.540068538026272,clean,0.9526343884957325,1.0,ambient,42,2547676586,4105496769,dataset_v2_generator-1.2,dataset_v2_clean.0,,,18730.836880780167,20627.05490797592,,4,,0.3935704413489055,0.121375,0,chirp|clean|18500_20500,0
dataset_v2_clean.0_benign_000346,0,benign,48000,0.042666666666666665,,,,0.3879036498060402,1.594620571546338,white,42,3705144429,4028628110,dataset_v2_generator-1.2,dataset_v2_clean.0,,,,,,,band_limited_hiss,0.38799626675437926,0.32214583333333335,0,benign|band_limited_hiss|na|a40,0
dataset_v2_clean.0_benign_000486,0,benign,48000,0.042666666666666665,19249.776586820648,,,0.32375510092948917,0.3237550959889817,none,42,3434353276,872299933,dataset_v2_generator-1.2,dataset_v2_clean.0,,,,,,,steady_ultrasonic_hum,0.3305924441436588,0.23308333333333334,0,benign|steady_ultrasonic_hum|19000|a30,0
dataset_v2_clean.0_tone_000071,4,tone,48000,0.042666666666666665,18489.317209139666,-2.062484354258495,very_noisy,0.9938866852817312,1.0,ambient,42,2128399283,412162666,dataset_v2_generator-1.2,dataset_v2_clean.0,,,,,,,,0.2189687878427031,0.06035416666666667,0,tone|very_noisy|18500,0
dataset_v2_clean.0_fsk_000112,1,fsk,48000,0.042666666666666665,18588.117012623094,-3.2640730978419374,very_noisy,0.7791089501015958,1.0,white,42,2595223240,3759596511,dataset_v2_generator-1.2,dataset_v2_clean.0,67.67646785785671,1277.279810555563,,,,,,0.3287573878734947,0.106,0,fsk|very_noisy|18500,0
dataset_v2_clean.0_benign_000233,0,benign,48000,0.042666666666666665,,,,0.1803444729559631,0.1803444729559631,ambient,42,2924815266,1011529467,dataset_v2_generator-1.2,dataset_v2_clean.0,,,,,,,ambient,0.4095749243128282,0.23941666666666667,0,benign|ambient|a20,0
dataset_v2_clean.0_fsk_000362,1,fsk,48000,0.042666666666666665,19095.269011550095,13.92245804584781,moderate,0.7531309036084229,1.0,white,42,613430152,29087315,dataset_v2_generator-1.2,dataset_v2_clean.0,57.333794467034245,928.2548886787263,,,,,,0.23722116064206675,0.15895833333333334,0,fsk|moderate|19000,0
dataset_v2_clean.0_chirp_000273,3,chirp,48000,0.042666666666666665,,22.631445011519364,clean,0.8028737671069106,0.9857453504137498,white,42,322286754,2503010869,dataset_v2_generator-1.2,dataset_v2_clean.0,,,18778.685283818093,20386.15983500661,,8,,0.39633786069040744,0.05210416666666667,0,chirp|clean|19000_20500,0
dataset_v2_clean.0_tone_000298,4,tone,48000,0.042666666666666665,18932.357278074625,4.116380408605521,noisy,0.8276930743224177,1.0,white,42,3341360478,1195200245,dataset_v2_generator-1.2,dataset_v2_clean.0,,,,,,,,0.3156506697192494,0.22120833333333334,0,tone|noisy|19000,0
dataset_v2_clean.0_benign_000300,0,benign,48000,0.042666666666666665,,10.16449757700443,moderate,0.5312423182167065,0.6587695406098764,white,42,2676173861,2585642242,dataset_v2_generator-1.2,dataset_v2_clean.0,,,,,,,ambient_hf_boost,0.31280458035344894,0.10939583333333333,0,benign|ambient_hf_boost|moderate,0
dataset_v2_clean.0_benign_000138,0,benign,48000,0.042666666666666665,19893.549118830928,,,0.44907391715723377,0.4490739171420821,none,42,3127102855,246217525,dataset_v2_generator-1.2,dataset_v2_clean.0,,,,,,,steady_ultrasonic_hum,0.40476415388668147,0.10891666666666666,0,benign|steady_ultrasonic_hum|20000|a40,0
dataset_v2_clean.0_benign_000060,0,benign,48000,0.042666666666666665,,,,0.6156538934491387,2.403734608797041,white,42,1931603753,3009702932,dataset_v2_generator-1.2,dataset_v2_clean.0,,,,,,,band_limited_hiss,0.4171871870870444,0.05416666666666667,0,benign|band_limited_hiss|na|a60,0
dataset_v2_clean.0_chirp_000171,3,chirp,48000,0.042666666666666665,,15.152723132304159,moderate,0.9587586948232848,1.0,white,42,1507418915,4286598535,dataset_v2_generator-1.2,dataset_v2_clean.0,,,18141.996111833265,20477.41074480581,,4,,0.21829842584895473,0.0418125,0,chirp|moderate|18000_20500,0
dataset_v2_clean.0_tone_000351,4,tone,48000,0.042666666666666665,19846.966472109132,-1.3248191304250452,very_noisy,0.9262585030660657,1.0,white,42,4267011007,3079802770,dataset_v2_generator-1.2,dataset_v2_clean.0,,,,,,,,0.28513387405888485,0.11372916666666667,0,tone|very_noisy|20000,0
dataset_v2_clean.0_fsk_000252,1,fsk,48000,0.042666666666666665,18387.686395207016,23.661511401849467,clean,0.9589541423328413,1.0,ambient,42,4112617896,3906576026,dataset_v2_generator-1.2,dataset_v2_clean.0,75.37321797442888,2067.584437906771,,,,,,0.4024173189246352,0.15947916666666667,0,fsk|clean|18500,0
dataset_v2_clean.0_ook_000125,2,ook,48000,0.042666666666666665,20059.733737815346,3.8221733901347026,noisy,0.7597732817632011,1.0,white,42,3113028238,3860665704,dataset_v2_generator-1.2,dataset_v2_clean.0,61.124679439162364,,,,,,,0.35493650671592497,0.08891666666666667,0,ook|noisy|20000,0
dataset_v2_clean.0_fsk_000329,1,fsk,48000,0.042666666666666665,19650.360544932653,7.081195803364528,noisy,0.8673555712109682,1.0,white,42,859183199,2606323036,dataset_v2_generator-1.2,dataset_v2_clean.0,46.84126228432142,1349.6394550673467,,,,,,0.3901609840068051,0.0168125,0,fsk|noisy|19500,0
dataset_v2_clean.0_fsk_000290,1,fsk,48000,0.042666666666666665,19439.97412505903,3.8656163435303954,noisy,0.9750737078814329,1.0,ambient,42,342822689,149570339,dataset_v2_generator-1.2,dataset_v2_clean.0,19.108215153667068,698.1107424405964,,,,,,0.3632321298249821,0.2853125,1,fsk|noisy|19500,0
dataset_v2_clean.0_fsk_000063,1,fsk,48000,0.042666666666666665,19151.869171197864,1.419449000829239,very_noisy,0.629496541775458,1.0,ambient,42,1479905570,3767519229,dataset_v2_generator-1.2,dataset_v2_clean.0,75.52105668276029,1848.1308288021355,,,,,,0.4094224817749691,0.0008125,0,fsk|very_noisy|19000,0
dataset_v2_clean.0_chirp_000226,3,chirp,48000,0.042666666666666665,,3.199363846761047,noisy,0.7247228609093774,1.0,white,42,3752886319,255202365,dataset_v2_generator-1.2,dataset_v2_clean.0,,,18975.42608342239,20328.08113185008,,6,,0.37926336781691755,0.10508333333333333,0,chirp|noisy|19000_20500,0
dataset_v2_clean.0_tone_000494,4,tone,48000,0.042666666666666665,19727.57502527244,18.259479339085182,moderate,0.8545350025605188,1.0,ambient,42,797004508,2633587616,dataset_v2_generator-1.2,dataset_v2_clean.0,,,,,,,,0.24793919149829097,0.07575,0,tone|moderate|19500,0
dataset_v2_clean.0_benign_000035,0,benign,48000,0.042666666666666665,20155.828054354646,,,0.38942876868081233,0.3894287598336568,none,42,2992123482,596219886,dataset_v2_generator-1.2,dataset_v2_clean.0,,,,,,,steady_ultrasonic_hum,0.3106622179503453,0.1048125,0,benign|steady_ultrasonic_hum|20000|a40,0
dataset_v2_clean.0_chirp_000446,3,chirp,48000,0.042666666666666665,,19.14542199857629,moderate,0.8910712163129673,1.0,white,42,2304902032,1586522906,dataset_v2_generator-1.2,dataset_v2_clean.0,,,18046.764916577504,20592.68345173823,,2,,0.37216265762601725,0.2626875,0,chirp|moderate|18000_20500,0
dataset_v2_clean.0_fsk_000408,1,fsk,48000,0.042666666666666665,19570.654965492846,16.951477027713278,moderate,0.7411210178205916,0.9705854545381757,white,42,3628642116,1320863729,dataset_v2_generator-1.2,dataset_v2_clean.0,37.293004206954734,1016.565846844991,,,,,,0.31985346807941123,0.0400625,0,fsk|moderate|19500,0
dataset_v2_clean.0_chirp_000145,3,chirp,48000,0.042666666666666665,,6.9352610867845765,noisy,0.668620415123683,1.0,white,42,3485034848,3995206916,dataset_v2_generator-1.2,dataset_v2_clean.0,,,18695.725945027334,20646.55158982232,,2,,0.3553043069118912,0.241375,0,chirp|noisy|18500_20500,0
dataset_v2_clean.0_ook_000343,2,ook,48000,0.042666666666666665,19465.519968324505,25.644349781609684,clean,0.8370474472122305,0.8923270380841853,ambient,42,3522398856,748852322,dataset_v2_generator-1.2,dataset_v2_clean.0,66.92092494858304,,,,,,,0.3513811252286755,0.2115,0,ook|clean|19500,0
dataset_v2_clean.0_chirp_000420,3,chirp,48000,0.042666666666666665,,-4.2357891981242215,very_noisy,0.8396964301153674,1.0,ambient,42,913411140,606964793,dataset_v2_generator-1.2,dataset_v2_clean.0,,,18099.93311467323,20514.064098015733,,2,,0.2483879849494809,0.19464583333333332,0,chirp|very_noisy|18000_20500,0
dataset_v2_clean.0_chirp_000234,3,chirp,48000,0.042666666666666665,,25.06897179124998,clean,0.9220179295062927,0.986976980907699,ambient,42,4043720899,882369813,dataset_v2_generator-1.2,dataset_v2_clean.0,,,18098.970687495454,20441.412265341412,,3,,0.32058034691255555,0.179,0,chirp|clean|18000_20500,0
dataset_v2_clean.0_ook_000058,2,ook,48000,0.042666666666666665,19972.571852028545,-4.041419301438263,very_noisy,0.9780727652411405,1.0,ambient,42,3826842846,1493381415,dataset_v2_generator-1.2,dataset_v2_clean.0,51.63765063944106,,,,,,,0.39102564299519266,0.19075,0,ook|very_noisy|20000,0
dataset_v2_clean.0_fsk_000237,1,fsk,48000,0.042666666666666665,18475.920438762016,2.4126650713633904,noisy,0.810505744994265,1.0,ambient,42,1927394531,2734447992,dataset_v2_generator-1.2,dataset_v2_clean.0,59.13576434799428,858.3175461163155,,,,,,0.32257805457516925,0.09439583333333333,0,fsk|noisy|18500,0
dataset_v2_clean.0_benign_000006,0,benign,48000,0.042666666666666665,,,,0.4053732683392668,1.692874141566884,white,42,1703491874,1819256776,dataset_v2_generator-1.2,dataset_v2_clean.0,,,,,,,band_limited_hiss,0.2705534132029242,0.16964583333333333,0,benign|band_limited_hiss|na|a40,0
dataset_v2_clean.0_benign_000052,0,benign,48000,0.042666666666666665,,,,0.7097880564251646,2.7782468319201485,white,42,2734404935,2155478877,dataset_v2_generator-1.2,dataset_v2_clean.0,,,,,,,band_limited_hiss,0.2608906301194306,0.059520833333333335,0,benign|band_limited_hiss|na|a70,0
dataset_v2_clean.0_chirp_000038,3,chirp,48000,0.042666666666666665,,29.991195912135456,clean,0.7115007477812034,0.7617553237125504,white,42,1032477416,2326454227,dataset_v2_generator-1.2,dataset_v2_clean.0,,,18862.0396796575,20382.51067258385,,8,,0.3078450516699399,0.0591875,0,chirp|clean|19000_20500,0
dataset_v2_clean.0_chirp_000098,3,chirp,48000,0.042666666666666665,,10.924973359456986,moderate,0.9718547591175293,1.0,white,42,1606819737,3023186921,dataset_v2_generator-1.2,dataset_v2_clean.0,,,18109.2971652164,20288.129509758033,,8,,0.34271006835569784,0.08066666666666666,0,chirp|moderate|18000_20500,0
dataset_v2_clean.0_fsk_000465,1,fsk,48000,0.042666666666666665,19416.29497316639,17.02697933074044,moderate,0.9782129517572196,1.0,ambient,42,3295803928,180454659,dataset_v2_generator-1.2,dataset_v2_clean.0,34.75511692333866,755.7402920998538,,,,,,0.265766168300721,0.1218125,0,fsk|moderate|19500,0
dataset_v2_clean.0_ook_000354,2,ook,48000,0.042666666666666665,19412.553988278945,6.573341947208044,noisy,0.7806625549190161,1.0,ambient,42,2975176019,3404620569,dataset_v2_generator-1.2,dataset_v2_clean.0,55.50441067051392,,,,,,,0.2237815769746182,0.10514583333333333,0,ook|noisy|19500,0
dataset_v2_clean.0_benign_000070,0,benign,48000,0.042666666666666665,20699.244943578975,,,0.474864330417476,0.47486433022407754,none,42,2949261946,630619424,dataset_v2_generator-1.2,dataset_v2_clean.0,,,,,,,steady_ultrasonic_hum,0.2932004968340161,0.072625,0,benign|steady_ultrasonic_hum|20500|a50,0
dataset_v2_clean.0_ook_000275,2,ook,48000,0.042666666666666665,20442.528225962204,-0.6306210327388424,very_noisy,0.5926352108266306,1.0,white,42,87725395,3500179934,dataset_v2_generator-1.2,dataset_v2_clean.0,49.294590963275695,,,,,,,0.3644351873772795,0.31714583333333335,0,ook|very_noisy|20500,0
dataset_v2_clean.0_fsk_000338,1,fsk,48000,0.042666666666666665,18481.837143908415,7.449920656612601,noisy,0.569966284869681,0.9353986683500725,ambient,42,1153082843,4076122749,dataset_v2_generator-1.2,dataset_v2_clean.0,55.595890964836194,1793.1413001676847,,,,,,0.3233317083747564,0.23616666666666666,0,fsk|noisy|18500,0
dataset_v2_clean.0_fsk_000456,1,fsk,48000,0.042666666666666665,19521.828155940966,21.94729871557746,clean,0.9508395158180943,1.0,ambient,42,1605746240,933229834,dataset_v2_generator-1.2,dataset_v2_clean.0,69.72918864677862,1478.171844059034,,,,,,0.33176978532369933,0.024875,0,fsk|clean|19500,0
dataset_v2_clean.0_benign_000196,0,benign,48000,0.042666666666666665,,7.216784413194896,noisy,0.20456399923952162,0.2922365048226855,white,42,3247584091,2580900872,dataset_v2_generator-1.2,dataset_v2_clean.0,,,,,,,ambient_hf_boost,0.3992671109577483,0.20733333333333334,0,benign|ambient_hf_boost|noisy,0
dataset_v2_clean.0_tone_000397,4,tone,48000,0.042666666666666665,18883.948770788902,12.912878880861381,moderate,0.8034709264799138,1.0,ambient,42,3675427990,145504743,dataset_v2_generator-1.2,dataset_v2_clean.0,,,,,,,,0.285743149293306,0.015166666666666667,0,tone|moderate|19000,0
dataset_v2_clean.0_tone_000437,4,tone,48000,0.042666666666666665,18704.43283577014,16.4413229256428,moderate,0.7015588403402708,0.9242842976370754,white,42,2309087250,1927430676,dataset_v2_generator-1.2,dataset_v2_clean.0,,,,,,,,0.23618281020735965,0.0655625,0,tone|moderate|18500,0
dataset_v2_clean.0_chirp_000086,3,chirp,48000,0.042666666666666665,,16.242556791997096,moderate,0.9321895928756583,1.0,ambient,42,2114350457,2593228010,dataset_v2_generator-1.2,dataset_v2_clean.0,,,18084.408569746774,20289.23895564009,,2,,0.38086898201210223,0.27841666666666665,0,chirp|moderate|18000_20500,0
dataset_v2_clean.0_fsk_000143,1,fsk,48000,0.042666666666666665,19289.62460989491,19.526084180519888,moderate,0.6965088731761155,0.8202878918499522,ambient,42,2240337600,2718477453,dataset_v2_generator-1.2,dataset_v2_clean.0,69.73852540897317,1710.3753901050914,,,,,,0.2648249828593691,0.10889583333333333,0,fsk|moderate|19500,0
dataset_v2_clean.0_ook_000412,2,ook,48000,0.042666666666666665,19459.42208386623,12.946363932369952,moderate,0.6215679349785854,0.8099707390926977,ambient,42,2903312421,4112248337,dataset_v2_generator-1.2,dataset_v2_clean.0,55.405914716791884,,,,,,,0.35304569700751015,0.14652083333333332,1,ook|moderate|19500,0
dataset_v2_clean.0_benign_000302,0,benign,48000,0.042666666666666665,,17.684578902964944,moderate,0.4385698528379527,0.4569171228317731,white,42,177628268,3921218895,dataset_v2_generator-1.2,dataset_v2_clean.0,,,,,,,ambient_hf_boost,0.2363394010570888,0.07466666666666667,0,benign|ambient_hf_boost|moderate,0
dataset_v2_clean.0_ook_000491,2,ook,48000,0.042666666666666665,18354.882978273134,-4.393808798421913,very_noisy,0.7502698784264789,1.0,ambient,42,1811385957,284669720,dataset_v2_generator-1.2,dataset_v2_clean.0,54.662051105438515,,,,,,,0.22871988310697666,0.18104166666666666,0,ook|very_noisy|18500,0
dataset_v2_clean.0_benign_000213,0,benign,48000,0.042666666666666665,18503.918775323764,,,0.2820710248475407,0.28207102415937063,none,42,2523611469,4070612825,dataset_v2_generator-1.2,dataset_v2_clean.0,,,,,,,steady_ultrasonic_hum,0.32224505994320096,0.0033541666666666668,0,benign|steady_ultrasonic_hum|18500|a30,0
dataset_v2_clean.0_ook_000493,2,ook,48000,0.042666666666666665,20275.696611444557,-2.297970078910634,very_noisy,0.7716305893050354,1.0,white,42,1356083371,2252100431,dataset_v2_generator-1.2,dataset_v2_clean.0,64.90444914656295,,,,,,,0.4115582023557408,0.30904166666666666,0,ook|very_noisy|20500,0
dataset_v2_clean.0_fsk_000239,1,fsk,48000,0.042666666666666665,18577.994969754396,-0.5515347629775391,very_noisy,0.6720201611541612,1.0,ambient,42,3646908609,1521423237,dataset_v2_generator-1.2,dataset_v2_clean.0,20.671355123624547,1423.063725400003,,,,,,0.3472481430201313,0.046375,0,fsk|very_noisy|18500,0
dataset_v2_clean.0_benign_000469,0,benign,48000,0.042666666666666665,,,,0.4720989455738403,1.950825176152063,white,42,3579942990,3204167039,dataset_v2_generator-1.2,dataset_v2_clean.0,,,,,,,band_limited_hiss,0.35353819794601304,0.14297916666666666,0,benign|band_limited_hiss|na|a50,0
dataset_v2_clean.0_benign_000415,0,benign,48000,0.042666666666666665,18569.323045296827,,,0.5004159513509345,0.5004159494682194,none,42,1629678753,2813852898,dataset_v2_generator-1.2,dataset_v2_clean.0,,,,,,,steady_ultrasonic_hum,0.2754262770528151,0.15125,0,benign|steady_ultrasonic_hum|18500|a50,0
dataset_v2_clean.0_benign_000319,0,benign,48000,0.042666666666666665,20273.053163627636,,,0.416233139586308,0.41623313670812095,none,42,2286879555,3284283510,dataset_v2_generator-1.2,dataset_v2_clean.0,,,,,,,steady_ultrasonic_hum,0.21922235533463388,0.05502083333333333,0,benign|steady_ultrasonic_hum|20500|a40,0
dataset_v2_clean.0_fsk_000470,1,fsk,48000,0.042666666666666665,18243.74031319034,23.702036520665057,clean,0.5687512565040971,0.662071423986056,white,42,3244109250,1336465502,dataset_v2_generator-1.2,dataset_v2_clean.0,63.333705230667455,1380.2054973470294,,,,,,0.39421086185783466,0.09166666666666666,0,fsk|clean|18000,0
dataset_v2_clean.0_chirp_000414,3,chirp,48000,0.042666666666666665,,16.99334295610833,moderate,0.9296528705054019,1.0,ambient,42,3795426735,2510500581,dataset_v2_generator-1.2,dataset_v2_clean.0,,,19077.261075516122,20453.018149217944,,2,,0.2311240753899133,0.07033333333333333,0,chirp|moderate|19000_20500,0
dataset_v2_clean.0_chirp_000120,3,chirp,48000,0.042666666666666665,,-2.466424544742159,very_noisy,0.8083775458055147,1.0,ambient,42,1578901952,3952784228,dataset_v2_generator-1.2,dataset_v2_clean.0,,,18058.6500353311,20690.755100379363,,3,,0.39254024719057085,0.15464583333333334,0,chirp|very_noisy|18000_20500,0
dataset_v2_clean.0_fsk_000248,1,fsk,48000,0.042666666666666665,18596.599114132943,-4.42628273896896,very_noisy,0.8430678726843615,1.0,ambient,42,2931617166,3022344790,dataset_v2_generator-1.2,dataset_v2_clean.0,42.34425537834204,978.5290838943074,,,,,,0.31843996337818214,0.235,0,fsk|very_noisy|18500,0
dataset_v2_clean.0_fsk_000176,1,fsk,48000,0.042666666666666665,18711.52855239097,-1.7382305830764224,very_noisy,0.7951993008132703,1.0,ambient,42,1104152897,2112492227,dataset_v2_generator-1.2,dataset_v2_clean.0,66.29933542536597,497.69204832490504,,,,,,0.2898870242983696,0.08904166666666667,0,fsk|very_noisy|18500,0
dataset_v2_clean.0_chirp_000392,3,chirp,48000,0.042666666666666665,,1.704864457603926,very_noisy,0.7767798475898232,1.0,white,42,3974769672,1100303668,dataset_v2_generator-1.2,dataset_v2_clean.0,,,18326.251896985865,20568.645267523716,,5,,0.23389031355288117,0.09383333333333334,0,chirp|very_noisy|18500_20500,0
dataset_v2_clean.0_benign_000245,0,benign,48000,0.042666666666666665,,,,0.43301076731411015,0.43301076731411015,ambient,42,1389524638,4061381400,dataset_v2_generator-1.2,dataset_v2_clean.0,,,,,,,ambient,0.38064583802777996,0.26527083333333334,0,benign|ambient|a40,0
dataset_v2_clean.0_benign_000279,0,benign,48000,0.042666666666666665,,,,0.6055661295239771,2.613693953701244,white,42,3208682602,3673431884,dataset_v2_generator-1.2,dataset_v2_clean.0,,,,,,,band_limited_hiss,0.4035807793309174,0.0945625,0,benign|band_limited_hiss|na|a60,0
dataset_v2_clean.0_ook_000383,2,ook,48000,0.042666666666666665,18721.44128474968,15.016155596513055,moderate,0.7333648229333429,0.831824743251625,ambient,42,1090193922,1835606326,dataset_v2_generator-1.2,dataset_v2_clean.0,39.31294776329071,,,,,,,0.2440268877982835,0.06683333333333333,0,ook|moderate|18500,0
dataset_v2_clean.0_ook_000082,2,ook,48000,0.042666666666666665,20139.013152707572,29.163086773098865,clean,0.838645760133254,0.8799223446909438,white,42,3650290517,1627982527,dataset_v2_generator-1.2,dataset_v2_clean.0,69.3089659645039,,,,,,,0.3168274957932375,0.09820833333333333,0,ook|clean|20000,0
dataset_v2_clean.0_ook_000097,2,ook,48000,0.042666666666666665,18819.625783655534,21.387155721095667,clean,0.9794237624532548,1.0,white,42,2339181573,3853401108,dataset_v2_generator-1.2,dataset_v2_clean.0,60.49067643613041,,,,,,,0.30433069644397776,0.22610416666666666,0,ook|clean|19000,0
dataset_v2_clean.0_chirp_000323,3,chirp,48000,0.042666666666666665,,24.06829629001492,clean,0.5557843666298575,0.6362946810554262,white,42,3324481874,1274546131,dataset_v2_generator-1.2,dataset_v2_clean.0,,,18381.200356843292,20746.432962838706,,3,,0.3129702920613141,0.1138125,0,chirp|clean|18500_20500,0
dataset_v2_clean.0_ook_000074,2,ook,48000,0.042666666666666665,19365.453505933347,24.26279139074635,clean,0.7011847811877667,0.7572041828603194,ambient,42,4159358781,1776834509,dataset_v2_generator-1.2,dataset_v2_clean.0,39.30709686911885,,,,,,,0.27505640754027877,0.11633333333333333,0,ook|clean|19500,0
dataset_v2_clean.0_benign_000210,0,benign,48000,0.042666666666666665,19759.983635218992,,,0.5164614014203712,0.5164613990787912,none,42,556624882,905776284,dataset_v2_generator-1.2,dataset_v2_clean.0,,,,,,,steady_ultrasonic_hum,0.3309752782181319,0.23529166666666668,0,benign|steady_ultrasonic_hum|20000|a50,0
dataset_v2_clean.0_benign_000424,0,benign,48000,0.042666666666666665,,15.516891902018116,moderate,0.4286267902062272,0.505641725949174,white,42,945024909,521362050,dataset_v2_generator-1.2,dataset_v2_clean.0,,,,,,,ambient_hf_boost,0.2537262730108514,0.17277083333333335,0,benign|ambient_hf_boost|moderate,0
dataset_v2_clean.0_ook_000127,2,ook,48000,0.042666666666666665,18303.704321539684,12.027454687947348,moderate,0.7320400890856797,0.9351410820862719,ambient,42,3962362786,1888899189,dataset_v2_generator-1.2,dataset_v2_clean.0,36.22369278628401,,,,,,,0.26562555949542105,0.06160416666666667,0,ook|moderate|18500,0
dataset_v2_clean.0_tone_000390,4,tone,48000,0.042666666666666665,19241.943581443244,14.423194941950799,moderate,0.5760590492854879,0.8175223020288542,white,42,1019556778,1777326948,dataset_v2_generator-1.2,dataset_v2_clean.0,,,,,,,,0.25954365232707355,0.18429166666666666,0,tone|moderate|19000,0
dataset_v2_clean.0_tone_000460,4,tone,48000,0.042666666666666665,20990.465062778756,21.241747275688905,clean,0.9113026863036909,1.0,white,42,1235197330,2578485889,dataset_v2_generator-1.2,dataset_v2_clean.0,,,,,,,,0.2154389539652908,0.0989375,0,tone|clean|21000,0
dataset_v2_clean.0_ook_000341,2,ook,48000,0.042666666666666665,19711.310328162348,0.6266148648902377,very_noisy,0.9231949561702721,1.0,white,42,2707840214,1262881582,dataset_v2_generator-1.2,dataset_v2_clean.0,49.051926166236896,,,,,,,0.34724474865792276,0.22045833333333334,0,ook|very_noisy|19500,0
dataset_v2_clean.0_fsk_000402,1,fsk,48000,0.042666666666666665,19773.450266510466,24.991055748135782,clean,0.6478997195348004,0.7349529603499756,white,42,2617155002,2434480414,dataset_v2_generator-1.2,dataset_v2_clean.0,46.6163754695161,1226.5497334895335,,,,,,0.2542609579979767,0.111625,0,fsk|clean|20000,0
dataset_v2_clean.0_fsk_000198,1,fsk,48000,0.042666666666666665,18594.66576486177,14.535760742757198,moderate,0.9182738324544948,1.0,white,42,2299914383,1629749319,dataset_v2_generator-1.2,dataset_v2_clean.0,46.08034529849036,1199.4378795062366,,,,,,0.3123095004642821,0.2414375,0,fsk|moderate|18500,0
dataset_v2_clean.0_fsk_000319,1,fsk,48000,0.042666666666666665,19198.355416360315,6.961885188414411,noisy,0.6071031075608687,1.0,ambient,42,2992642825,583274927,dataset_v2_generator-1.2,dataset_v2_clean.0,71.3567793301439,559.510555859968,,,,,,0.3706079374751449,0.3210208333333333,0,fsk|noisy|19000,0
dataset_v2_clean.0_chirp_000158,3,chirp,48000,0.042666666666666665,,25.326038588119804,clean,0.8961272971392268,0.9660187232504198,ambient,42,3363945320,4130763329,dataset_v2_generator-1.2,dataset_v2_clean.0,,,18642.588664991075,20941.939657746472,,6,,0.28429514473218515,0.200625,0,chirp|clean|18500_21000,0
dataset_v2_clean.0_tone_000433,4,tone,48000,0.042666666666666665,20918.726962731107,26.488987658088654,clean,0.9359725000232435,1.0,white,42,3896385376,2824706793,dataset_v2_generator-1.2,dataset_v2_clean.0,,,,,,,,0.3891475150643776,0.11395833333333333,0,tone|clean|21000,0
dataset_v2_clean.0_ook_000003,2,ook,48000,0.042666666666666665,20131.388452525174,24.321131391785332,clean,0.8904686449807787,0.9580054171727627,white,42,627778343,2952116957,dataset_v2_generator-1.2,dataset_v2_clean.0,66.64224496263384,,,,,,,0.3304503426208666,0.22341666666666668,0,ook|clean|20000,0
dataset_v2_clean.0_ook_000324,2,ook,48000,0.042666666666666665,20642.68387941628,27.491904880555985,clean,0.5524287328384391,0.5822911173654608,white,42,2094209550,2014567222,dataset_v2_generator-1.2,dataset_v2_clean.0,53.36891741575092,,,,,,,0.2354672564618843,0.18010416666666668,0,ook|clean|20500,0
dataset_v2_clean.0_chirp_000037,3,chirp,48000,0.042666666666666665,,5.385174773389688,noisy,0.7764050454762504,1.0,white,42,2339876579,1577178841,dataset_v2_generator-1.2,dataset_v2_clean.0,,,18721.772016060808,20577.80107910844,,6,,0.2982046478991051,0.1965,0,chirp|noisy|18500_20500,0
dataset_v2_clean.0_tone_000300,4,tone,48000,0.042666666666666665,20204.623620349936,7.569842108444793,noisy,0.9974334359867257,1.0,white,42,254060996,4100270048,dataset_v2_generator-1.2,dataset_v2_clean.0,,,,,,,,0.3400619559916851,0.252,0,tone|noisy|20000,0
dataset_v2_clean.0_benign_000436,0,benign,48000,0.042666666666666665,,0.9256462890720165,very_noisy,0.5328685626084405,1.0,white,42,3600076621,4276351354,dataset_v2_generator-1.2,dataset_v2_clean.0,,,,,,,ambient_hf_boost,0.37911112858200546,0.13889583333333333,0,benign|ambient_hf_boost|very_noisy,0
dataset_v2_clean.0_ook_000164,2,ook,48000,0.042666666666666665,19041.16166406069,4.684067743175641,noisy,0.8822732155549551,1.0,white,42,620610369,1655208473,dataset_v2_generator-1.2,dataset_v2_clean.0,32.44684710064889,,,,,,,0.3370854819983949,0.1226875,0,ook|noisy|19000,0
dataset_v2_clean.0_tone_000034,4,tone,48000,0.042666666666666665,19421.724597262397,0.24862462178808276,very_noisy,0.8534454352896104,1.0,white,42,1804566702,1338854705,dataset_v2_generator-1.2,dataset_v2_clean.0,,,,,,,,0.3056381161451554,0.14397916666666666,0,tone|very_noisy|19500,0
dataset_v2_clean.0_ook_000173,2,ook,48000,0.042666666666666665,20618.779119235965,16.78917088737885,moderate,0.8457232010134077,1.0,white,42,794116745,3311073491,dataset_v2_generator-1.2,dataset_v2_clean.0,49.30645974969222,,,,,,,0.3373532302945297,0.18447916666666667,0,ook|moderate|20500,0
dataset_v2_clean.0_chirp_000057,3,chirp,48000,0.042666666666666665,,-1.7633921949736786,very_noisy,0.7349251949041135,1.0,white,42,701661693,3993734814,dataset_v2_generator-1.2,dataset_v2_clean.0,,,18180.868315778574,20309.557697405675,,7,,0.3285579143303828,0.15345833333333334,0,chirp|very_noisy|18000_20500,0
dataset_v2_clean.0_tone_000228,4,tone,48000,0.042666666666666665,19413.690115506808,20.014985667059438,clean,0.7509349896859786,0.8760533068228489,ambient,42,1044823702,4099412892,dataset_v2_generator-1.2,dataset_v2_clean.0,,,,,,,,0.33761590497653476,0.050291666666666665,0,tone|clean|19500,0
dataset_v2_clean.0_ook_000299,2,ook,48000,0.042666666666666665,19283.590365593285,-2.9634945898512774,very_noisy,0.8559709448196461,1.0,white,42,2142992296,2925515859,dataset_v2_generator-1.2,dataset_v2_clean.0,50.53564843379594,,,,,,,0.2808488964185068,0.22752083333333334,0,ook|very_noisy|19500,0
dataset_v2_clean.0_benign_000430,0,benign,48000,0.042666666666666665,,,,0.41325040182337613,1.7631023179714276,white,42,3460996812,2191227478,dataset_v2_generator-1.2,dataset_v2_clean.0,,,,,,,band_limited_hiss,0.37872321353125,0.31404166666666666,0,benign|band_limited_hiss|na|a40,0
dataset_v2_clean.0_tone_000184,4,tone,48000,0.042666666666666665,19955.61914320907,27.364142631247702,clean,0.8867146073748148,0.9619918388736196,white,42,1387037108,2894336716,dataset_v2_generator-1.2,dataset_v2_clean.0,,,,,,,,0.24516611418648335,0.0216875,0,tone|clean|20000,0
dataset_v2_clean.0_chirp_000087,3,chirp,48000,0.042666666666666665,,6.478803629298647,noisy,0.8206431816284894,1.0,ambient,42,438874191,2005123398,dataset_v2_generator-1.2,dataset_v2_clean.0,,,19286.80899107463,20827.34263447835,,8,,0.27714299104480045,0.116875,0,chirp|noisy|19500_21000,0
dataset_v2_clean.0_tone_000375,4,tone,48000,0.042666666666666665,19470.21978355064,-2.0988307753343753,very_noisy,0.6394179667230998,1.0,white,42,851785215,1018615715,dataset_v2_generator-1.2,dataset_v2_clean.0,,,,,,,,0.3518135369715587,0.0228125,0,tone|very_noisy|19500,0
dataset_v2_clean.0_benign_000180,0,benign,48000,0.042666666666666665,19437.702133380917,,,0.35163325026563363,0.35163324972863996,none,42,3209162680,4109410336,dataset_v2_generator-1.2,dataset_v2_clean.0,,,,,,,steady_ultrasonic_hum,0.3294545695204203,0.26414583333333336,0,benign|steady_ultrasonic_hum|19500|a40,0
dataset_v2_clean.0_benign_000350,0,benign,48000,0.042666666666666665,,,,0.46246489315955686,1.651790174422249,white,42,457339762,602302864,dataset_v2_generator-1.2,dataset_v2_clean.0,,,,,,,band_limited_hiss,0.25683459736988956,0.005333333333333333,0,benign|band_limited_hiss|na|a50,0
dataset_v2_clean.0_benign_000494,0,benign,48000,0.042666666666666665,19276.338063299663,,,0.5096525894067002,0.5096525868035542,none,42,2480592054,1576119742,dataset_v2_generator-1.2,dataset_v2_clean.0,,,,,,,steady_ultrasonic_hum,0.22846888307826035,0.034166666666666665,0,benign|steady_ultrasonic_hum|19500|a50,0
dataset_v2_clean.0_tone_000272,4,tone,48000,0.042666666666666665,18848.08614528409,-1.403537199855868,very_noisy,0.8498076450580483,1.0,white,42,103317137,2908213880,dataset_v2_generator-1.2,dataset_v2_clean.0,,,,,,,,0.21921751708010567,0.03891666666666667,0,tone|very_noisy|19000,0
dataset_v2_clean.0_ook_000038,2,ook,48000,0.042666666666666665,20378.217896212664,-0.6776155341575612,very_noisy,0.8734237686675485,1.0,white,42,1075327595,291948621,dataset_v2_generator-1.2,dataset_v2_clean.0,34.49299721034031,,,,,,,0.3778140071710984,0.049854166666666665,0,ook|very_noisy|20500,0
dataset_v2_clean.0_chirp_000170,3,chirp,48000,0.042666666666666665,,13.403521710267002,moderate,0.7253311448884293,1.0,ambient,42,3624519760,1804225492,dataset_v2_generator-1.2,dataset_v2_clean.0,,,18559.350549275307,20526.593843894352,,7,,0.22779176075344806,0.04064583333333333,0,chirp|moderate|18500_20500,0
dataset_v2_clean.0_tone_000278,4,tone,48000,0.042666666666666665,18715.74238470698,7.930761454965872,noisy,0.6293080972658265,1.0,ambient,42,3459749756,53080070,dataset_v2_generator-1.2,dataset_v2_clean.0,,,,,,,,0.2425439148323065,0.12902083333333333,0,tone|noisy|18500,0
dataset_v2_clean.0_fsk_000385,1,fsk,48000,0.042666666666666665,18456.777866684424,19.544048207661746,moderate,0.6992668426830245,0.8403998088000169,ambient,42,3609657626,3242372611,dataset_v2_generator-1.2,dataset_v2_clean.0,56.3724881901873,1338.4774956965957,,,,,,0.32043674134457645,0.1213125,0,fsk|moderate|18500,0
dataset_v2_clean.0_tone_000409,4,tone,48000,0.042666666666666665,20881.58911439433,10.664170163971487,moderate,0.6776498139195206,1.0,white,42,3192583935,1941421479,dataset_v2_generator-1.2,dataset_v2_clean.0,,,,,,,,0.3209223596685374,0.24664583333333334,0,tone|moderate|21000,0
dataset_v2_clean.0_fsk_000335,1,fsk,48000,0.042666666666666665,19303.674337340366,12.939572274818513,moderate,0.5690874548993404,0.9095480434693389,white,42,1431319750,1637879360,dataset_v2_generator-1.2,dataset_v2_clean.0,42.946609243640296,1325.7164794887685,,,,,,0.34519960764250407,0.03827083333333333,0,fsk|moderate|19500,0
dataset_v2_clean.0_benign_000044,0,benign,48000,0.042666666666666665,,,,0.35257804008549865,0.35257804008549865,ambient,42,1500232454,847351638,dataset_v2_generator-1.2,dataset_v2_clean.0,,,,,,,ambient,0.36088460142830436,0.173875,0,benign|ambient|a40,0
dataset_v2_clean.0_fsk_000331,1,fsk,48000,0.042666666666666665,18807.512029727575,14.766924794929626,moderate,0.8237994797206121,1.0,ambient,42,3314558890,29771571,dataset_v2_generator-1.2,dataset_v2_clean.0,44.69390973525919,746.125979108936,,,,,,0.2923104494314051,0.12804166666666666,0,fsk|moderate|19000,0
dataset_v2_clean.0_chirp_000036,3,chirp,48000,0.042666666666666665,,4.359829498853048,noisy,0.8754140165562035,1.0,white,42,3350762413,1937735098,dataset_v2_generator-1.2,dataset_v2_clean.0,,,19087.51659670173,20738.807865912837,,2,,0.30236401910965915,0.19079166666666666,0,chirp|noisy|19000_20500,0
dataset_v2_clean.0_fsk_000078,1,fsk,48000,0.042666666666666665,19223.169719837053,1.6500889737953885,very_noisy,0.878825660691618,1.0,ambient,42,4215025749,1094408144,dataset_v2_generator-1.2,dataset_v2_clean.0,66.585783378753,1491.6454879170342,,,,,,0.2655313521005569,0.08597916666666666,0,fsk|very_noisy|19000,0
dataset_v2_clean.0_fsk_000250,1,fsk,48000,0.042666666666666665,19577.668074588917,10.080471484963594,moderate,0.9435520269677182,1.0,ambient,42,3524175166,2065934308,dataset_v2_generator-1.2,dataset_v2_clean.0,27.579554982306462,779.0764989460258,,,,,,0.416818735551738,0.0749375,0,fsk|moderate|19500,0
dataset_v2_clean.0_tone_000416,4,tone,48000,0.042666666666666665,19166.883975219604,7.2357807958947085,noisy,0.6343105421046271,1.0,white,42,2299249880,1598501151,dataset_v2_generator-1.2,dataset_v2_clean.0,,,,,,,,0.3217862748754477,0.22514583333333332,0,tone|noisy|19000,0
dataset_v2_clean.0_fsk_000389,1,fsk,48000,0.042666666666666665,18938.47464716483,21.88279964003778,clean,0.7655268462124704,0.8953781006109109,white,42,1473086718,470358068,dataset_v2_generator-1.2,dataset_v2_clean.0,62.12652306242354,682.5768642428447,,,,,,0.3489570244038382,0.13897916666666665,0,fsk|clean|19000,0
dataset_v2_clean.0_fsk_000221,1,fsk,48000,0.042666666666666665,18260.85231586206,16.61018764041647,moderate,0.9110330224908443,1.0,white,42,3315179665,1405460628,dataset_v2_generator-1.2,dataset_v2_clean.0,86.73601431495989,2062.942278271712,,,,,,0.41523235015368376,0.24854166666666666,0,fsk|moderate|18500,0
dataset_v2_clean.0_chirp_000374,3,chirp,48000,0.042666666666666665,,17.26429055678134,moderate,0.8213753222213116,1.0,ambient,42,3638409904,3820644960,dataset_v2_generator-1.2,dataset_v2_clean.0,,,18928.89298075908,20436.32425840632,,7,,0.34230352898260674,0.24216666666666667,0,chirp|moderate|19000_20500,0
dataset_v2_clean.0_benign_000158,0,benign,48000,0.042666666666666665,,,,0.6845456250034767,3.0234932762833915,white,42,2272118379,1494974764,dataset_v2_generator-1.2,dataset_v2_clean.0,,,,,,,band_limited_hiss,0.30414326945607295,0.18841666666666668,0,benign|band_limited_hiss|na|a70,0
dataset_v2_clean.0_tone_000023,4,tone,48000,0.042666666666666665,20265.9904123486,7.158268319070804,noisy,0.9392012046751737,1.0,ambient,42,713446413,472247662,dataset_v2_generator-1.2,dataset_v2_clean.0,,,,,,,,0.3283739920659113,0.00022916666666666666,0,tone|noisy|20500,0
dataset_v2_clean.0_benign_000076,0,benign,48000,0.042666666666666665,,,,0.6201488098559083,2.628920662390241,white,42,2923515680,4006249186,dataset_v2_generator-1.2,dataset_v2_clean.0,,,,,,,band_limited_hiss,0.41590956061345385,0.32566666666666666,0,benign|band_limited_hiss|na|a60,0
dataset_v2_clean.0_chirp_000312,3,chirp,48000,0.042666666666666665,,23.60663127824027,clean,0.7148000792710674,0.7881073286421925,ambient,42,3011247410,803747534,dataset_v2_generator-1.2,dataset_v2_clean.0,,,19135.710260341344,20327.40750020046,,8,,0.36333946740453066,0.10489583333333333,0,chirp|clean|19000_20500,0
dataset_v2_clean.0_chirp_000139,3,chirp,48000,0.042666666666666665,,15.099624552747535,moderate,0.8376241075346693,1.0,white,42,2405417789,1617110667,dataset_v2_generator-1.2,dataset_v2_clean.0,,,18100.83786859829,20265.547478846027,,3,,0.42433696406580396,0.1626875,0,chirp|moderate|18000_20500,0
dataset_v2_clean.0_fsk_000341,1,fsk,48000,0.042666666666666665,18909.925505220093,4.553053679027621,noisy,0.7979247189868681,1.0,ambient,42,3840105072,2799875251,dataset_v2_generator-1.2,dataset_v2_clean.0,64.42699749655176,1513.0518285062608,,,,,,0.29122506900777684,0.1945,0,fsk|noisy|19000,0
dataset_v2_clean.0_ook_000289,2,ook,48000,0.042666666666666665,19716.42542063604,13.998498074530021,moderate,0.8996094463657787,1.0,white,42,2826598013,3587380714,dataset_v2_generator-1.2,dataset_v2_clean.0,64.87790651351153,,,,,,,0.3170163644008889,0.12372916666666667,0,ook|moderate|19500,0
dataset_v2_clean.0_benign_000109,0,benign,48000,0.042666666666666665,,,,0.4451450850829183,0.4451450850829183,ambient,42,3285860619,598780833,dataset_v2_generator-1.2,dataset_v2_clean.0,,,,,,,ambient,0.27605309110851606,0.11125,1,benign|ambient|a40,0
dataset_v2_clean.0_benign_000154,0,benign,48000,0.042666666666666665,20705.199014895996,,,0.5148054968059581,0.514805495631696,none,42,4205918299,3286723753,dataset_v2_generator-1.2,dataset_v2_clean.0,,,,,,,steady_ultrasonic_hum,0.3580542146541372,0.282375,0,benign|steady_ultrasonic_hum|20500|a50,0
dataset_v2_clean.0_tone_000359,4,tone,48000,0.042666666666666665,20316.510097539638,9.032805561034642,noisy,0.6709460370705865,1.0,ambient,42,3300664765,3852513150,dataset_v2_generator-1.2,dataset_v2_clean.0,,,,,,,,0.24602115662496407,0.15835416666666666,0,tone|noisy|20500,0
dataset_v2_clean.0_chirp_000439,3,chirp,48000,0.042666666666666665,,-4.756833117305147,very_noisy,0.6819181175553302,1.0,white,42,2813187481,2018308503,dataset_v2_generator-1.2,dataset_v2_clean.0,,,18567.28270634372,20502.400478722768,,6,,0.31567210271565144,0.16164583333333332,0,chirp|very_noisy|18500_20500,0
dataset_v2_clean.0_chirp_000404,3,chirp,48000,0.042666666666666665,,16.458712733940192,moderate,0.6977315005361827,0.851051482450852,ambient,42,2369628798,3526707066,dataset_v2_generator-1.2,dataset_v2_clean.0,,,18203.518839704673,20939.13505677505,,6,,0.263171484430214,0.09470833333333334,0,chirp|moderate|18000_21000,0
dataset_v2_clean.0_benign_000312,0,benign,48000,0.042666666666666665,,,,0.49376259257955163,2.116933544174249,white,42,2454359563,3628841268,dataset_v2_generator-1.2,dataset_v2_clean.0,,,,,,,band_limited_hiss,0.3665591263886225,0.15877083333333333,0,benign|band_limited_hiss|na|a50,0
dataset_v2_clean.0_chirp_000349,3,chirp,48000,0.042666666666666665,,-3.818408500245536,very_noisy,0.5897143820658257,1.0,ambient,42,1566278691,1555492136,dataset_v2_generator-1.2,dataset_v2_clean.0,,,18302.629671857532,20257.73189529597,,6,,0.3007268083424624,0.18895833333333334,0,chirp|very_noisy|18500_20500,0
dataset_v2_clean.0_fsk_000489,1,fsk,48000,0.042666666666666665,19527.71133286039,4.629463855181616,noisy,0.863872307940883,1.0,ambient,42,2929079603,283605928,dataset_v2_generator-1.2,dataset_v2_clean.0,51.595294286759376,1282.969957090474,,,,,,0.29368059059910673,0.18429166666666666,0,fsk|noisy|19500,0
dataset_v2_clean.0_chirp_000276,3,chirp,48000,0.042666666666666665,,14.358777608493266,moderate,0.6004742984860599,0.7642553421216549,ambient,42,2555539286,1303507682,dataset_v2_generator-1.2,dataset_v2_clean.0,,,18945.155414548204,20542.965724818612,,5,,0.23667335164365863,0.07254166666666667,0,chirp|moderate|19000_20500,0
dataset_v2_clean.0_ook_000325,2,ook,48000,0.042666666666666665,20734.365190126322,10.20963565372955,moderate,0.9421166334108004,1.0,white,42,1437325877,2803334691,dataset_v2_generator-1.2,dataset_v2_clean.0,43.548589118278315,,,,,,,0.21821906280643136,0.1649375,0,ook|moderate|20500,0
dataset_v2_clean.0_ook_000151,2,ook,48000,0.042666666666666665,18697.38612835533,20.614794105578824,clean,0.7339555657239123,0.8056393306444891,ambient,42,4148906085,3786099950,dataset_v2_generator-1.2,dataset_v2_clean.0,44.56217949522583,,,,,,,0.2894717203286323,0.20108333333333334,0,ook|clean|18500,0
dataset_v2_clean.0_fsk_000067,1,fsk,48000,0.042666666666666665,18976.68783840602,23.46577393261423,clean,0.795934225222497,0.9194682261507382,white,42,4080420000,218281041,dataset_v2_generator-1.2,dataset_v2_clean.0,84.56073743623813,1704.7498162070406,,,,,,0.37375434298092014,0.10158333333333333,0,fsk|clean|19000,0
dataset_v2_clean.0_ook_000308,2,ook,48000,0.042666666666666665,18582.0039866531,22.942461992481654,clean,0.9969576089385167,1.0,white,42,112033806,3604745082,dataset_v2_generator-1.2,dataset_v2_clean.0,39.122278290815345,,,,,,,0.2150170637167622,0.0874375,0,ook|clean|18500,0
dataset_v2_clean.0_tone_000440,4,tone,48000,0.042666666666666665,18509.31528085295,4.182930828602627,noisy,0.932051743131318,1.0,ambient,42,823511154,3812515772,dataset_v2_generator-1.2,dataset_v2_clean.0,,,,,,,,0.2789401846289912,0.060833333333333336,0,tone|noisy|18500,0
dataset_v2_clean.0_chirp_000355,3,chirp,48000,0.042666666666666665,,21.44381345753312,clean,0.5549572033331657,0.6627720552739342,ambient,42,412739734,4085221092,dataset_v2_generator-1.2,dataset_v2_clean.0,,,18533.1761087837,20729.436590049645,,6,,0.42325397588940356,0.2949583333333333,0,chirp|clean|18500_20500,0
dataset_v2_clean.0_fsk_000231,1,fsk,48000,0.042666666666666665,19067.710138474376,1.248615705714064,very_noisy,0.827246118298655,1.0,ambient,42,1095547217,1059250683,dataset_v2_generator-1.2,dataset_v2_clean.0,76.02193804557984,1932.2898615256236,,,,,,0.3278727026736146,0.2680416666666667,0,fsk|very_noisy|19000,0
dataset_v2_clean.0_chirp_000478,3,chirp,48000,0.042666666666666665,,-3.8525675222974662,very_noisy,0.9191236490605881,1.0,ambient,42,474801828,3055669214,dataset_v2_generator-1.2,dataset_v2_clean.0,,,19049.45882488576,20230.931023663437,,4,,0.3564857837833745,0.25366666666666665,0,chirp|very_noisy|19000_20000,0
dataset_v2_clean.0_ook_000010,2,ook,48000,0.042666666666666665,20289.432184770947,11.23301506580749,moderate,0.6679631349858632,0.9311582215869338,ambient,42,2642074040,749716156,dataset_v2_generator-1.2,dataset_v2_clean.0,69.30952118524843,,,,,,,0.23494873379505438,0.000125,0,ook|moderate|20500,0
dataset_v2_clean.0_benign_000360,0,benign,48000,0.042666666666666665,,4.558147284118711,noisy,0.4687614919689702,0.7794878652929862,white,42,2349610953,798011435,dataset_v2_generator-1.2,dataset_v2_clean.0,,,,,,,ambient_hf_boost,0.24406651324247497,0.0726875,0,benign|ambient_hf_boost|noisy,0
dataset_v2_clean.0_ook_000141,2,ook,48000,0.042666666666666665,18516.945426010374,22.372656695587235,clean,0.6536006687499639,0.729258025237843,white,42,1071071481,3528164447,dataset_v2_generator-1.2,dataset_v2_clean.0,69.32774490551671,,,,,,,0.34916025365123354,0.20477083333333335,0,ook|clean|18500,0
dataset_v2_clean.0_benign_000063,0,benign,48000,0.042666666666666665,,3.957247986017091,noisy,0.47673134564858366,0.7364146169536001,white,42,1019261206,2783005810,dataset_v2_generator-1.2,dataset_v2_clean.0,,,,,,,ambient_hf_boost,0.2904445633850542,0.035354166666666666,0,benign|ambient_hf_boost|noisy,0
dataset_v2_clean.0_fsk_000420,1,fsk,48000,0.042666666666666665,18820.636219646007,4.284501611481151,noisy,0.9457773633138311,1.0,ambient,42,4104833136,3170396687,dataset_v2_generator-1.2,dataset_v2_clean.0,28.16846398150585,1147.9877905219582,,,,,,0.2535910005293123,0.13077083333333334,0,fsk|noisy|19000,0
dataset_v2_clean.0_ook_000352,2,ook,48000,0.042666666666666665,20409.439299218004,-0.6773894696634875,very_noisy,0.778260878726271,1.0,ambient,42,1487338314,3504693186,dataset_v2_generator-1.2,dataset_v2_clean.0,44.49639128015923,,,,,,,0.2534833158974124,0.07075,0,ook|very_noisy|20500,0
dataset_v2_clean.0_benign_000282,0,benign,48000,0.042666666666666665,20027.017131685534,,,0.2703662357723556,0.2703662336323103,none,42,3125639615,2690489812,dataset_v2_generator-1.2,dataset_v2_clean.0,,,,,,,steady_ultrasonic_hum,0.24308107279190724,0.036375,0,benign|steady_ultrasonic_hum|20000|a30,0
dataset_v2_clean.0_fsk_000344,1,fsk,48000,0.042666666666666665,19336.639489304085,3.1696489014598077,noisy,0.5969296968313542,1.0,ambient,42,947233744,4102506369,dataset_v2_generator-1.2,dataset_v2_clean.0,68.63060932809722,1663.3605106959149,,,,,,0.2383515525745793,0.18095833333333333,0,fsk|noisy|19500,0
dataset_v2_clean.0_benign_000296,0,benign,48000,0.042666666666666665,,,,0.5779874765792087,2.532061428209094,white,42,445389372,1833218003,dataset_v2_generator-1.2,dataset_v2_clean.0,,,,,,,white,0.356461813003484,0.13139583333333332,0,benign|white|a60,0
dataset_v2_clean.0_ook_000062,2,ook,48000,0.042666666666666665,20261.787054133423,9.293183872953318,noisy,0.5597172435010653,0.8839104205240903,ambient,42,3363441148,365879602,dataset_v2_generator-1.2,dataset_v2_clean.0,39.532553200892735,,,,,,,0.38408225758577835,0.1738125,0,ook|noisy|20500,0
dataset_v2_clean.0_ook_000467,2,ook,48000,0.042666666666666665,20631.163142950234,26.025238311661834,clean,0.9713392859123355,1.0,ambient,42,3417772268,3562106997,dataset_v2_generator-1.2,dataset_v2_clean.0,60.218401653251604,,,,,,,0.33474369549752886,0.0006875,0,ook|clean|20500,0
dataset_v2_clean.0_ook_000227,2,ook,48000,0.042666666666666665,19175.271143783553,3.7547924343559993,noisy,0.8896578458069119,1.0,white,42,3361816472,1187673845,dataset_v2_generator-1.2,dataset_v2_clean.0,46.21383180929908,,,,,,,0.3484081985478509,0.21385416666666668,0,ook|noisy|19000,0
dataset_v2_clean.0_tone_000346,4,tone,48000,0.042666666666666665,20225.141716459442,10.171880657968394,moderate,0.7951845351058504,1.0,ambient,42,3299830344,383043593,dataset_v2_generator-1.2,dataset_v2_clean.0,,,,,,,,0.37209169382764357,0.0565,0,tone|moderate|20000,0
dataset_v2_clean.0_fsk_000097,1,fsk,48000,0.042666666666666665,19783.87155434061,2.2935259665261913,noisy,0.5506441507853047,1.0,ambient,42,801634323,869938001,dataset_v2_generator-1.2,dataset_v2_clean.0,41.71052407848332,966.500252789916,,,,,,0.25826549937246157,0.019541666666666666,0,fsk|noisy|20000,0
dataset_v2_clean.0_fsk_000243,1,fsk,48000,0.042666666666666665,19358.932211713556,6.835347993476433,noisy,0.5537851625170913,1.0,white,42,247721215,274677212,dataset_v2_generator-1.2,dataset_v2_clean.0,22.390371659473672,744.7052888702237,,,,,,0.28634066255051915,0.022041666666666668,0,fsk|noisy|19500,0
dataset_v2_clean.0_ook_000380,2,ook,48000,0.042666666666666665,20641.892095287873,11.115861078766967,moderate,0.8446497929169061,1.0,white,42,2978727574,1440012046,dataset_v2_generator-1.2,dataset_v2_clean.0,30.279013564269803,,,,,,,0.22111453679881177,0.06852083333333334,0,ook|moderate|20500,0
dataset_v2_clean.0_benign_000240,0,benign,48000,0.042666666666666665,19214.938220943288,,,0.3392797324167326,0.3392797308622575,none,42,4036184958,2743138069,dataset_v2_generator-1.2,dataset_v2_clean.0,,,,,,,steady_ultrasonic_hum,0.3532268106278231,0.24341666666666667,0,benign|steady_ultrasonic_hum|19000|a30,0
dataset_v2_clean.0_ook_000216,2,ook,48000,0.042666666666666665,20284.480783207462,1.3409503497031228,very_noisy,0.9230448292082891,1.0,white,42,3134590963,1611344062,dataset_v2_generator-1.2,dataset_v2_clean.0,46.01094449058596,,,,,,,0.3697675651096159,0.12852083333333333,0,ook|very_noisy|20500,0
dataset_v2_clean.0_tone_000311,4,tone,48000,0.042666666666666665,20342.50204080317,5.583581335192578,noisy,0.792557850490557,1.0,ambient,42,2006554332,2072385325,dataset_v2_generator-1.2,dataset_v2_clean.0,,,,,,,,0.3846653192267061,0.12145833333333333,0,tone|noisy|20500,0
dataset_v2_clean.0_fsk_000055,1,fsk,48000,0.042666666666666665,18355.71532082121,-3.631997119599051,very_noisy,0.9330662668231837,1.0,ambient,42,3049214328,1521226472,dataset_v2_generator-1.2,dataset_v2_clean.0,50.020961216728104,1081.6588124773807,,,,,,0.36643515714368396,0.04539583333333334,0,fsk|very_noisy|18500,0
dataset_v2_clean.0_ook_000242,2,ook,48000,0.042666666666666665,19037.865765497285,5.224601581794321,noisy,0.8353734091101903,1.0,ambient,42,92780489,2977589777,dataset_v2_generator-1.2,dataset_v2_clean.0,48.50187596947315,,,,,,,0.3348594512623285,0.0415,0,ook|noisy|19000,0
dataset_v2_clean.0_chirp_000353,3,chirp,48000,0.042666666666666665,,2.70643108273826,noisy,0.92939845584764,1.0,ambient,42,4169300193,1773052291,dataset_v2_generator-1.2,dataset_v2_clean.0,,,18239.63038440388,20424.35303527345,,6,,0.3360082275491189,0.08602083333333334,0,chirp|noisy|18000_20500,0
dataset_v2_clean.0_benign_000107,0,benign,48000,0.042666666666666665,,,,0.5547279002417497,0.5547279002417497,ambient,42,4212765792,1336928521,dataset_v2_generator-1.2,dataset_v2_clean.0,,,,,,,ambient,0.28974641361250564,0.217875,0,benign|ambient|a60,0
dataset_v2_clean.0_fsk_000183,1,fsk,48000,0.042666666666666665,18687.412696490937,9.613977187099673,noisy,0.8011077399903885,1.0,ambient,42,3345677613,2478329449,dataset_v2_generator-1.2,dataset_v2_clean.0,56.33445638394105,1650.663342444248,,,,,,0.2519935333831194,0.057645833333333334,0,fsk|noisy|18500,0
dataset_v2_clean.0_ook_000426,2,ook,48000,0.042666666666666665,19332.393074892432,15.687863273292416,moderate,0.8069921611433384,1.0,white,42,3547937019,4118036192,dataset_v2_generator-1.2,dataset_v2_clean.0,60.08044341061323,,,,,,,0.26361729147345786,0.19720833333333335,0,ook|moderate|19500,0
dataset_v2_clean.0_benign_000250,0,benign,48000,0.042666666666666665,,,,0.38922704001340536,1.6780352200915862,white,42,398201016,3703058918,dataset_v2_generator-1.2,dataset_v2_clean.0,,,,,,,white,0.34177725959545835,0.04591666666666667,0,benign|white|a40,0
dataset_v2_clean.0_tone_000253,4,tone,48000,0.042666666666666665,18624.21274111429,26.399422406871217,clean,0.7934639769957931,0.875159739227511,white,42,2022049498,2564108735,dataset_v2_generator-1.2,dataset_v2_clean.0,,,,,,,,0.32854455895754864,0.036708333333333336,0,tone|clean|18500,0
dataset_v2_clean.0_tone_000153,4,tone,48000,0.042666666666666665,20003.07295964234,20.81399116600747,clean,0.6994258426920483,0.7806108571108198,ambient,42,1600907070,1665426571,dataset_v2_generator-1.2,dataset_v2_clean.0,,,,,,,,0.34821629410950017,0.07608333333333334,0,tone|clean|20000,0
dataset_v2_clean.0_benign_000285,0,benign,48000,0.042666666666666665,,,,0.6661307813507492,2.5430262304174627,white,42,2971384921,2084325503,dataset_v2_generator-1.2,dataset_v2_clean.0,,,,,,,band_limited_hiss,0.3430451121361709,0.10835416666666667,0,benign|band_limited_hiss|na|a70,0
dataset_v2_clean.0_tone_000246,4,tone,48000,0.042666666666666665,19255.49637687237,-0.6608896887092328,very_noisy,0.7744531737083443,1.0,white,42,2469337666,3338004603,dataset_v2_generator-1.2,dataset_v2_clean.0,,,,,,,,0.26226689250838403,0.04766666666666667,0,tone|very_noisy|19500,0
dataset_v2_clean.0_chirp_000083,3,chirp,48000,0.042666666666666665,,-1.060392989402307,very_noisy,0.9961472117540364,1.0,ambient,42,2206094349,1212199565,dataset_v2_generator-1.2,dataset_v2_clean.0,,,18836.10243450841,20442.139945380637,,4,,0.2299209183427775,0.134375,0,chirp|very_noisy|19000_20500,0
dataset_v2_clean.0_fsk_000040,1,fsk,48000,0.042666666666666665,18836.698522405994,27.34321768877903,clean,0.9565818723927164,1.0,ambient,42,2712757873,3806212997,dataset_v2_generator-1.2,dataset_v2_clean.0,71.50689666016491,1779.2524003644248,,,,,,0.37418336189975887,0.016208333333333335,0,fsk|clean|19000,0
dataset_v2_clean.0_tone_000016,4,tone,48000,0.042666666666666665,19387.28622326401,7.856268952691171,noisy,0.7804110493872005,1.0,ambient,42,714443590,1206719919,dataset_v2_generator-1.2,dataset_v2_clean.0,,,,,,,,0.3392283709362132,0.20058333333333334,0,tone|noisy|19500,0
dataset_v2_clean.0_benign_000040,0,benign,48000,0.042666666666666665,,,,0.3564891907162446,1.6067694448218557,white,42,217099339,757584272,dataset_v2_generator-1.2,dataset_v2_clean.0,,,,,,,band_limited_hiss,0.36200977737443313,0.1556875,0,benign|band_limited_hiss|na|a40,0
dataset_v2_clean.0_chirp_000345,3,chirp,48000,0.042666666666666665,,-2.2707411919743903,very_noisy,0.903044466254349,1.0,ambient,42,224635444,3769709573,dataset_v2_generator-1.2,dataset_v2_clean.0,,,18844.155519006166,20785.23240988489,,3,,0.35521717371020295,0.1488125,0,chirp|very_noisy|19000_21000,0
dataset_v2_clean.0_benign_000085,0,benign,48000,0.042666666666666665,,,,0.3683024872677333,0.3683024872677333,ambient,42,2877266153,253024472,dataset_v2_generator-1.2,dataset_v2_clean.0,,,,,,,ambient,0.3357410738540636,0.15283333333333332,0,benign|ambient|a40,0
dataset_v2_clean.0_tone_000170,4,tone,48000,0.042666666666666665,19744.1099586327,17.794723117934026,moderate,0.6994290027448858,0.8673170733073962,ambient,42,1129523296,3148203765,dataset_v2_generator-1.2,dataset_v2_clean.0,,,,,,,,0.36614994407626517,0.0919375,0,tone|moderate|19500,0
dataset_v2_clean.0_fsk_000115,1,fsk,48000,0.042666666666666665,18651.52391815927,9.13147731422015,noisy,0.7310878138982462,1.0,ambient,42,4233595733,921855656,dataset_v2_generator-1.2,dataset_v2_clean.0,49.04895027575984,1640.411760976458,,,,,,0.4210922167296243,0.23316666666666666,0,fsk|noisy|18500,0
dataset_v2_clean.0_chirp_000023,3,chirp,48000,0.042666666666666665,,17.271041915116694,moderate,0.7851080533819225,1.0,white,42,3131029231,3539069505,dataset_v2_generator-1.2,dataset_v2_clean.0,,,18991.995517071544,20367.14465124219,,6,,0.22585075115960013,0.0084375,0,chirp|moderate|19000_20500,0
dataset_v2_clean.0_benign_000336,0,benign,48000,0.042666666666666665,,,,0.5925952544390743,2.5424930808597352,white,42,2752387758,2339419741,dataset_v2_generator-1.2,dataset_v2_clean.0,,,,,,,band_limited_hiss,0.33389849769647284,0.04152083333333333,0,benign|band_limited_hiss|na|a60,0
dataset_v2_clean.0_ook_000206,2,ook,48000,0.042666666666666665,18594.959147943162,0.5992248998391396,very_noisy,0.670329859279316,1.0,ambient,42,1834717513,386117693,dataset_v2_generator-1.2,dataset_v2_clean.0,32.961644512491745,,,,,,,0.2517279302919566,0.13975,0,ook|very_noisy|18500,0
dataset_v2_clean.0_fsk_000021,1,fsk,48000,0.042666666666666665,18404.732570249205,17.04220155129462,moderate,0.6848283607105008,0.9036452694489799,white,42,4058920394,3253952273,dataset_v2_generator-1.2,dataset_v2_clean.0,58.74895743257406,406.3807548322402,,,,,,0.3076175519715218,0.05429166666666667,0,fsk|moderate|18500,0
dataset_v2_clean.0_ook_000068,2,ook,48000,0.042666666666666665,20932.249139760977,8.552817812118931,noisy,0.9588874909675507,1.0,white,42,3375487773,2362424674,dataset_v2_generator-1.2,dataset_v2_clean.0,40.91289060141584,,,,,,,0.37265278658858436,0.25027083333333333,0,ook|noisy|21000,0
dataset_v2_clean.0_chirp_000043,3,chirp,48000,0.042666666666666665,,6.624353428422835,noisy,0.917109126781593,1.0,white,42,1828262355,3608841437,dataset_v2_generator-1.2,dataset_v2_clean.0,,,18092.331230665422,20606.69811052581,,8,,0.26324591563599886,0.12235416666666667,0,chirp|noisy|18000_20500,0
dataset_v2_clean.0_ook_000182,2,ook,48000,0.042666666666666665,18433.10964423723,19.573779853849317,moderate,0.9839010890361991,1.0,ambient,42,588021927,3042094477,dataset_v2_generator-1.2,dataset_v2_clean.0,41.14773887069699,,,,,,,0.26970714444424665,0.19535416666666666,0,ook|moderate|18500,0
dataset_v2_clean.0_benign_000086,0,benign,48000,0.042666666666666665,18946.42305535114,,,0.4319238630877512,0.4319238618767192,none,42,645027901,2801573963,dataset_v2_generator-1.2,dataset_v2_clean.0,,,,,,,steady_ultrasonic_hum,0.29586803541501544,0.13602083333333334,0,benign|steady_ultrasonic_hum|19000|a40,0
dataset_v2_clean.0_tone_000209,4,tone,48000,0.042666666666666665,20322.535870754607,20.094849334197026,clean,0.877989451865618,1.0,white,42,324700770,1136169218,dataset_v2_generator-1.2,dataset_v2_clean.0,,,,,,,,0.364866457676024,0.213125,0,tone|clean|20500,0
dataset_v2_clean.0_ook_000143,2,ook,48000,0.042666666666666665,20786.282578147802,18.75940860149593,moderate,0.7973572507149864,0.8983103574903635,ambient,42,763071692,336754955,dataset_v2_generator-1.2,dataset_v2_clean.0,64.63248123547214,,,,,,,0.36606801243369325,0.26408333333333334,0,ook|moderate|21000,0
dataset_v2_clean.0_chirp_000103,3,chirp,48000,0.042666666666666665,,20.166713938575622,clean,0.6895588976571754,0.8928635917383257,white,42,3910658524,808456129,dataset_v2_generator-1.2,dataset_v2_clean.0,,,18271.722879342382,20535.757320322955,,4,,0.39825856671370347,0.09066666666666667,0,chirp|clean|18500_20500,0
dataset_v2_clean.0_tone_000492,4,tone,48000,0.042666666666666665,20986.787330021696,12.496264878123338,moderate,0.8243506132830813,1.0,white,42,1470811189,3702376219,dataset_v2_generator-1.2,dataset_v2_clean.0,,,,,,,,0.2139029798200553,0.006083333333333333,0,tone|moderate|21000,0
dataset_v2_clean.0_benign_000090,0,benign,48000,0.042666666666666665,,15.005283968420418,moderate,0.5685220673145196,0.6217284132703058,white,42,267806451,3553534755,dataset_v2_generator-1.2,dataset_v2_clean.0,,,,,,,ambient_hf_boost,0.27351966533306,0.1325,0,benign|ambient_hf_boost|moderate,0
dataset_v2_clean.0_tone_000347,4,tone,48000,0.042666666666666665,20059.387438486225,28.20498436430414,clean,0.9495272955713744,1.0,ambient,42,1576913524,4235696160,dataset_v2_generator-1.2,dataset_v2_clean.0,,,,,,,,0.2330430486705558,0.0469375,0,tone|clean|20000,0
dataset_v2_clean.0_tone_000279,4,tone,48000,0.042666666666666665,19645.861507524907,-3.7272182938535945,very_noisy,0.6971792666144291,1.0,white,42,2918378924,1206268318,dataset_v2_generator-1.2,dataset_v2_clean.0,,,,,,,,0.37360429669661005,0.036375,0,tone|very_noisy|19500,0
dataset_v2_clean.0_chirp_000423,3,chirp,48000,0.042666666666666665,,7.131991808160269,noisy,0.9136104639396068,1.0,ambient,42,1552224684,1378055311,dataset_v2_generator-1.2,dataset_v2_clean.0,,,18629.898150565168,20367.920268674232,,2,,0.22636405549515312,0.11677083333333334,0,chirp|noisy|18500_20500,0
dataset_v2_clean.0_chirp_000052,3,chirp,48000,0.042666666666666665,,5.602857906594409,noisy,0.9008315238448279,1.0,white,42,2360940413,1512376556,dataset_v2_generator-1.2,dataset_v2_clean.0,,,18096.35303260386,20656.553965999043,,7,,0.2957927128700627,0.15997916666666667,0,chirp|noisy|18000_20500,0
dataset_v2_clean.0_chirp_000468,3,chirp,48000,0.042666666666666665,,-3.2879259033282624,very_noisy,0.8047420055172021,1.0,white,42,4106875364,1481381304,dataset_v2_generator-1.2,dataset_v2_clean.0,,,18970.924818616815,20240.01950276078,,7,,0.23376850451037293,0.0571875,0,chirp|very_noisy|19000_20000,0
dataset_v2_clean.0_fsk_000301,1,fsk,48000,0.042666666666666665,18445.688585698354,1.1197366600136576,very_noisy,0.8870784536168479,1.0,ambient,42,1789231354,3309329109,dataset_v2_generator-1.2,dataset_v2_clean.0,62.30337899093589,1898.2688510852531,,,,,,0.3985817570927808,0.04077083333333333,0,fsk|very_noisy|18500,0
dataset_v2_clean.0_fsk_000060,1,fsk,48000,0.042666666666666665,18576.982154368343,-1.3269976979881104,very_noisy,0.9151629271382931,1.0,ambient,42,3188843761,1579432102,dataset_v2_generator-1.2,dataset_v2_clean.0,61.126897300875996,1319.772530412658,,,,,,0.41159420486417275,0.1218125,0,fsk|very_noisy|18500,0
dataset_v2_clean.0_tone_000124,4,tone,48000,0.042666666666666665,18465.42139528695,14.039495530676692,moderate,0.55220825371999,0.8336188298491694,white,42,3359820900,2640827705,dataset_v2_generator-1.2,dataset_v2_clean.0,,,,,,,,0.337114372725473,0.18441666666666667,0,tone|moderate|18500,0
dataset_v2_clean.0_chirp_000485,3,chirp,48000,0.042666666666666665,,-3.636589231980425,very_noisy,0.8043278879376561,1.0,white,42,2301616613,1417538544,dataset_v2_generator-1.2,dataset_v2_clean.0,,,19000.12408361871,20789.519877180854,,4,,0.22251435684181053,0.13652083333333334,0,chirp|very_noisy|19000_21000,0
dataset_v2_clean.0_benign_000349,0,benign,48000,0.042666666666666665,,,,0.5379517129054974,2.21715319054655,white,42,1576969819,4121352451,dataset_v2_generator-1.2,dataset_v2_clean.0,,,,,,,white,0.2566282652928074,0.10554166666666667,0,benign|white|a50,0
dataset_v2_clean.0_tone_000186,4,tone,48000,0.042666666666666665,20790.353975306596,28.731678754127046,clean,0.7604200044828187,0.8061947077911342,ambient,42,4286041603,2198803721,dataset_v2_generator-1.2,dataset_v2_clean.0,,,,,,,,0.28938378017934996,0.10060416666666666,0,tone|clean|21000,0
dataset_v2_clean.0_tone_000341,4,tone,48000,0.042666666666666665,20554.404055073002,9.89194399553162,noisy,0.7016193830419456,1.0,ambient,42,3566809685,1818577498,dataset_v2_generator-1.2,dataset_v2_clean.0,,,,,,,,0.2820720405625689,0.216125,0,tone|noisy|20500,0
dataset_v2_clean.0_fsk_000014,1,fsk,48000,0.042666666666666665,18410.570659295703,11.525602221465883,moderate,0.8624211959507162,1.0,white,42,3282634134,2195313851,dataset_v2_generator-1.2,dataset_v2_clean.0,72.3677897464429,1601.5685887775362,,,,,,0.40858022461705545,0.09166666666666666,0,fsk|moderate|18500,0
dataset_v2_clean.0_benign_000348,0,benign,48000,0.042666666666666665,18659.16648907414,,,0.4722859801389647,0.472285978078081,none,42,1030645534,2905443867,dataset_v2_generator-1.2,dataset_v2_clean.0,,,,,,,steady_ultrasonic_hum,0.3011911922750997,0.041,0,benign|steady_ultrasonic_hum|18500|a50,0
dataset_v2_clean.0_tone_000404,4,tone,48000,0.042666666666666665,18358.07061436491,13.894027170528165,moderate,0.8099522691993513,1.0,ambient,42,186779169,3970040490,dataset_v2_generator-1.2,dataset_v2_clean.0,,,,,,,,0.4146823631750973,0.198375,0,tone|moderate|18500,0
dataset_v2_clean.0_fsk_000113,1,fsk,48000,0.042666666666666665,19196.063006303837,-2.5308585424432675,very_noisy,0.8544688247555542,1.0,white,42,2615959748,2153790740,dataset_v2_generator-1.2,dataset_v2_clean.0,62.522807549189004,1601.320840810622,,,,,,0.4019090431899623,0.16395833333333334,0,fsk|very_noisy|19000,0
dataset_v2_clean.0_ook_000047,2,ook,48000,0.042666666666666665,20675.820327888323,13.865060017093228,moderate,0.7373677832216037,0.917740245260825,ambient,42,688547501,2114554401,dataset_v2_generator-1.2,dataset_v2_clean.0,45.830760230100765,,,,,,,0.40934736520161275,0.13747916666666668,0,ook|moderate|20500,0
dataset_v2_clean.0_tone_000451,4,tone,48000,0.042666666666666665,18921.718723451977,-4.749642578042287,very_noisy,0.5625572553408611,1.0,white,42,1759092774,3762853904,dataset_v2_generator-1.2,dataset_v2_clean.0,,,,,,,,0.30785271290486166,0.16652083333333334,0,tone|very_noisy|19000,0
dataset_v2_clean.0_chirp_000050,3,chirp,48000,0.042666666666666665,,1.1102278597664963,very_noisy,0.7264961589333819,1.0,white,42,2131651299,2204471394,dataset_v2_generator-1.2,dataset_v2_clean.0,,,18017.862359190287,20689.75279047288,,8,,0.25088894065671985,0.1479375,0,chirp|very_noisy|18000_20500,0
dataset_v2_clean.0_fsk_000091,1,fsk,48000,0.042666666666666665,18282.44491748841,1.1532588211911703,very_noisy,0.7450278655218903,1.0,ambient,42,3267188114,459195337,dataset_v2_generator-1.2,dataset_v2_clean.0,28.32139348212946,1153.1396672771589,,,,,,0.3543458788583769,0.273875,0,fsk|very_noisy|18500,0
dataset_v2_clean.0_tone_000264,4,tone,48000,0.042666666666666665,20699.157954681014,-4.161246586657178,very_noisy,0.8238402206363499,1.0,white,42,4223918401,1480125007,dataset_v2_generator-1.2,dataset_v2_clean.0,,,,,,,,0.35560355520074594,0.2141875,0,tone|very_noisy|20500,0
dataset_v2_clean.0_chirp_000215,3,chirp,48000,0.042666666666666665,,-3.3382769077586194,very_noisy,0.5668560045446354,1.0,ambient,42,4231246982,2696066825,dataset_v2_generator-1.2,dataset_v2_clean.0,,,18386.470801649488,20677.446680590223,,7,,0.3213211399930385,0.0201875,0,chirp|very_noisy|18500_20500,0
dataset_v2_clean.0_benign_000422,0,benign,48000,0.042666666666666665,,,,0.39237598512960514,0.39237598512960514,ambient,42,2770937645,1322591859,dataset_v2_generator-1.2,dataset_v2_clean.0,,,,,,,ambient,0.28648889648688963,0.0018333333333333333,1,benign|ambient|a40,0
dataset_v2_clean.0_tone_000331,4,tone,48000,0.042666666666666665,18953.125523331517,-1.083215690968855,very_noisy,0.7771571057153572,1.0,white,42,1424716389,4024566433,dataset_v2_generator-1.2,dataset_v2_clean.0,,,,,,,,0.3395918161516742,0.1703125,0,tone|very_noisy|19000,0
dataset_v2_clean.0_chirp_000258,3,chirp,48000,0.042666666666666665,,-0.24339942712250284,very_noisy,0.811326211129348,1.0,white,42,757426837,3339871877,dataset_v2_generator-1.2,dataset_v2_clean.0,,,18930.693876096248,20395.038987113625,,2,,0.26815593431989077,0.07791666666666666,0,chirp|very_noisy|19000_20500,0
dataset_v2_clean.0_chirp_000469,3,chirp,48000,0.042666666666666665,,-4.98401143639123,very_noisy,0.9104744877387252,1.0,ambient,42,1887515162,2641873529,dataset_v2_generator-1.2,dataset_v2_clean.0,,,19151.003784035838,20819.930755159334,,3,,0.24263840713137425,0.10360416666666666,0,chirp|very_noisy|19000_21000,0
dataset_v2_clean.0_fsk_000034,1,fsk,48000,0.042666666666666665,18564.119954483063,19.092525599463116,moderate,0.5556000330278669,0.6863014782580138,ambient,42,4161493998,4137236358,dataset_v2_generator-1.2,dataset_v2_clean.0,88.21957263042695,1880.3222800637523,,,,,,0.2686655900949689,0.0715,0,fsk|moderate|18500,0
dataset_v2_clean.0_chirp_000232,3,chirp,48000,0.042666666666666665,,8.55238679451821,noisy,0.8565250440284945,1.0,white,42,1690653681,533326229,dataset_v2_generator-1.2,dataset_v2_clean.0,,,19008.229772288974,20484.848638577012,,3,,0.22030498364300755,0.028895833333333332,0,chirp|noisy|19000_20500,0
dataset_v2_clean.0_chirp_000363,3,chirp,48000,0.042666666666666665,,7.232192708304221,noisy,0.9477936213039617,1.0,white,42,2184237499,4153632348,dataset_v2_generator-1.2,dataset_v2_clean.0,,,18963.930170917054,20432.038800927552,,8,,0.35560912011992757,0.057854166666666665,0,chirp|noisy|19000_20500,0
dataset_v2_clean.0_tone_000183,4,tone,48000,0.042666666666666665,20759.47507325782,8.843856238944912,noisy,0.8746981984984677,1.0,white,42,964804197,3573477139,dataset_v2_generator-1.2,dataset_v2_clean.0,,,,,,,,0.31557980513250844,0.14435416666666667,0,tone|noisy|21000,0
dataset_v2_clean.0_ook_000464,2,ook,48000,0.042666666666666665,19511.048078165346,-2.8432481199393833,very_noisy,0.6522344171562233,1.0,ambient,42,360007144,1273573372,dataset_v2_generator-1.2,dataset_v2_clean.0,52.41105230859631,,,,,,,0.35411062649186154,0.24010416666666667,0,ook|very_noisy|19500,0
dataset_v2_clean.0_tone_000295,4,tone,48000,0.042666666666666665,18406.743798691983,22.328586858058234,clean,0.7827547606014781,0.9100742971863869,white,42,1119358660,1888343355,dataset_v2_generator-1.2,dataset_v2_clean.0,,,,,,,,0.23910492302874278,0.1825625,0,tone|clean|18500,0
dataset_v2_clean.0_ook_000390,2,ook,48000,0.042666666666666665,20638.991722166476,22.827236001006625,clean,0.8533533199387395,0.9190087390032275,white,42,1277425854,2891908018,dataset_v2_generator-1.2,dataset_v2_clean.0,32.686735962980244,,,,,,,0.33082823335299455,0.27641666666666664,0,ook|clean|20500,0
dataset_v2_clean.0_fsk_000472,1,fsk,48000,0.042666666666666665,18767.23313896413,5.688879805295408,noisy,0.9009300341669666,1.0,white,42,1208016712,788937393,dataset_v2_generator-1.2,dataset_v2_clean.0,57.91999728845217,1005.9712684352489,,,,,,0.3207084535174188,0.21202083333333333,0,fsk|noisy|19000,0
dataset_v2_clean.0_chirp_000022,3,chirp,48000,0.042666666666666665,,26.429276339287387,clean,0.7751444625248421,0.8612674827627468,white,42,3062650759,570743190,dataset_v2_generator-1.2,dataset_v2_clean.0,,,19266.565047126245,20208.263671775232,,8,,0.2352436314549449,0.1794375,0,chirp|clean|19500_20000,0
dataset_v2_clean.0_benign_000010,0,benign,48000,0.042666666666666665,,23.873350618683567,clean,0.25390814460639527,0.26172918247314775,white,42,60166320,2055989236,dataset_v2_generator-1.2,dataset_v2_clean.0,,,,,,,ambient_hf_boost,0.33809855387770743,0.15022916666666666,0,benign|ambient_hf_boost|clean,0
dataset_v2_clean.0_chirp_000280,3,chirp,48000,0.042666666666666665,,-4.088668849658308,very_noisy,0.5737052792243491,1.0,ambient,42,712619730,292210892,dataset_v2_generator-1.2,dataset_v2_clean.0,,,18699.482724613503,20967.64323210693,,2,,0.25438439622333675,0.03166666666666667,0,chirp|very_noisy|18500_21000,0
dataset_v2_clean.0_chirp_000465,3,chirp,48000,0.042666666666666665,,-4.204690836500047,very_noisy,0.918366630465089,1.0,white,42,100535771,745646701,dataset_v2_generator-1.2,dataset_v2_clean.0,,,18205.784697035488,20797.55900310418,,4,,0.2558547822278727,0.14541666666666667,0,chirp|very_noisy|18000_21000,0
dataset_v2_clean.0_fsk_000147,1,fsk,48000,0.042666666666666665,19573.63257302149,-3.38609082455789,very_noisy,0.9114970688081627,1.0,ambient,42,1078642250,3983211906,dataset_v2_generator-1.2,dataset_v2_clean.0,44.3589415208573,467.165845031901,,,,,,0.21454758718075875,0.12122916666666667,0,fsk|very_noisy|19500,0
dataset_v2_clean.0_chirp_000356,3,chirp,48000,0.042666666666666665,,-2.8324970878010935,very_noisy,0.9226573289336383,1.0,ambient,42,3722562164,1621910949,dataset_v2_generator-1.2,dataset_v2_clean.0,,,18449.13434784537,20927.18395858378,,5,,0.33591674271528166,0.225625,0,chirp|very_noisy|18500_21000,0
dataset_v2_clean.0_benign_000423,0,benign,48000,0.042666666666666665,,,,0.5699328462600981,2.1220059830486355,white,42,453027858,2601778012,dataset_v2_generator-1.2,dataset_v2_clean.0,,,,,,,white,0.41718543769798044,0.24772916666666667,0,benign|white|a60,0
dataset_v2_clean.0_chirp_000283,3,chirp,48000,0.042666666666666665,,3.1881863584913557,noisy,0.6813390505456357,1.0,ambient,42,634577905,3271498333,dataset_v2_generator-1.2,dataset_v2_clean.0,,,18182.57516198865,20696.8679854111,,4,,0.23566084216315028,0.05727083333333333,0,chirp|noisy|18000_20500,0
dataset_v2_clean.0_chirp_000487,3,chirp,48000,0.042666666666666665,,6.000076621250582,noisy,0.60551123702287,1.0,ambient,42,3131807379,2969794631,dataset_v2_generator-1.2,dataset_v2_clean.0,,,18345.295307288296,20440.84323095111,,8,,0.26899810676080244,0.1785,0,chirp|noisy|18500_20500,0
dataset_v2_clean.0_tone_000221,4,tone,48000,0.042666666666666665,20679.244367800675,28.984064505275363,clean,0.886015454017729,0.9398913172738974,ambient,42,850779355,2659748189,dataset_v2_generator-1.2,dataset_v2_clean.0,,,,,,,,0.25038897108534186,0.1549375,0,tone|clean|20500,0
dataset_v2_clean.0_benign_000220,0,benign,48000,0.042666666666666665,,,,0.7365088689368298,3.152828319968064,white,42,3797527941,1496704491,dataset_v2_generator-1.2,dataset_v2_clean.0,,,,,,,band_limited_hiss,0.39561396097341,0.19558333333333333,0,benign|band_limited_hiss|na|a70,0
dataset_v2_clean.0_fsk_000031,1,fsk,48000,0.042666666666666665,19633.997393813766,4.370773085741322,noisy,0.9280506220861178,1.0,ambient,42,730038600,3248186979,dataset_v2_generator-1.2,dataset_v2_clean.0,53.13994766050987,1366.0026061862336,,,,,,0.2624465406433562,0.031020833333333334,0,fsk|noisy|19500,0
dataset_v2_clean.0_tone_000171,4,tone,48000,0.042666666666666665,18658.164822151986,23.141793155690205,clean,0.9885697893274337,1.0,white,42,1011270637,4194061769,dataset_v2_generator-1.2,dataset_v2_clean.0,,,,,,,,0.24260809462684294,0.07966666666666666,0,tone|clean|18500,0
dataset_v2_clean.0_benign_000398,0,benign,48000,0.042666666666666665,,,,0.5946385243474872,2.3468629267239702,white,42,3209859695,3162842170,dataset_v2_generator-1.2,dataset_v2_clean.0,,,,,,,band_limited_hiss,0.24846355696249617,0.12920833333333334,0,benign|band_limited_hiss|na|a60,0
dataset_v2_clean.0_benign_000089,0,benign,48000,0.042666666666666665,,12.942069895076546,moderate,0.36508202555134617,0.3936749566405864,white,42,3094804522,4119694259,dataset_v2_generator-1.2,dataset_v2_clean.0,,,,,,,ambient_hf_boost,0.27945447103580184,0.20122916666666665,0,benign|ambient_hf_boost|moderate,0
dataset_v2_clean.0_tone_000217,4,tone,48000,0.042666666666666665,19547.304067905676,23.452675927250382,clean,0.8543568532959243,0.965013862318573,ambient,42,2584150407,91981033,dataset_v2_generator-1.2,dataset_v2_clean.0,,,,,,,,0.3567260249683697,0.02420833333333333,0,tone|clean|19500,0
dataset_v2_clean.0_benign_000011,0,benign,48000,0.042666666666666665,20520.048749734655,,,0.3268870837466886,0.3268870633849406,none,42,2284616113,1854280633,dataset_v2_generator-1.2,dataset_v2_clean.0,,,,,,,steady_ultrasonic_hum,0.33540078078434155,0.0069375,0,benign|steady_ultrasonic_hum|20500|a30,0
dataset_v2_clean.0_fsk_000009,1,fsk,48000,0.042666666666666665,18374.82313696962,0.2601462688005096,very_noisy,0.6192356133720247,1.0,ambient,42,4029204688,2943480381,dataset_v2_generator-1.2,dataset_v2_clean.0,71.04046490688388,1243.2049476402135,,,,,,0.21510791098343723,0.01225,0,fsk|very_noisy|18500,0
dataset_v2_clean.0_benign_000069,0,benign,48000,0.042666666666666665,,,,0.421441040864144,0.421441040864144,ambient,42,2407127211,2140196919,dataset_v2_generator-1.2,dataset_v2_clean.0,,,,,,,ambient,0.2802216482724737,0.21175,0,benign|ambient|a40,0
dataset_v2_clean.0_chirp_000207,3,chirp,48000,0.042666666666666665,,28.685412954486218,clean,0.7657690491993405,0.8176397371972212,ambient,42,2839021651,2152842328,dataset_v2_generator-1.2,dataset_v2_clean.0,,,18166.03784634153,20735.192662941186,,6,,0.4244325209792115,0.041854166666666665,0,chirp|clean|18000_20500,0
dataset_v2_clean.0_ook_000135,2,ook,48000,0.042666666666666665,19327.339566826984,5.72472602641056,noisy,0.7408836031486434,0.9250554390108024,ambient,42,92748525,2360470921,dataset_v2_generator-1.2,dataset_v2_clean.0,34.87131604325333,,,,,,,0.33427492260645925,0.20702083333333332,0,ook|noisy|19500,0
dataset_v2_clean.0_benign_000466,0,benign,48000,0.042666666666666665,,,,0.611532309036315,2.61329211427783,white,42,505534539,164526842,dataset_v2_generator-1.2,dataset_v2_clean.0,,,,,,,band_limited_hiss,0.25727193303652585,0.004125,0,benign|band_limited_hiss|na|a60,0
dataset_v2_clean.0_chirp_000322,3,chirp,48000,0.042666666666666665,,25.158826543150017,clean,0.5731617799365752,0.6416263169889596,ambient,42,3454005877,3681646132,dataset_v2_generator-1.2,dataset_v2_clean.0,,,18076.530945963907,20426.20079913967,,5,,0.25129332795085874,0.185625,0,chirp|clean|18000_20500,0
dataset_v2_clean.0_ook_000025,2,ook,48000,0.042666666666666665,19249.457735934033,-3.8309171587319186,very_noisy,0.7989571756131689,1.0,ambient,42,3130447520,3213543118,dataset_v2_generator-1.2,dataset_v2_clean.0,39.618381091510884,,,,,,,0.39412745386330483,0.12452083333333333,0,ook|very_noisy|19000,0
dataset_v2_clean.0_ook_000117,2,ook,48000,0.042666666666666665,18344.017608245005,2.8777043934672433,noisy,0.9358940630934596,1.0,white,42,741938991,545208493,dataset_v2_generator-1.2,dataset_v2_clean.0,44.0637911499352,,,,,,,0.3349602649805557,0.17641666666666667,0,ook|noisy|18500,0
dataset_v2_clean.0_tone_000085,4,tone,48000,0.042666666666666665,19007.583222327336,-3.137272437318364,very_noisy,0.9117536855671207,1.0,ambient,42,2618799967,2876512098,dataset_v2_generator-1.2,dataset_v2_clean.0,,,,,,,,0.3417947930521033,0.11404166666666667,0,tone|very_noisy|19000,0
dataset_v2_clean.0_fsk_000209,1,fsk,48000,0.042666666666666665,19354.22339784318,-4.423274295488183,very_noisy,0.8376854609416855,1.0,ambient,42,14572200,1637273944,dataset_v2_generator-1.2,dataset_v2_clean.0,41.01284200228008,1268.4364079193765,,,,,,0.34982569993826684,0.29960416666666667,0,fsk|very_noisy|19500,0
dataset_v2_clean.0_chirp_000452,3,chirp,48000,0.042666666666666665,,17.9604791063973,moderate,0.6719423999221064,0.8196076749047236,ambient,42,3486743105,2112090965,dataset_v2_generator-1.2,dataset_v2_clean.0,,,18680.229646807773,20596.88862881214,,2,,0.3399225071965158,0.07154166666666667,0,chirp|moderate|18500_20500,0
dataset_v2_clean.0_fsk_000154,1,fsk,48000,0.042666666666666665,19670.763231936882,7.784614764828949,noisy,0.8050074021517539,1.0,white,42,2157689292,2368972350,dataset_v2_generator-1.2,dataset_v2_clean.0,42.63690994827199,628.665018737538,,,,,,0.3918366525928965,0.0148125,0,fsk|noisy|19500,0
dataset_v2_clean.0_benign_000326,0,benign,48000,0.042666666666666665,,,,0.2934979241603375,0.2934979241603375,ambient,42,2035170172,465917021,dataset_v2_generator-1.2,dataset_v2_clean.0,,,,,,,ambient,0.23454430755516295,0.16602083333333334,2,benign|ambient|a30,0
dataset_v2_clean.0_ook_000213,2,ook,48000,0.042666666666666665,19104.711774097646,9.181892405863044,noisy,0.6115717711865525,0.8314030551997447,ambient,42,3992275684,3422214088,dataset_v2_generator-1.2,dataset_v2_clean.0,69.68138109244732,,,,,,,0.3809619770967344,0.2006875,0,ook|noisy|19000,0
dataset_v2_clean.0_tone_000426,4,tone,48000,0.042666666666666665,19189.021785262674,4.4605220172389455,noisy,0.6007459062864409,1.0,ambient,42,2882605501,948552069,dataset_v2_generator-1.2,dataset_v2_clean.0,,,,,,,,0.34543260027697503,0.0335,0,tone|noisy|19000,0
dataset_v2_clean.0_chirp_000324,3,chirp,48000,0.042666666666666665,,11.844726228839422,moderate,0.8697166155076412,1.0,ambient,42,2564726007,4207697312,dataset_v2_generator-1.2,dataset_v2_clean.0,,,18980.11241055933,20265.758019676814,,6,,0.21774191073373142,0.07120833333333333,0,chirp|moderate|19000_20500,0
dataset_v2_clean.0_tone_000241,4,tone,48000,0.042666666666666665,18536.41660865574,6.871393264202534,noisy,0.6193215552801261,1.0,ambient,42,2635899237,4142612727,dataset_v2_generator-1.2,dataset_v2_clean.0,,,,,,,,0.27174286965308386,0.08097916666666667,0,tone|noisy|18500,0
dataset_v2_clean.0_fsk_000257,1,fsk,48000,0.042666666666666665,18721.567528602496,18.459073514072713,moderate,0.9917618371469978,1.0,ambient,42,3156612958,1933984479,dataset_v2_generator-1.2,dataset_v2_clean.0,30.127300688501435,2096.7099871449755,,,,,,0.2503533590371142,0.18720833333333334,0,fsk|moderate|18500,0
dataset_v2_clean.0_tone_000378,4,tone,48000,0.042666666666666665,19198.400362065335,22.096171435150833,clean,0.9592235083658893,1.0,ambient,42,4092264260,3156840020,dataset_v2_generator-1.2,dataset_v2_clean.0,,,,,,,,0.23821947099221272,0.10733333333333334,0,tone|clean|19000,0
dataset_v2_clean.0_benign_000173,0,benign,48000,0.042666666666666665,20356.295195044542,,,0.3437304689759455,0.3437304622351931,none,42,2601139509,2242276620,dataset_v2_generator-1.2,dataset_v2_clean.0,,,,,,,steady_ultrasonic_hum,0.296867783798179,0.22933333333333333,0,benign|steady_ultrasonic_hum|20500|a30,0
dataset_v2_clean.0_ook_000103,2,ook,48000,0.042666666666666665,19479.19323671829,15.119174123929955,moderate,0.9545916832678443,1.0,ambient,42,1452296884,225934101,dataset_v2_generator-1.2,dataset_v2_clean.0,59.62647431602025,,,,,,,0.3762621290161395,0.035916666666666666,0,ook|moderate|19500,0
dataset_v2_clean.0_chirp_000010,3,chirp,48000,0.042666666666666665,,20.884685610254948,clean,0.9262616821414382,1.0,white,42,1017324096,292569509,dataset_v2_generator-1.2,dataset_v2_clean.0,,,19188.616909055065,20223.47164151339,,7,,0.2875424893403125,0.23785416666666667,0,chirp|clean|19000_20000,0
dataset_v2_clean.0_tone_000188,4,tone,48000,0.042666666666666665,19791.373958047578,18.726793760842877,moderate,0.5555908119990202,0.6922487193394959,white,42,2529909141,78119654,dataset_v2_generator-1.2,dataset_v2_clean.0,,,,,,,,0.23803245255895394,0.11397916666666667,0,tone|moderate|20000,0
dataset_v2_clean.0_benign_000115,0,benign,48000,0.042666666666666665,,,,0.7483003518173681,3.0724241087989386,white,42,2253012159,3343035308,dataset_v2_generator-1.2,dataset_v2_clean.0,,,,,,,band_limited_hiss,0.35372213578295647,0.1940625,0,benign|band_limited_hiss|na|a70,0
dataset_v2_clean.0_tone_000074,4,tone,48000,0.042666666666666665,19453.793511950862,-4.694600035130162,very_noisy,0.9170631093700458,1.0,ambient,42,2092168960,881462102,dataset_v2_generator-1.2,dataset_v2_clean.0,,,,,,,,0.31919918777758355,0.18183333333333335,0,tone|very_noisy|19500,0
dataset_v2_clean.0_benign_000474,0,benign,48000,0.042666666666666665,20584.287495911987,,,0.29461646729834395,0.294616467168114,none,42,2696350491,466914920,dataset_v2_generator-1.2,dataset_v2_clean.0,,,,,,,steady_ultrasonic_hum,0.4240488832464119,0.2056875,0,benign|steady_ultrasonic_hum|20500|a30,0
dataset_v2_clean.0_ook_000239,2,ook,48000,0.042666666666666665,19204.507195593123,27.897283696390378,clean,0.8198155595925463,0.8709977755540267,white,42,1691931520,1348003254,dataset_v2_generator-1.2,dataset_v2_clean.0,59.075319858906425,,,,,,,0.24794663185850122,0.12445833333333334,0,ook|clean|19000,0
dataset_v2_clean.0_benign_000229,0,benign,48000,0.042666666666666665,,,,0.5461982433264895,0.5461982433264895,ambient,42,312886855,70864620,dataset_v2_generator-1.2,dataset_v2_clean.0,,,,,,,ambient,0.309277383881944,0.216375,0,benign|ambient|a50,0
dataset_v2_clean.0_tone_000365,4,tone,48000,0.042666666666666665,19678.469003001093,27.883062099640526,clean,0.9430447742941024,1.0,ambient,42,1091790681,3165466400,dataset_v2_generator-1.2,dataset_v2_clean.0,,,,,,,,0.2251716253885379,0.14527083333333332,0,tone|clean|19500,0
dataset_v2_clean.0_benign_000456,0,benign,48000,0.042666666666666665,,16.7083284486839,moderate,0.39112821001648734,0.42368634439675223,white,42,1262879036,86293804,dataset_v2_generator-1.2,dataset_v2_clean.0,,,,,,,ambient_hf_boost,0.2203796110866007,0.036145833333333335,0,benign|ambient_hf_boost|moderate,0
dataset_v2_clean.0_chirp_000290,3,chirp,48000,0.042666666666666665,,-1.1612005003670576,very_noisy,0.6012327240583063,1.0,white,42,3423312393,2744890126,dataset_v2_generator-1.2,dataset_v2_clean.0,,,18846.97993525259,20281.987995860105,,8,,0.4098851481375054,0.17241666666666666,0,chirp|very_noisy|19000_20500,0
dataset_v2_clean.0_chirp_000358,3,chirp,48000,0.042666666666666665,,6.676296154764288,noisy,0.8500265057620366,1.0,ambient,42,974034550,415434666,dataset_v2_generator-1.2,dataset_v2_clean.0,,,18092.140306884176,20207.257993480565,,5,,0.2444811633149296,0.0605625,0,chirp|noisy|18000_20000,0
dataset_v2_clean.0_ook_000332,2,ook,48000,0.042666666666666665,19754.489494878937,8.726629957802427,noisy,0.9250921362486788,1.0,ambient,42,3519281835,3884541936,dataset_v2_generator-1.2,dataset_v2_clean.0,45.36978122824048,,,,,,,0.27911018817709904,0.21872916666666667,0,ook|noisy|20000,0
dataset_v2_clean.0_benign_000102,0,benign,48000,0.042666666666666665,18238.625400474888,,,0.46942586497755384,0.4694258644379119,none,42,2121615156,2503154450,dataset_v2_generator-1.2,dataset_v2_clean.0,,,,,,,steady_ultrasonic_hum,0.23548696121375315,0.1645,0,benign|steady_ultrasonic_hum|18000|a50,0
dataset_v2_clean.0_benign_000054,0,benign,48000,0.042666666666666665,,,,0.5380318471893495,0.5380318471893495,ambient,42,2419256353,477937136,dataset_v2_generator-1.2,dataset_v2_clean.0,,,,,,,ambient,0.37764008159344437,0.14152083333333335,0,benign|ambient|a50,0
dataset_v2_clean.0_tone_000141,4,tone,48000,0.042666666666666665,18966.84307627975,9.058031487436217,noisy,0.9337028722011405,1.0,white,42,245727752,3853749448,dataset_v2_generator-1.2,dataset_v2_clean.0,,,,,,,,0.237814048583174,0.04125,0,tone|noisy|19000,0
dataset_v2_clean.0_ook_000105,2,ook,48000,0.042666666666666665,20729.820977185464,9.293675896039616,noisy,0.6619822601608693,0.9392415261172011,ambient,42,2015593506,2349758955,dataset_v2_generator-1.2,dataset_v2_clean.0,40.668966976025075,,,,,,,0.3525286162794993,0.09927083333333334,0,ook|noisy|20500,0
dataset_v2_clean.0_benign_000065,0,benign,48000,0.042666666666666665,,,,0.7388964449304574,2.9409017743540096,white,42,1285017917,460685948,dataset_v2_generator-1.2,dataset_v2_clean.0,,,,,,,band_limited_hiss,0.2401454452025148,0.13097916666666667,0,benign|band_limited_hiss|na|a70,0
dataset_v2_clean.0_ook_000129,2,ook,48000,0.042666666666666665,19777.55530607304,13.532383615843072,moderate,0.7782667844489475,0.9939773998524486,ambient,42,3998078680,138141815,dataset_v2_generator-1.2,dataset_v2_clean.0,31.332768980908718,,,,,,,0.3863375515904692,0.1341875,0,ook|moderate|20000,0
dataset_v2_clean.0_tone_000254,4,tone,48000,0.042666666666666665,20544.7411752337,18.69500046099439,moderate,0.7772303201606587,0.9277095658248807,ambient,42,3664982298,4222315313,dataset_v2_generator-1.2,dataset_v2_clean.0,,,,,,,,0.25818120933342986,0.18145833333333333,0,tone|moderate|20500,0
dataset_v2_clean.0_chirp_000162,3,chirp,48000,0.042666666666666665,,23.273809680945867,clean,0.5851119697170591,0.6569942576779867,ambient,42,2482405791,4030518689,dataset_v2_generator-1.2,dataset_v2_clean.0,,,18444.74905426734,20460.97244721276,,3,,0.2294682633354915,0.0540625,0,chirp|clean|18500_20500,0
dataset_v2_clean.0_tone_000039,4,tone,48000,0.042666666666666665,19972.123984537695,7.384500662881082,noisy,0.8760923767025193,1.0,ambient,42,3336421858,1221049573,dataset_v2_generator-1.2,dataset_v2_clean.0,,,,,,,,0.4108179273922437,0.36775,0,tone|noisy|20000,0
dataset_v2_clean.0_benign_000403,0,benign,48000,0.042666666666666665,20528.984746637758,,,0.5127407699950196,0.5127407692813564,none,42,3017983344,2991551734,dataset_v2_generator-1.2,dataset_v2_clean.0,,,,,,,steady_ultrasonic_hum,0.21857718952125862,0.09595833333333334,0,benign|steady_ultrasonic_hum|20500|a50,0
dataset_v2_clean.0_benign_000022,0,benign,48000,0.042666666666666665,,,,0.2311462556809094,0.2311462556809094,ambient,42,3300073225,2322922143,dataset_v2_generator-1.2,dataset_v2_clean.0,,,,,,,ambient,0.38893810150869973,0.18914583333333335,1,benign|ambient|a20,0
dataset_v2_clean.0_fsk_000370,1,fsk,48000,0.042666666666666665,19331.582867933477,1.233710207451164,very_noisy,0.9420590282978376,1.0,ambient,42,352604696,4003452304,dataset_v2_generator-1.2,dataset_v2_clean.0,37.83983653459401,1668.4171320665228,,,,,,0.41562485470392085,0.1043125,0,fsk|very_noisy|19500,0
dataset_v2_clean.0_tone_000316,4,tone,48000,0.042666666666666665,20336.938509847085,9.140391324540369,noisy,0.6212907584080802,1.0,white,42,2686506857,2044267552,dataset_v2_generator-1.2,dataset_v2_clean.0,,,,,,,,0.40008294597040683,0.0408125,0,tone|noisy|20500,0
dataset_v2_clean.0_tone_000075,4,tone,48000,0.042666666666666665,20801.0351808034,25.12663575470613,clean,0.6685258795853235,0.7395963974551034,ambient,42,2679063195,322783809,dataset_v2_generator-1.2,dataset_v2_clean.0,,,,,,,,0.337255677192866,0.19720833333333335,0,tone|clean|21000,0
dataset_v2_clean.0_chirp_000096,3,chirp,48000,0.042666666666666665,,13.587029202795522,moderate,0.629956091872401,0.9251908363928003,ambient,42,3170504065,141447554,dataset_v2_generator-1.2,dataset_v2_clean.0,,,18720.208395190628,20675.920414453754,,7,,0.4204147037712784,0.30191666666666667,0,chirp|moderate|18500_20500,0
dataset_v2_clean.0_chirp_000299,3,chirp,48000,0.042666666666666665,,16.66962718523454,moderate,0.6045882256914639,0.7967977164346532,white,42,3328454800,968297696,dataset_v2_generator-1.2,dataset_v2_clean.0,,,19065.073353487107,20827.89616570572,,8,,0.38631750249485436,0.19370833333333334,0,chirp|moderate|19000_21000,0
dataset_v2_clean.0_fsk_000041,1,fsk,48000,0.042666666666666665,19778.808075426536,11.772918442704777,moderate,0.7217478823386965,1.0,ambient,42,633531394,3071536981,dataset_v2_generator-1.2,dataset_v2_clean.0,18.798990422417354,865.8757131761049,,,,,,0.4083922217973193,0.3315,0,fsk|moderate|20000,0
dataset_v2_clean.0_chirp_000496,3,chirp,48000,0.042666666666666665,,0.6420288231615077,very_noisy,0.6858262317053787,1.0,ambient,42,244115614,692004620,dataset_v2_generator-1.2,dataset_v2_clean.0,,,18870.510044534876,20434.43150156115,,8,,0.22402037820424497,0.13220833333333334,0,chirp|very_noisy|19000_20500,0
dataset_v2_clean.0_ook_000370,2,ook,48000,0.042666666666666665,19839.102212314374,22.780766266849255,clean,0.8107088025047708,0.8850903817902502,white,42,2053823066,2417607937,dataset_v2_generator-1.2,dataset_v2_clean.0,37.5557523044367,,,,,,,0.24679457413923045,0.07720833333333334,0,ook|clean|20000,0
dataset_v2_clean.0_tone_000096,4,tone,48000,0.042666666666666665,18939.294317472963,9.288096167005385,noisy,0.9148686388943428,1.0,ambient,42,823040948,1782957838,dataset_v2_generator-1.2,dataset_v2_clean.0,,,,,,,,0.3498629134013619,0.07933333333333334,0,tone|noisy|19000,0
dataset_v2_clean.0_tone_000066,4,tone,48000,0.042666666666666665,19088.524386287354,11.981510195578569,moderate,0.7930926322164246,1.0,white,42,4252470554,3817817021,dataset_v2_generator-1.2,dataset_v2_clean.0,,,,,,,,0.26001223382900635,0.0548125,0,tone|moderate|19000,0
dataset_v2_clean.0_fsk_000001,1,fsk,48000,0.042666666666666665,19495.281943311933,14.377084022122192,moderate,0.9807031171276404,1.0,white,42,2134191843,3792606954,dataset_v2_generator-1.2,dataset_v2_clean.0,37.03726170514507,719.3961713879216,,,,,,0.28811050031325675,0.24070833333333333,0,fsk|moderate|19500,0
dataset_v2_clean.0_fsk_000054,1,fsk,48000,0.042666666666666665,18300.767976925366,3.2739598900200413,noisy,0.7915980348360869,1.0,ambient,42,834337713,3666744667,dataset_v2_generator-1.2,dataset_v2_clean.0,40.129401066973564,622.1448442182445,,,,,,0.41295849389935074,0.15291666666666667,0,fsk|noisy|18500,0
dataset_v2_clean.0_tone_000189,4,tone,48000,0.042666666666666665,19559.726492367146,24.309068918354782,clean,0.8004733447724934,0.8661735210656866,ambient,42,1881379125,1055113577,dataset_v2_generator-1.2,dataset_v2_clean.0,,,,,,,,0.42499255900373173,0.19739583333333333,0,tone|clean|19500,0
dataset_v2_clean.0_benign_000485,0,benign,48000,0.042666666666666665,19414.012575053228,,,0.5185420448649598,0.5185177279212384,none,42,2417606769,2784238189,dataset_v2_generator-1.2,dataset_v2_clean.0,,,,,,,steady_ultrasonic_hum,0.3187218892785359,0.03985416666666667,0,benign|steady_ultrasonic_hum|19500|a50,0
dataset_v2_clean.0_ook_000334,2,ook,48000,0.042666666666666665,20559.152771986024,16.550447549112008,moderate,0.6599110018426897,0.7704405944872659,white,42,3641313602,2216323941,dataset_v2_generator-1.2,dataset_v2_clean.0,43.10879827364518,,,,,,,0.3097742245275802,0.20754166666666668,0,ook|moderate|20500,0
dataset_v2_clean.0_benign_000270,0,benign,48000,0.042666666666666665,,,,0.4638714480164895,1.9352900712322836,white,42,2622394907,3031751394,dataset_v2_generator-1.2,dataset_v2_clean.0,,,,,,,band_limited_hiss,0.27450990937884956,0.0519375,0,benign|band_limited_hiss|na|a50,0
dataset_v2_clean.0_ook_000166,2,ook,48000,0.042666666666666665,19974.552958750566,2.4713841043395277,noisy,0.8562045233742963,1.0,white,42,1015840857,2361301947,dataset_v2_generator-1.2,dataset_v2_clean.0,54.050979700363115,,,,,,,0.298491789878479,0.2514375,0,ook|noisy|20000,0
dataset_v2_clean.0_tone_000072,4,tone,48000,0.042666666666666665,18738.324971547325,9.607750333024612,noisy,0.7600617470058824,1.0,white,42,4203744767,1273322159,dataset_v2_generator-1.2,dataset_v2_clean.0,,,,,,,,0.31590523584946323,0.25614583333333335,0,tone|noisy|18500,0
dataset_v2_clean.0_ook_000387,2,ook,48000,0.042666666666666665,20196.098881945993,17.229255914211514,moderate,0.605456524122798,0.7422066621645544,white,42,1951720319,3183592747,dataset_v2_generator-1.2,dataset_v2_clean.0,30.05112528287325,,,,,,,0.29300210612840466,0.1464375,0,ook|moderate|20000,0
dataset_v2_clean.0_benign_000232,0,benign,48000,0.042666666666666665,19492.52405185594,,,0.5224435614198876,0.5224435599014461,none,42,924975334,3183311842,dataset_v2_generator-1.2,dataset_v2_clean.0,,,,,,,steady_ultrasonic_hum,0.41311026704921544,0.34810416666666666,0,benign|steady_ultrasonic_hum|19500|a50,0
dataset_v2_clean.0_tone_000313,4,tone,48000,0.042666666666666665,20270.812147484045,26.27404340890806,clean,0.6754063782947044,0.7556393707130373,white,42,4043006063,2253406225,dataset_v2_generator-1.2,dataset_v2_clean.0,,,,,,,,0.3159020247763251,0.20452083333333335,0,tone|clean|20500,0
dataset_v2_clean.0_fsk_000226,1,fsk,48000,0.042666666666666665,19661.57898816692,10.414621718424316,moderate,0.5666956057287669,0.9965675615435047,white,42,4279665463,2066079187,dataset_v2_generator-1.2,dataset_v2_clean.0,43.90330070520508,1338.4210118330811,,,,,,0.2699128003302039,0.05979166666666667,0,fsk|moderate|19500,0
dataset_v2_clean.0_ook_000403,2,ook,48000,0.042666666666666665,19190.856235653016,8.246695894416167,noisy,0.7034258345418232,1.0,white,42,3655787869,2191421157,dataset_v2_generator-1.2,dataset_v2_clean.0,32.08082178718777,,,,,,,0.37813871513859726,0.26266666666666666,0,ook|noisy|19000,0
dataset_v2_clean.0_tone_000328,4,tone,48000,0.042666666666666665,19770.34472676764,-2.7433617887013053,very_noisy,0.8527826566293187,1.0,white,42,1496243145,1586356638,dataset_v2_generator-1.2,dataset_v2_clean.0,,,,,,,,0.40741863263946787,0.09566666666666666,0,tone|very_noisy|20000,0
dataset_v2_clean.0_chirp_000384,3,chirp,48000,0.042666666666666665,,19.741148375769072,moderate,0.977711089980321,1.0,white,42,2094942900,1647196862,dataset_v2_generator-1.2,dataset_v2_clean.0,,,18389.722466966527,20981.802528258788,,6,,0.39773535010018946,0.22366666666666668,0,chirp|moderate|18500_21000,0
dataset_v2_clean.0_fsk_000038,1,fsk,48000,0.042666666666666665,19030.623105950937,10.390053067947116,moderate,0.9666312506141859,1.0,white,42,485281044,4041841091,dataset_v2_generator-1.2,dataset_v2_clean.0,72.79989394865943,693.7630369661638,,,,,,0.3360049991097925,0.26108333333333333,0,fsk|moderate|19000,0
dataset_v2_clean.0_benign_000191,0,benign,48000,0.042666666666666665,20104.028107310718,,,0.31854355347698365,0.31854355182664845,none,42,96970181,3303753108,dataset_v2_generator-1.2,dataset_v2_clean.0,,,,,,,steady_ultrasonic_hum,0.3571595278154917,0.005229166666666667,0,benign|steady_ultrasonic_hum|20000|a30,0
dataset_v2_clean.0_benign_000203,0,benign,48000,0.042666666666666665,20872.13196153823,,,0.3622000829943316,0.36220008222926126,none,42,1639826184,4222259914,dataset_v2_generator-1.2,dataset_v2_clean.0,,,,,,,steady_ultrasonic_hum,0.41653739583786786,0.081375,0,benign|steady_ultrasonic_hum|21000|a40,0
dataset_v2_clean.0_fsk_000311,1,fsk,48000,0.042666666666666665,19786.321881644617,25.309185248649293,clean,0.8036620288910075,0.8735003995810924,ambient,42,217667354,2010824640,dataset_v2_generator-1.2,dataset_v2_clean.0,19.883349900767318,1213.678118355383,,,,,,0.24380929190575534,0.1305,0,fsk|clean|20000,0
dataset_v2_clean.0_chirp_000223,3,chirp,48000,0.042666666666666665,,22.156272962128988,clean,0.6424748460753722,0.7174840666658495,ambient,42,1273615969,1509625022,dataset_v2_generator-1.2,dataset_v2_clean.0,,,18400.319756291883,20552.293729716068,,5,,0.29474960290002206,0.025604166666666667,0,chirp|clean|18500_20500,0
dataset_v2_clean.0_benign_000406,0,benign,48000,0.042666666666666665,,5.402676309407504,noisy,0.4422919421204705,0.6043529677520763,white,42,1038485698,277094915,dataset_v2_generator-1.2,dataset_v2_clean.0,,,,,,,ambient_hf_boost,0.3889497406578201,0.026125,0,benign|ambient_hf_boost|noisy,0
dataset_v2_clean.0_ook_000001,2,ook,48000,0.042666666666666665,19595.616391384567,-0.5143710250310436,very_noisy,0.9530016290723785,1.0,ambient,42,1385871029,768476226,dataset_v2_generator-1.2,dataset_v2_clean.0,67.31065039668711,,,,,,,0.31196853359444876,0.16125,0,ook|very_noisy|19500,0
dataset_v2_clean.0_fsk_000287,1,fsk,48000,0.042666666666666665,18399.54497592934,1.946731436808351,very_noisy,0.9375555791866075,1.0,white,42,461898148,2462239788,dataset_v2_generator-1.2,dataset_v2_clean.0,48.623591345936084,2195.432556857155,,,,,,0.27651409166918817,0.0413125,0,fsk|very_noisy|18500,0
dataset_v2_clean.0_tone_000323,4,tone,48000,0.042666666666666665,19366.145931506755,-1.2623258809624769,very_noisy,0.7861038439012049,1.0,white,42,1943453423,257168182,dataset_v2_generator-1.2,dataset_v2_clean.0,,,,,,,,0.23099574759098493,0.17083333333333334,0,tone|very_noisy|19500,0
dataset_v2_clean.0_fsk_000010,1,fsk,48000,0.042666666666666665,19192.00724455474,25.183705146731597,clean,0.7106679285262717,0.8191302048700961,white,42,2052318847,3610168554,dataset_v2_generator-1.2,dataset_v2_clean.0,27.68508644260517,880.2768313935157,,,,,,0.33057958062254716,0.06904166666666667,0,fsk|clean|19000,0
dataset_v2_clean.0_fsk_000129,1,fsk,48000,0.042666666666666665,19779.017587472474,20.80977731552549,clean,0.5686001679185985,0.6768773339731726,white,42,1995687540,3634894608,dataset_v2_generator-1.2,dataset_v2_clean.0,59.629950070618804,1220.9824125275263,,,,,,0.3798587274746981,0.3055833333333333,0,fsk|clean|20000,0
dataset_v2_clean.0_benign_000198,0,benign,48000,0.042666666666666665,20163.03678573559,,,0.42002203479287237,0.4200220347896287,none,42,4283271429,1375033383,dataset_v2_generator-1.2,dataset_v2_clean.0,,,,,,,steady_ultrasonic_hum,0.3979407067655976,0.3144166666666667,0,benign|steady_ultrasonic_hum|20000|a40,0
dataset_v2_clean.0_chirp_000192,3,chirp,48000,0.042666666666666665,,24.78294341781936,clean,0.6815983116395851,0.7450975734403886,ambient,42,1910406031,905762680,dataset_v2_generator-1.2,dataset_v2_clean.0,,,18485.105938064327,20852.39090682009,,3,,0.3014534726386769,0.15820833333333334,0,chirp|clean|18500_21000,0
dataset_v2_clean.0_tone_000386,4,tone,48000,0.042666666666666665,19688.29634014451,8.693705158361492,noisy,0.9377998691573302,1.0,ambient,42,3237187811,749033021,dataset_v2_generator-1.2,dataset_v2_clean.0,,,,,,,,0.39247681584559313,0.07041666666666667,0,tone|noisy|19500,0
dataset_v2_clean.0_ook_000432,2,ook,48000,0.042666666666666665,18389.93950275591,-3.5307712938139297,very_noisy,0.8216948587207672,1.0,white,42,3042951099,3502991621,dataset_v2_generator-1.2,dataset_v2_clean.0,54.702070797245504,,,,,,,0.37643486162650575,0.11933333333333333,0,ook|very_noisy|18500,0
dataset_v2_clean.0_chirp_000278,3,chirp,48000,0.042666666666666665,,21.460348899457376,clean,0.8019237351774405,0.939552443497317,ambient,42,1713274496,273751337,dataset_v2_generator-1.2,dataset_v2_clean.0,,,19052.323131830937,20744.329260283987,,6,,0.3891221896387651,0.109125,0,chirp|clean|19000_20500,0
dataset_v2_clean.0_ook_000376,2,ook,48000,0.042666666666666665,19397.148815470006,12.85183430704006,moderate,0.7130826978791662,0.8616961141357642,ambient,42,2011994593,573677102,dataset_v2_generator-1.2,dataset_v2_clean.0,53.18508282876043,,,,,,,0.21679176369056408,0.13416666666666666,0,ook|moderate|19500,0
dataset_v2_clean.0_ook_000221,2,ook,48000,0.042666666666666665,19544.037796613185,15.131425665650838,moderate,0.9332866087406626,1.0,white,42,2643138278,1435933424,dataset_v2_generator-1.2,dataset_v2_clean.0,45.97406426852941,,,,,,,0.38754901398404035,0.21516666666666667,0,ook|moderate|19500,0
dataset_v2_clean.0_tone_000370,4,tone,48000,0.042666666666666665,19631.677704275084,14.155114780730198,moderate,0.9321113156881227,1.0,white,42,3444950789,4014558530,dataset_v2_generator-1.2,dataset_v2_clean.0,,,,,,,,0.24990221051916556,0.005229166666666667,0,tone|moderate|19500,0
dataset_v2_clean.0_chirp_000042,3,chirp,48000,0.042666666666666665,,25.539333006939238,clean,0.8286569632183265,0.9249014498576558,white,42,960565505,331519730,dataset_v2_generator-1.2,dataset_v2_clean.0,,,18972.445596937712,20631.850206104053,,6,,0.41762040159283925,0.0022708333333333335,0,chirp|clean|19000_20500,0
dataset_v2_clean.0_chirp_000419,3,chirp,48000,0.042666666666666665,,2.7789173137715384,noisy,0.7549051900459861,1.0,white,42,872133676,1387015552,dataset_v2_generator-1.2,dataset_v2_clean.0,,,18576.29346076383,20605.72820584186,,3,,0.2737087768888959,0.2086875,0,chirp|noisy|18500_20500,0
dataset_v2_clean.0_benign_000366,0,benign,48000,0.042666666666666665,,,,0.19401468630638818,0.19401468630638818,ambient,42,3895342672,2837098269,dataset_v2_generator-1.2,dataset_v2_clean.0,,,,,,,ambient,0.35189274395446574,0.12358333333333334,1,benign|ambient|a20,0
dataset_v2_clean.0_benign_000254,0,benign,48000,0.042666666666666665,,13.756107715524475,moderate,0.3004926498216267,0.3594418594961008,white,42,1886436182,3023799420,dataset_v2_generator-1.2,dataset_v2_clean.0,,,,,,,ambient_hf_boost,0.30784805137256843,0.12789583333333332,0,benign|ambient_hf_boost|moderate,0
dataset_v2_clean.0_chirp_000119,3,chirp,48000,0.042666666666666665,,-1.3915314476938185,very_noisy,0.9258725526665966,1.0,white,42,2468648789,3334176215,dataset_v2_generator-1.2,dataset_v2_clean.0,,,18349.402900007073,20598.335166667,,7,,0.4197242410206925,0.08147916666666667,0,chirp|very_noisy|18500_20500,0
dataset_v2_clean.0_tone_000202,4,tone,48000,0.042666666666666665,19909.09390232933,4.490842199205561,noisy,0.8583044892815139,1.0,white,42,101098439,1896765491,dataset_v2_generator-1.2,dataset_v2_clean.0,,,,,,,,0.31623344297510425,0.13883333333333334,0,tone|noisy|20000,0
dataset_v2_clean.0_fsk_000042,1,fsk,48000,0.042666666666666665,19508.751222163162,27.65976964341369,clean,0.6126713276957243,0.6476769716914652,ambient,42,1088153248,896331821,dataset_v2_generator-1.2,dataset_v2_clean.0,82.48011712508244,829.8848112620908,,,,,,0.41344070485227075,0.23810416666666667,0,fsk|clean|19500,0
dataset_v2_clean.0_fsk_000137,1,fsk,48000,0.042666666666666665,19358.637344932857,23.604774424819816,clean,0.6065363077084797,0.6763767251865956,ambient,42,28394346,3532743019,dataset_v2_generator-1.2,dataset_v2_clean.0,82.90495245347259,440.1963732305376,,,,,,0.372167020162991,0.0946875,0,fsk|clean|19500,0
dataset_v2_clean.0_chirp_000011,3,chirp,48000,0.042666666666666665,,6.200562771808956,noisy,0.7954859746624175,1.0,white,42,717998702,856026915,dataset_v2_generator-1.2,dataset_v2_clean.0,,,18368.27931510237,20498.53542056156,,2,,0.41387792427260395,0.30085416666666664,0,chirp|noisy|18500_20500,0
dataset_v2_clean.0_tone_000392,4,tone,48000,0.042666666666666665,20521.82430133444,25.386136798268375,clean,0.9804501225692599,1.0,ambient,42,3306539587,2132576424,dataset_v2_generator-1.2,dataset_v2_clean.0,,,,,,,,0.23069335739086824,0.015354166666666667,0,tone|clean|20500,0
dataset_v2_clean.0_fsk_000019,1,fsk,48000,0.042666666666666665,18590.90275290828,28.436784010668582,clean,0.7472121221599547,0.7909321026152167,ambient,42,3274451997,1847994383,dataset_v2_generator-1.2,dataset_v2_clean.0,56.57845385093735,1605.2762036995555,,,,,,0.29496308254878423,0.044895833333333336,0,fsk|clean|18500,0
dataset_v2_clean.0_chirp_000264,3,chirp,48000,0.042666666666666665,,-2.69571359633869,very_noisy,0.7057082383296706,1.0,white,42,1811810237,2921706322,dataset_v2_generator-1.2,dataset_v2_clean.0,,,18311.594579095796,20411.718618364277,,5,,0.2279537522571715,0.1658125,0,chirp|very_noisy|18500_20500,0
dataset_v2_clean.0_chirp_000092,3,chirp,48000,0.042666666666666665,,13.503208864072768,moderate,0.6759563403181093,0.9545834998021612,ambient,42,769803416,2062502059,dataset_v2_generator-1.2,dataset_v2_clean.0,,,18126.336582611668,20248.89501522645,,7,,0.34839878495052173,0.09072916666666667,0,chirp|moderate|18000_20000,0
dataset_v2_clean.0_fsk_000099,1,fsk,48000,0.042666666666666665,19735.157749140504,11.404935118544437,moderate,0.6582736757378438,0.9550821911979712,ambient,42,2992951274,3925740632,dataset_v2_generator-1.2,dataset_v2_clean.0,77.84799555235924,1264.8422508594958,,,,,,0.34581894736622276,0.0344375,0,fsk|moderate|19500,0
dataset_v2_clean.0_tone_000330,4,tone,48000,0.042666666666666665,20750.883170216453,22.774025802114764,clean,0.590288550549931,0.6881581417370234,white,42,759393143,3225080552,dataset_v2_generator-1.2,dataset_v2_clean.0,,,,,,,,0.27349495477950814,0.025270833333333333,0,tone|clean|21000,0
dataset_v2_clean.0_tone_000269,4,tone,48000,0.042666666666666665,20000.38388934526,11.687812482667479,moderate,0.5506306703214018,0.8268919791584687,ambient,42,1153414993,2178343427,dataset_v2_generator-1.2,dataset_v2_clean.0,,,,,,,,0.2951507444351746,0.13320833333333335,0,tone|moderate|20000,0
dataset_v2_clean.0_tone_000018,4,tone,48000,0.042666666666666665,19389.51302702941,23.740243756833983,clean,0.6961887138512065,0.8069110192486503,white,42,4067078060,333782653,dataset_v2_generator-1.2,dataset_v2_clean.0,,,,,,,,0.30392384227240565,0.10552083333333333,0,tone|clean|19500,0
dataset_v2_clean.0_benign_000075,0,benign,48000,0.042666666666666665,19788.735087983496,,,0.44837061734022804,0.44837061712286874,none,42,1654786644,1750723848,dataset_v2_generator-1.2,dataset_v2_clean.0,,,,,,,steady_ultrasonic_hum,0.3769442226516812,0.2785625,0,benign|steady_ultrasonic_hum|20000|a40,0
dataset_v2_clean.0_chirp_000093,3,chirp,48000,0.042666666666666665,,29.028278402204247,clean,0.6663051511245599,0.6997470717926373,ambient,42,3831081284,2676130346,dataset_v2_generator-1.2,dataset_v2_clean.0,,,18887.33373928816,20333.350309607624,,2,,0.3693729615938707,0.043875,0,chirp|clean|19000_20500,0
dataset_v2_clean.0_ook_000470,2,ook,48000,0.042666666666666665,18635.30155714165,24.3796770395917,clean,0.667394630002076,0.708410904204726,ambient,42,3767423840,539359568,dataset_v2_generator-1.2,dataset_v2_clean.0,49.00385740128942,,,,,,,0.4210120044055745,0.0196875,0,ook|clean|18500,0
dataset_v2_clean.0_benign_000308,0,benign,48000,0.042666666666666665,,19.6520809746109,moderate,0.5867393068409821,0.6158756325714947,white,42,1077076554,764821154,dataset_v2_generator-1.2,dataset_v2_clean.0,,,,,,,ambient_hf_boost,0.42226176946156624,0.234625,0,benign|ambient_hf_boost|moderate,0
dataset_v2_clean.0_tone_000056,4,tone,48000,0.042666666666666665,19049.848410908955,9.129684530423559,noisy,0.8868838058343829,1.0,ambient,42,428419871,3118541495,dataset_v2_generator-1.2,dataset_v2_clean.0,,,,,,,,0.3198843293416392,0.0253125,0,tone|noisy|19000,0
dataset_v2_clean.0_benign_000051,0,benign,48000,0.042666666666666665,,20.725257006505895,clean,0.399590563627218,0.4219839675657673,white,42,2437065808,1586801874,dataset_v2_generator-1.2,dataset_v2_clean.0,,,,,,,ambient_hf_boost,0.2961660884821461,0.1584375,0,benign|ambient_hf_boost|clean,0
dataset_v2_clean.0_chirp_000415,3,chirp,48000,0.042666666666666665,,19.372248785278295,moderate,0.7968812851665817,0.9487857289689798,ambient,42,505201009,1094592371,dataset_v2_generator-1.2,dataset_v2_clean.0,,,19134.58880146292,20631.73305129611,,3,,0.4005576174526407,0.036395833333333336,0,chirp|moderate|19000_20500,0
dataset_v2_clean.0_tone_000000,4,tone,48000,0.042666666666666665,19791.703904936134,0.3922120639964115,very_noisy,0.6750444548995114,1.0,white,42,964687612,3013295427,dataset_v2_generator-1.2,dataset_v2_clean.0,,,,,,,,0.3944322082535653,0.22045833333333334,0,tone|very_noisy|20000,0
dataset_v2_clean.0_tone_000473,4,tone,48000,0.042666666666666665,19957.60572041156,14.701002892992383,moderate,0.9087868125309395,1.0,white,42,1142448869,1609227805,dataset_v2_generator-1.2,dataset_v2_clean.0,,,,,,,,0.2428453414176057,0.16760416666666667,0,tone|moderate|20000,0
dataset_v2_clean.0_tone_000121,4,tone,48000,0.042666666666666665,20684.778125445355,-3.1486821182105484,very_noisy,0.8028932326531557,1.0,white,42,408293064,660994095,dataset_v2_generator-1.2,dataset_v2_clean.0,,,,,,,,0.3602663257626368,0.2685208333333333,0,tone|very_noisy|20500,0
dataset_v2_clean.0_fsk_000307,1,fsk,48000,0.042666666666666665,18627.620337208624,8.687121059881745,noisy,0.6126400349940452,1.0,white,42,1551363754,176605790,dataset_v2_generator-1.2,dataset_v2_clean.0,22.627898690444777,1596.4588417786654,,,,,,0.316872730523364,0.24247916666666666,0,fsk|noisy|18500,0
dataset_v2_clean.0_fsk_000012,1,fsk,48000,0.042666666666666665,19752.383114221135,13.40005161569193,moderate,0.715215000942552,1.0,ambient,42,2638278883,2512852426,dataset_v2_generator-1.2,dataset_v2_clean.0,15.449559400769816,1247.6168857788653,,,,,,0.4118083851087266,0.13479166666666667,0,fsk|moderate|20000,0
dataset_v2_clean.0_tone_000030,4,tone,48000,0.042666666666666665,19722.353270482778,22.210567288052356,clean,0.759907473288834,0.9110376854640496,white,42,468210442,1898497332,dataset_v2_generator-1.2,dataset_v2_clean.0,,,,,,,,0.38928993514258725,0.0049375,0,tone|clean|19500,0
dataset_v2_clean.0_tone_000443,4,tone,48000,0.042666666666666665,19836.887456192435,15.860194910186056,moderate,0.9096570518349509,1.0,ambient,42,2073577031,826193295,dataset_v2_generator-1.2,dataset_v2_clean.0,,,,,,,,0.30549357324572873,0.17070833333333332,0,tone|moderate|20000,0
dataset_v2_clean.0_benign_000133,0,benign,48000,0.042666666666666665,,,,0.7329531001105575,2.7652775268800314,white,42,3919951666,3673382999,dataset_v2_generator-1.2,dataset_v2_clean.0,,,,,,,band_limited_hiss,0.3633723161867998,0.24741666666666667,0,benign|band_limited_hiss|na|a70,0
dataset_v2_clean.0_fsk_000263,1,fsk,48000,0.042666666666666665,18207.25401145955,3.752254908661838,noisy,0.6588763521856313,1.0,ambient,42,4102706612,2759782023,dataset_v2_generator-1.2,dataset_v2_clean.0,47.2971852169505,2071.8266495094285,,,,,,0.3018918689433381,0.1355625,0,fsk|noisy|18000,0
dataset_v2_clean.0_tone_000133,4,tone,48000,0.042666666666666665,18492.25724285774,19.2763642762436,moderate,0.7084106946135249,0.8736323956073087,ambient,42,2850164877,3579281387,dataset_v2_generator-1.2,dataset_v2_clean.0,,,,,,,,0.40508779040699056,0.0020208333333333332,0,tone|moderate|18500,0
dataset_v2_clean.0_chirp_000310,3,chirp,48000,0.042666666666666665,,24.66902104470678,clean,0.5979354533682547,0.6539330016324342,ambient,42,2291769266,2915927416,dataset_v2_generator-1.2,dataset_v2_clean.0,,,19019.25907951634,20999.56300730849,,3,,0.3658238865970632,0.0032291666666666666,0,chirp|clean|19000_21000,0
dataset_v2_clean.0_fsk_000132,1,fsk,48000,0.042666666666666665,18712.485488025697,-0.7583767123337992,very_noisy,0.8353923062385598,1.0,white,42,3707482840,3740473400,dataset_v2_generator-1.2,dataset_v2_clean.0,22.422177277942694,555.5409155832749,,,,,,0.4209441037904007,0.2891875,0,fsk|very_noisy|18500,0
dataset_v2_clean.0_tone_000227,4,tone,48000,0.042666666666666665,20610.173849450737,28.127824840021493,clean,0.8642996083872024,0.9370559744630845,white,42,3807083926,802720934,dataset_v2_generator-1.2,dataset_v2_clean.0,,,,,,,,0.2706115173731354,0.0446875,0,tone|clean|20500,0
dataset_v2_clean.0_chirp_000364,3,chirp,48000,0.042666666666666665,,21.260360087052607,clean,0.8816948564051925,1.0,white,42,1832606689,3521610484,dataset_v2_generator-1.2,dataset_v2_clean.0,,,19234.92512268789,20880.33532156993,,3,,0.26121034801684073,0.05570833333333333,0,chirp|clean|19000_21000,0
dataset_v2_clean.0_chirp_000338,3,chirp,48000,0.042666666666666665,,3.4180660282890907,noisy,0.7297783156551954,1.0,ambient,42,2959799411,2155483774,dataset_v2_generator-1.2,dataset_v2_clean.0,,,18379.239265103035,20444.439946997252,,5,,0.26040612698892224,0.12416666666666666,0,chirp|noisy|18500_20500,0
dataset_v2_clean.0_ook_000405,2,ook,48000,0.042666666666666665,20363.360468023668,11.83691582755187,moderate,0.7574262992789398,0.9823568442460291,ambient,42,4206794119,1000667846,dataset_v2_generator-1.2,dataset_v2_clean.0,37.272037755260065,,,,,,,0.25962511815606,0.1403125,0,ook|moderate|20500,0
dataset_v2_clean.0_tone_000091,4,tone,48000,0.042666666666666665,20681.0799022518,26.084709287414345,clean,0.7805674900829267,0.8655747172597955,white,42,2197946800,1558775181,dataset_v2_generator-1.2,dataset_v2_clean.0,,,,,,,,0.4089574482186645,0.015083333333333334,0,tone|clean|20500,0
dataset_v2_clean.0_ook_000425,2,ook,48000,0.042666666666666665,18638.68476455295,0.4674297078092966,very_noisy,0.6988283784954041,1.0,ambient,42,2234782035,2828817826,dataset_v2_generator-1.2,dataset_v2_clean.0,67.54847796162994,,,,,,,0.41311108838367755,0.10758333333333334,0,ook|very_noisy|18500,0
dataset_v2_clean.0_fsk_000320,1,fsk,48000,0.042666666666666665,19176.01435269124,4.4763107855622195,noisy,0.8587202193969347,1.0,white,42,2359203031,938776083,dataset_v2_generator-1.2,dataset_v2_clean.0,20.67823862584386,1288.2503598049407,,,,,,0.26771598075585595,0.020020833333333335,0,fsk|noisy|19000,0
dataset_v2_clean.0_fsk_000377,1,fsk,48000,0.042666666666666665,18478.7159016657,8.171594447266937,noisy,0.9306934817779808,1.0,ambient,42,2206378837,4071447169,dataset_v2_generator-1.2,dataset_v2_clean.0,85.2631091697242,1215.9544730113012,,,,,,0.2495352499498061,0.0609375,0,fsk|noisy|18500,0
dataset_v2_clean.0_fsk_000412,1,fsk,48000,0.042666666666666665,19275.695737246693,2.8401111649897643,noisy,0.7315125264802778,1.0,ambient,42,981163596,2748819495,dataset_v2_generator-1.2,dataset_v2_clean.0,45.42765770706846,1724.3042627533068,,,,,,0.32042260750160856,0.017458333333333333,0,fsk|noisy|19500,0
dataset_v2_clean.0_benign_000382,0,benign,48000,0.042666666666666665,,7.790461541677892,noisy,0.4234355280235621,0.5832476651847027,white,42,926328530,185470723,dataset_v2_generator-1.2,dataset_v2_clean.0,,,,,,,ambient_hf_boost,0.40748251020556847,0.15104166666666666,0,benign|ambient_hf_boost|noisy,0
dataset_v2_clean.0_benign_000376,0,benign,48000,0.042666666666666665,19163.190008937665,,,0.27773501367069386,0.2777350134768366,none,42,3195774577,2788630505,dataset_v2_generator-1.2,dataset_v2_clean.0,,,,,,,steady_ultrasonic_hum,0.34292786858051694,0.034791666666666665,0,benign|steady_ultrasonic_hum|19000|a30,0
dataset_v2_clean.0_tone_000033,4,tone,48000,0.042666666666666665,18997.133042155227,8.574924700319556,noisy,0.6191300405185647,1.0,ambient,42,18553836,216242220,dataset_v2_generator-1.2,dataset_v2_clean.0,,,,,,,,0.3683111720270486,0.29875,0,tone|noisy|19000,0
dataset_v2_clean.0_fsk_000479,1,fsk,48000,0.042666666666666665,18456.02690501867,19.013167581437646,moderate,0.889063460784467,1.0,ambient,42,1272351824,355541899,dataset_v2_generator-1.2,dataset_v2_clean.0,22.976252595926226,1642.832987363745,,,,,,0.3117211393034801,0.13845833333333332,0,fsk|moderate|18500,0
dataset_v2_clean.0_tone_000446,4,tone,48000,0.042666666666666665,20167.91239445633,16.267793383724136,moderate,0.7168633343384696,0.9823804658349806,white,42,3423503377,2503157395,dataset_v2_generator-1.2,dataset_v2_clean.0,,,,,,,,0.24253115522500823,0.072375,0,tone|moderate|20000,0
dataset_v2_clean.0_fsk_000399,1,fsk,48000,0.042666666666666665,19585.859377563633,2.940562083477145,noisy,0.8120620007238786,1.0,ambient,42,2154425312,3248222426,dataset_v2_generator-1.2,dataset_v2_clean.0,63.285777073089356,708.9168512007673,,,,,,0.29943710041118077,0.0304375,0,fsk|noisy|19500,0
dataset_v2_clean.0_fsk_000391,1,fsk,48000,0.042666666666666665,18240.617290295675,-0.6795753028762626,very_noisy,0.9337213642021729,1.0,white,42,48118954,4143111013,dataset_v2_generator-1.2,dataset_v2_clean.0,80.44617575626471,2128.192026312394,,,,,,0.3982874229511622,0.13825,0,fsk|very_noisy|18000,0
dataset_v2_clean.0_benign_000176,0,benign,48000,0.042666666666666665,,,,0.35528703369956294,0.35528703369956294,ambient,42,2926003657,3198822010,dataset_v2_generator-1.2,dataset_v2_clean.0,,,,,,,ambient,0.4200565502342183,0.10541666666666667,0,benign|ambient|a40,0
dataset_v2_clean.0_benign_000426,0,benign,48000,0.042666666666666665,19385.494150640887,,,0.25882009341598355,0.2588200926610307,none,42,1414371050,3116375929,dataset_v2_generator-1.2,dataset_v2_clean.0,,,,,,,steady_ultrasonic_hum,0.29650557551477563,0.19525,0,benign|steady_ultrasonic_hum|19500|a30,0
dataset_v2_clean.0_fsk_000396,1,fsk,48000,0.042666666666666665,19398.945122656307,-2.8427570667311315,very_noisy,0.8663731642484662,1.0,white,42,3090437594,1882039730,dataset_v2_generator-1.2,dataset_v2_clean.0,86.12355321517427,595.9916498966886,,,,,,0.220478645881333,0.11789583333333334,0,fsk|very_noisy|19500,0
dataset_v2_clean.0_tone_000139,4,tone,48000,0.042666666666666665,20946.667541617975,6.543351486860324,noisy,0.6984356719818723,1.0,white,42,9274171,1413352665,dataset_v2_generator-1.2,dataset_v2_clean.0,,,,,,,,0.42476572386556927,0.058583333333333334,0,tone|noisy|21000,0
dataset_v2_clean.0_chirp_000333,3,chirp,48000,0.042666666666666665,,18.493319880308725,moderate,0.7087379940300456,0.8695146520003624,ambient,42,1891263814,398052212,dataset_v2_generator-1.2,dataset_v2_clean.0,,,18577.714860835138,20473.334048284578,,6,,0.27781437058656455,0.23214583333333333,0,chirp|moderate|18500_20500,0
dataset_v2_clean.0_ook_000396,2,ook,48000,0.042666666666666665,19868.225668008556,-3.764527321056275,very_noisy,0.8920826285501176,1.0,ambient,42,1965592790,2213327824,dataset_v2_generator-1.2,dataset_v2_clean.0,69.2870981774178,,,,,,,0.22367242262792666,0.17545833333333333,0,ook|very_noisy|20000,0
dataset_v2_clean.0_tone_000425,4,tone,48000,0.042666666666666665,18391.034060622373,10.745332680141377,moderate,0.7589150712393492,1.0,ambient,42,412695828,3257961386,dataset_v2_generator-1.2,dataset_v2_clean.0,,,,,,,,0.3587754601108685,0.2790416666666667,0,tone|moderate|18500,0
dataset_v2_clean.0_ook_000270,2,ook,48000,0.042666666666666665,18408.45553747397,18.29888154499821,moderate,0.9400830688372919,1.0,ambient,42,133767518,2880708564,dataset_v2_generator-1.2,dataset_v2_clean.0,49.763100130073155,,,,,,,0.3860002579382351,0.1205625,0,ook|moderate|18500,0
dataset_v2_clean.0_fsk_000197,1,fsk,48000,0.042666666666666665,19780.5427702608,23.960490400341406,clean,0.8678817318400451,0.9473896182412634,ambient,42,3422702723,1366257370,dataset_v2_generator-1.2,dataset_v2_clean.0,22.76920908126165,1219.4572297392006,,,,,,0.3601772238104756,0.13975,0,fsk|clean|20000,0
dataset_v2_clean.0_ook_000212,2,ook,48000,0.042666666666666665,18703.76151370809,-2.3504996089120556,very_noisy,0.9897565356380887,1.0,ambient,42,2942431015,676845185,dataset_v2_generator-1.2,dataset_v2_clean.0,64.19628563593557,,,,,,,0.30643705408606803,0.1021875,0,ook|very_noisy|18500,0
dataset_v2_clean.0_benign_000217,0,benign,48000,0.042666666666666665,,9.164234237443035,noisy,0.3169931561281635,0.4026109510566218,white,42,1922102369,154809531,dataset_v2_generator-1.2,dataset_v2_clean.0,,,,,,,ambient_hf_boost,0.2215643596492952,0.03191666666666667,0,benign|ambient_hf_boost|noisy,0
dataset_v2_clean.0_fsk_000376,1,fsk,48000,0.042666666666666665,18325.209132883352,6.128175492281788,noisy,0.7351677495098079,1.0,white,42,865085328,846466285,dataset_v2_generator-1.2,dataset_v2_clean.0,69.15695482469803,1818.911025573383,,,,,,0.32437814883313276,0.23283333333333334,0,fsk|noisy|18500,0
dataset_v2_clean.0_tone_000128,4,tone,48000,0.042666666666666665,18916.399452398313,-3.4458124867108815,very_noisy,0.9809535792725719,1.0,ambient,42,1393092448,259907285,dataset_v2_generator-1.2,dataset_v2_clean.0,,,,,,,,0.3451736206526004,0.122625,0,tone|very_noisy|19000,0
dataset_v2_clean.0_tone_000479,4,tone,48000,0.042666666666666665,20036.070125380094,27.19684886820591,clean,0.8700772092197744,0.9302888262824877,ambient,42,4221902432,1324794959,dataset_v2_generator-1.2,dataset_v2_clean.0,,,,,,,,0.3343007259171447,0.24666666666666667,0,tone|clean|20000,0
dataset_v2_clean.0_fsk_000332,1,fsk,48000,0.042666666666666665,18794.70969341201,29.82955445372442,clean,0.9347778235978162,1.0,white,42,2182302066,3310370005,dataset_v2_generator-1.2,dataset_v2_clean.0,64.41941682221818,1571.202153631817,,,,,,0.32113221765887096,0.176,0,fsk|clean|19000,0
dataset_v2_clean.0_tone_000273,4,tone,48000,0.042666666666666665,18586.208031754868,-4.972905916469937,very_noisy,0.585165887775019,1.0,ambient,42,1666536595,4061247055,dataset_v2_generator-1.2,dataset_v2_clean.0,,,,,,,,0.36093071681239247,0.18275,0,tone|very_noisy|18500,0
dataset_v2_clean.0_chirp_000441,3,chirp,48000,0.042666666666666665,,0.29434250073834534,very_noisy,0.9497644431242038,1.0,ambient,42,1661238194,3158102382,dataset_v2_generator-1.2,dataset_v2_clean.0,,,18207.671273238317,20522.129190106694,,3,,0.22230422178995202,0.17747916666666666,0,chirp|very_noisy|18000_20500,0
dataset_v2_clean.0_chirp_000199,3,chirp,48000,0.042666666666666665,,1.7124348537173653,very_noisy,0.5997945869885033,1.0,white,42,2793713613,295758175,dataset_v2_generator-1.2,dataset_v2_clean.0,,,19230.414196705304,20845.159426891787,,6,,0.22461430701545626,0.06239583333333333,0,chirp|very_noisy|19000_21000,0
dataset_v2_clean.0_fsk_000240,1,fsk,48000,0.042666666666666665,18276.506354955935,29.228614705708296,clean,0.7708336053166586,0.8075458810545411,ambient,42,1497709123,4107004599,dataset_v2_generator-1.2,dataset_v2_clean.0,61.641072126650975,1052.1314290330483,,,,,,0.40021837814414546,0.17275,0,fsk|clean|18500,0
dataset_v2_clean.0_tone_000159,4,tone,48000,0.042666666666666665,20768.216697150117,0.13479100186335558,very_noisy,0.9838634062790502,1.0,ambient,42,3847034342,1779634308,dataset_v2_generator-1.2,dataset_v2_clean.0,,,,,,,,0.23150376534060782,0.09575,0,tone|very_noisy|21000,0
dataset_v2_clean.0_fsk_000278,1,fsk,48000,0.042666666666666665,19333.13256566905,2.5664596521027647,noisy,0.7181271602511581,1.0,white,42,4158576918,3738296582,dataset_v2_generator-1.2,dataset_v2_clean.0,40.79681064111337,1092.6416205164023,,,,,,0.3874786818488472,0.17729166666666665,0,fsk|noisy|19500,0
dataset_v2_clean.0_tone_000429,4,tone,48000,0.042666666666666665,18689.92119807956,27.036316559018932,clean,0.5778449480720247,0.6189856806370796,ambient,42,908259016,1825045563,dataset_v2_generator-1.2,dataset_v2_clean.0,,,,,,,,0.3246694166014243,0.07489583333333333,0,tone|clean|18500,0
dataset_v2_clean.0_tone_000487,4,tone,48000,0.042666666666666665,20531.142085112126,28.32090883516529,clean,0.7413670175100171,0.7822391449815534,ambient,42,2598376334,368128411,dataset_v2_generator-1.2,dataset_v2_clean.0,,,,,,,,0.32607198153623745,0.0724375,0,tone|clean|20500,0
dataset_v2_clean.0_ook_000199,2,ook,48000,0.042666666666666665,19804.19770446355,5.0674460252720515,noisy,0.9084953955472709,1.0,ambient,42,36800910,2750894603,dataset_v2_generator-1.2,dataset_v2_clean.0,45.37118107852625,,,,,,,0.2892523428615268,0.1181875,0,ook|noisy|20000,0
dataset_v2_clean.0_ook_000248,2,ook,48000,0.042666666666666665,18788.291399883186,0.5644130639379688,very_noisy,0.8560846081728092,1.0,ambient,42,1567820261,3120649134,dataset_v2_generator-1.2,dataset_v2_clean.0,57.38762063559084,,,,,,,0.22232099920460086,0.07727083333333333,0,ook|very_noisy|19000,0
dataset_v2_clean.0_benign_000269,0,benign,48000,0.042666666666666665,,,,0.5295904154934847,2.1703898071331826,white,42,2645673672,232961314,dataset_v2_generator-1.2,dataset_v2_clean.0,,,,,,,band_limited_hiss,0.3767154610323436,0.2733125,0,benign|band_limited_hiss|na|a50,0
dataset_v2_clean.0_benign_000050,0,benign,48000,0.042666666666666665,19747.99664168146,,,0.35564142946665145,0.3556414291934999,none,42,810029155,183887462,dataset_v2_generator-1.2,dataset_v2_clean.0,,,,,,,steady_ultrasonic_hum,0.4213441736222489,0.37816666666666665,0,benign|steady_ultrasonic_hum|19500|a40,0
dataset_v2_clean.0_tone_000177,4,tone,48000,0.042666666666666665,20237.52610016454,10.334469295164686,moderate,0.8051549547379973,1.0,white,42,1715132207,538677462,dataset_v2_generator-1.2,dataset_v2_clean.0,,,,,,,,0.3136526896542634,0.11414583333333334,0,tone|moderate|20000,0
dataset_v2_clean.0_ook_000087,2,ook,48000,0.042666666666666665,20435.378776006506,4.438128939788277,noisy,0.587248366740522,0.9118109842181007,ambient,42,1663888639,2307885430,dataset_v2_generator-1.2,dataset_v2_clean.0,51.88325257377385,,,,,,,0.3695118278202442,0.016291666666666666,0,ook|noisy|20500,0
dataset_v2_clean.0_ook_000063,2,ook,48000,0.042666666666666665,20387.131255321496,23.716579927478747,clean,0.5906530746036682,0.6404699223240382,ambient,42,3082936044,3788162984,dataset_v2_generator-1.2,dataset_v2_clean.0,60.55768012454296,,,,,,,0.3638304227745225,0.2934583333333333,0,ook|clean|20500,0
dataset_v2_clean.0_tone_000100,4,tone,48000,0.042666666666666665,19573.691602564588,-3.963777048226666,very_noisy,0.9724545465322127,1.0,ambient,42,1975630652,2199087611,dataset_v2_generator-1.2,dataset_v2_clean.0,,,,,,,,0.25181892005087686,0.13072916666666667,0,tone|very_noisy|19500,0
dataset_v2_clean.0_fsk_000228,1,fsk,48000,0.042666666666666665,19378.571618798254,7.463826681840152,noisy,0.7296104867386163,1.0,ambient,42,2916662920,1585359474,dataset_v2_generator-1.2,dataset_v2_clean.0,88.82555752150773,1198.8216406449646,,,,,,0.39664228174874416,0.027770833333333335,0,fsk|noisy|19500,0
dataset_v2_clean.0_benign_000272,0,benign,48000,0.042666666666666665,,,,0.5195682423807724,1.994049539054154,white,42,3275131453,899959996,dataset_v2_generator-1.2,dataset_v2_clean.0,,,,,,,band_limited_hiss,0.2543113339134001,0.025229166666666667,0,benign|band_limited_hiss|na|a50,0
dataset_v2_clean.0_fsk_000421,1,fsk,48000,0.042666666666666665,19139.29032135956,28.80453262566118,clean,0.6693157505462409,0.7076866369967952,ambient,42,4153324728,3053332978,dataset_v2_generator-1.2,dataset_v2_clean.0,75.12468300409105,721.0589118932621,,,,,,0.2983319727718,0.07047916666666666,0,fsk|clean|19000,0
dataset_v2_clean.0_chirp_000302,3,chirp,48000,0.042666666666666665,,-0.851348665569784,very_noisy,0.6137356718241075,1.0,white,42,499127893,2439370358,dataset_v2_generator-1.2,dataset_v2_clean.0,,,19199.648458339587,20664.676209227695,,6,,0.2820604534850578,0.09520833333333334,0,chirp|very_noisy|19000_20500,0
dataset_v2_clean.0_chirp_000417,3,chirp,48000,0.042666666666666665,,8.918704314456445,noisy,0.5601175481041584,0.924596498031059,ambient,42,2537539717,2367124076,dataset_v2_generator-1.2,dataset_v2_clean.0,,,19248.57483233072,20997.005980390528,,6,,0.4071677827921459,0.3512708333333333,0,chirp|noisy|19000_21000,0
dataset_v2_clean.0_ook_000147,2,ook,48000,0.042666666666666665,18482.484187558406,29.15838675357419,clean,0.8171281855875274,0.8435838697272986,ambient,42,1041568772,1232967446,dataset_v2_generator-1.2,dataset_v2_clean.0,57.29752693128641,,,,,,,0.2811874210169905,0.04527083333333334,0,ook|clean|18500,0
dataset_v2_clean.0_benign_000039,0,benign,48000,0.042666666666666665,19812.027822773805,,,0.2894557714157184,0.289455769242878,none,42,2464528181,4140860993,dataset_v2_generator-1.2,dataset_v2_clean.0,,,,,,,steady_ultrasonic_hum,0.3033707122599126,0.138375,0,benign|steady_ultrasonic_hum|20000|a30,0
dataset_v2_clean.0_ook_000033,2,ook,48000,0.042666666666666665,18766.222932690358,19.233819090401,moderate,0.6012808094122748,0.6734046331209177,ambient,42,2362849349,241649833,dataset_v2_generator-1.2,dataset_v2_clean.0,61.4536885024228,,,,,,,0.4255069828379424,0.36770833333333336,0,ook|moderate|19000,0
dataset_v2_clean.0_tone_000389,4,tone,48000,0.042666666666666665,20040.085349957073,4.471974295848613,noisy,0.9949529689729806,1.0,white,42,1419553039,2132515951,dataset_v2_generator-1.2,dataset_v2_clean.0,,,,,,,,0.35744560330907416,0.15670833333333334,0,tone|noisy|20000,0
dataset_v2_clean.0_chirp_000315,3,chirp,48000,0.042666666666666665,,21.75723303877108,clean,0.6629248259846607,0.767598501745341,ambient,42,1784383325,2894630999,dataset_v2_generator-1.2,dataset_v2_clean.0,,,18831.75082031667,20590.29108036338,,6,,0.37404702954628455,0.19366666666666665,0,chirp|clean|19000_20500,0
dataset_v2_clean.0_benign_000327,0,benign,48000,0.042666666666666665,,,,0.3967398424754502,1.509327971209025,white,42,1830187595,3752354541,dataset_v2_generator-1.2,dataset_v2_clean.0,,,,,,,band_limited_hiss,0.2699650454286608,0.11141666666666666,0,benign|band_limited_hiss|na|a40,0
dataset_v2_clean.0_chirp_000148,3,chirp,48000,0.042666666666666665,,2.636030824756089,noisy,0.9231493289796415,1.0,white,42,258307883,1520627943,dataset_v2_generator-1.2,dataset_v2_clean.0,,,19144.534553414618,20554.22332280486,,8,,0.3880363888968405,0.14377083333333332,0,chirp|noisy|19000_20500,0
dataset_v2_clean.0_fsk_000367,1,fsk,48000,0.042666666666666665,18557.461940858397,12.764443583990971,moderate,0.5642296119027943,0.8657477677930084,ambient,42,2186887879,541313641,dataset_v2_generator-1.2,dataset_v2_clean.0,45.73894151816987,1508.8013857778678,,,,,,0.33857334434026276,0.29439583333333336,0,fsk|moderate|18500,0
dataset_v2_clean.0_ook_000439,2,ook,48000,0.042666666666666665,18846.954234073506,4.549630539078029,noisy,0.7740607728771391,1.0,white,42,1434849014,3427306809,dataset_v2_generator-1.2,dataset_v2_clean.0,64.57603025725885,,,,,,,0.2835175263139927,0.043541666666666666,0,ook|noisy|19000,0
dataset_v2_clean.0_fsk_000017,1,fsk,48000,0.042666666666666665,18937.294433097904,19.031711098709167,moderate,0.9728643165214486,1.0,ambient,42,3998299522,3045367934,dataset_v2_generator-1.2,dataset_v2_clean.0,63.558429906282015,2062.7055669020956,,,,,,0.2992491470648224,0.05708333333333333,0,fsk|moderate|19000,0
dataset_v2_clean.0_benign_000238,0,benign,48000,0.042666666666666665,,,,0.7074635766728775,3.2679835607912544,white,42,2246493692,1678660611,dataset_v2_generator-1.2,dataset_v2_clean.0,,,,,,,band_limited_hiss,0.2963849390802643,0.08991666666666667,0,benign|band_limited_hiss|na|a70,0
dataset_v2_clean.0_tone_000403,4,tone,48000,0.042666666666666665,20008.11322660535,27.906942874297016,clean,0.6488488508744858,0.6859347423813397,ambient,42,1096011666,4067246946,dataset_v2_generator-1.2,dataset_v2_clean.0,,,,,,,,0.34001909690970195,0.2474375,0,tone|clean|20000,0
dataset_v2_clean.0_ook_000249,2,ook,48000,0.042666666666666665,19645.48748973213,28.201857917614944,clean,0.7375788339104687,0.7851327415415018,white,42,891405593,3905913429,dataset_v2_generator-1.2,dataset_v2_clean.0,46.791768945330446,,,,,,,0.39006961476778146,0.23083333333333333,0,ook|clean|19500,0
dataset_v2_clean.0_ook_000459,2,ook,48000,0.042666666666666665,20987.562003815976,24.37298307079008,clean,0.8693608188560955,0.9571477791724848,white,42,187763257,228429776,dataset_v2_generator-1.2,dataset_v2_clean.0,33.631992348161425,,,,,,,0.2797140769792488,0.22445833333333334,0,ook|clean|21000,0
dataset_v2_clean.0_ook_000437,2,ook,48000,0.042666666666666665,19140.59010280006,8.067784140877222,noisy,0.8401808652673095,1.0,ambient,42,687534762,2745806908,dataset_v2_generator-1.2,dataset_v2_clean.0,61.46710910585733,,,,,,,0.237183667293241,0.19341666666666665,0,ook|noisy|19000,0
dataset_v2_clean.0_benign_000184,0,benign,48000,0.042666666666666665,,,,0.5815558395147091,0.5815558395147091,ambient,42,3647118286,2374333535,dataset_v2_generator-1.2,dataset_v2_clean.0,,,,,,,ambient,0.3441205418590196,0.23883333333333334,3,benign|ambient|a60,0
dataset_v2_clean.0_tone_000079,4,tone,48000,0.042666666666666665,19101.249889332965,28.411703454899836,clean,0.6342384052320605,0.6973689591639648,white,42,3249662910,336460332,dataset_v2_generator-1.2,dataset_v2_clean.0,,,,,,,,0.3464480161305488,0.2331875,0,tone|clean|19000,0
dataset_v2_clean.0_benign_000082,0,benign,48000,0.042666666666666665,20245.583092577614,,,0.5372303741317179,0.5372303735192451,none,42,1399857102,2685065995,dataset_v2_generator-1.2,dataset_v2_clean.0,,,,,,,steady_ultrasonic_hum,0.3618218707132158,0.029,0,benign|steady_ultrasonic_hum|20000|a50,0
dataset_v2_clean.0_fsk_000168,1,fsk,48000,0.042666666666666665,19477.18861489964,-2.2857045388271473,very_noisy,0.7828957135070834,1.0,ambient,42,3185863516,62265400,dataset_v2_generator-1.2,dataset_v2_clean.0,51.86078625674861,678.8121245923649,,,,,,0.4231658914357432,0.18614583333333334,0,fsk|very_noisy|19500,0
dataset_v2_clean.0_ook_000036,2,ook,48000,0.042666666666666665,18300.779262489526,6.359079739483838,noisy,0.8017619849690011,1.0,ambient,42,1885716666,2240416943,dataset_v2_generator-1.2,dataset_v2_clean.0,56.69972610467609,,,,,,,0.2631210298480013,0.033791666666666664,0,ook|noisy|18500,0
dataset_v2_clean.0_benign_000002,0,benign,48000,0.042666666666666665,,,,0.4675503168362044,2.213763462166705,white,42,697079281,3169369488,dataset_v2_generator-1.2,dataset_v2_clean.0,,,,,,,band_limited_hiss,0.26417826116514126,0.08789583333333334,0,benign|band_limited_hiss|na|a50,0
dataset_v2_clean.0_tone_000294,4,tone,48000,0.042666666666666665,19140.438651485514,14.186692933961238,moderate,0.8627586786445964,1.0,white,42,2484794955,2119853232,dataset_v2_generator-1.2,dataset_v2_clean.0,,,,,,,,0.39664962750746463,0.2613958333333333,0,tone|moderate|19000,0
dataset_v2_clean.0_benign_000201,0,benign,48000,0.042666666666666665,,,,0.6978342993894436,2.4991701417376024,white,42,2009832411,2836815310,dataset_v2_generator-1.2,dataset_v2_clean.0,,,,,,,band_limited_hiss,0.26958998678738666,0.21127083333333332,0,benign|band_limited_hiss|na|a70,0
dataset_v2_clean.0_benign_000294,0,benign,48000,0.042666666666666665,,,,0.467428917375803,1.9758454015366091,white,42,2218483088,921011763,dataset_v2_generator-1.2,dataset_v2_clean.0,,,,,,,band_limited_hiss,0.3940918374048133,0.26377083333333334,0,benign|band_limited_hiss|na|a50,0
dataset_v2_clean.0_tone_000042,4,tone,48000,0.042666666666666665,20478.82440974583,-2.894184902837785,very_noisy,0.5820577468377592,1.0,white,42,2983486234,2818993206,dataset_v2_generator-1.2,dataset_v2_clean.0,,,,,,,,0.32384609577629975,0.2508958333333333,0,tone|very_noisy|20500,0
dataset_v2_clean.0_ook_000357,2,ook,48000,0.042666666666666665,20214.62694134681,18.721969513509798,moderate,0.6667515050476571,0.7421452707209667,white,42,3026028973,2697193202,dataset_v2_generator-1.2,dataset_v2_clean.0,68.68542847552868,,,,,,,0.2654158486953047,0.1315625,0,ook|moderate|20000,0
dataset_v2_clean.0_fsk_000352,1,fsk,48000,0.042666666666666665,18423.50538778095,16.557500717726143,moderate,0.9311048125254964,1.0,ambient,42,2755626858,1149550153,dataset_v2_generator-1.2,dataset_v2_clean.0,46.87226591570642,1456.369828523526,,,,,,0.2685754910956901,0.10127083333333334,0,fsk|moderate|18500,0
dataset_v2_clean.0_tone_000004,4,tone,48000,0.042666666666666665,19795.719077450703,24.99970666865316,clean,0.8882159952854805,0.9836500138584787,ambient,42,2836705951,2377772722,dataset_v2_generator-1.2,dataset_v2_clean.0,,,,,,,,0.3285749783859956,0.159875,0,tone|clean|20000,0
dataset_v2_clean.0_fsk_000326,1,fsk,48000,0.042666666666666665,18209.768527055294,-2.112358840036132,very_noisy,0.8951559634037216,1.0,ambient,42,264396206,2473908595,dataset_v2_generator-1.2,dataset_v2_clean.0,78.99622784656444,523.5547043175247,,,,,,0.2200273375778562,0.03785416666666667,0,fsk|very_noisy|18000,0
dataset_v2_clean.0_tone_000182,4,tone,48000,0.042666666666666665,20561.222027606334,22.049143301804936,clean,0.636099797619292,0.7251822241046036,ambient,42,2215633170,1357893480,dataset_v2_generator-1.2,dataset_v2_clean.0,,,,,,,,0.29502255441115255,0.17210416666666667,0,tone|clean|20500,0
dataset_v2_clean.0_chirp_000189,3,chirp,48000,0.042666666666666665,,16.262590581165632,moderate,0.5983567040048063,0.7954088060458435,white,42,3476268575,659061476,dataset_v2_generator-1.2,dataset_v2_clean.0,,,18212.359555284143,20248.448548999382,,5,,0.27039870965043206,0.082375,0,chirp|moderate|18000_20000,0
dataset_v2_clean.0_ook_000423,2,ook,48000,0.042666666666666665,19721.195324881493,21.708709966721468,clean,0.5513473548872739,0.6085264201178292,white,42,2022597336,2851647837,dataset_v2_generator-1.2,dataset_v2_clean.0,65.53874611505734,,,,,,,0.2806319456632517,0.17791666666666667,0,ook|clean|19500,0
dataset_v2_clean.0_chirp_000153,3,chirp,48000,0.042666666666666665,,21.2292435086108,clean,0.6970012176787821,0.8493512094856019,white,42,3398709034,2700724037,dataset_v2_generator-1.2,dataset_v2_clean.0,,,18646.02388755539,20777.155685302507,,7,,0.30830265344095603,0.08833333333333333,0,chirp|clean|18500_21000,0
dataset_v2_clean.0_chirp_000293,3,chirp,48000,0.042666666666666665,,13.582853052446389,moderate,0.7882858723057933,0.9941567728028008,ambient,42,954786346,3506149243,dataset_v2_generator-1.2,dataset_v2_clean.0,,,18859.97971965331,20752.15891162124,,8,,0.3251029216516068,0.2284375,0,chirp|moderate|19000_21000,0
dataset_v2_clean.0_tone_000421,4,tone,48000,0.042666666666666665,18363.485351333107,12.105305087981858,moderate,0.8973884298247392,1.0,ambient,42,1404896304,232636777,dataset_v2_generator-1.2,dataset_v2_clean.0,,,,,,,,0.334969519973021,0.148625,0,tone|moderate|18500,0
dataset_v2_clean.0_benign_000384,0,benign,48000,0.042666666666666665,19402.297493453803,,,0.32711652725126517,0.327114366462566,none,42,2533550663,3908375371,dataset_v2_generator-1.2,dataset_v2_clean.0,,,,,,,steady_ultrasonic_hum,0.28585630456762495,0.0041875,0,benign|steady_ultrasonic_hum|19500|a30,0
dataset_v2_clean.0_fsk_000222,1,fsk,48000,0.042666666666666665,19563.20933905511,6.0774045129391014,noisy,0.8296869112514631,1.0,ambient,42,3537955037,3050630864,dataset_v2_generator-1.2,dataset_v2_clean.0,28.660752193677848,1436.790660944891,,,,,,0.35466899546131003,0.05460416666666667,0,fsk|noisy|19500,0
dataset_v2_clean.0_fsk_000233,1,fsk,48000,0.042666666666666665,19306.442354746632,27.206801496971405,clean,0.9447366175654828,1.0,white,42,1582114609,1920279555,dataset_v2_generator-1.2,dataset_v2_clean.0,49.84630256436684,1283.447882555207,,,,,,0.24211434206988913,0.042895833333333334,0,fsk|clean|19500,0
dataset_v2_clean.0_chirp_000240,3,chirp,48000,0.042666666666666665,,20.501150754263847,clean,0.8563033991447886,1.0,ambient,42,2952451728,1419030706,dataset_v2_generator-1.2,dataset_v2_clean.0,,,19210.866797193747,20532.92703881536,,6,,0.4174852898823606,0.090125,0,chirp|clean|19000_20500,0
dataset_v2_clean.0_chirp_000292,3,chirp,48000,0.042666666666666665,,7.08964329701465,noisy,0.7860868073124598,1.0,ambient,42,2995052400,1158160990,dataset_v2_generator-1.2,dataset_v2_clean.0,,,19118.465095265557,20613.053857163613,,2,,0.3583727090026347,0.09941666666666667,0,chirp|noisy|19000_20500,0
dataset_v2_clean.0_chirp_000329,3,chirp,48000,0.042666666666666665,,20.912722980841224,clean,0.9493510017019203,1.0,ambient,42,2280249364,3060509136,dataset_v2_generator-1.2,dataset_v2_clean.0,,,18353.279114929817,20811.25560458921,,4,,0.36813900775410713,0.27091666666666664,0,chirp|clean|18500_21000,0
dataset_v2_clean.0_chirp_000045,3,chirp,48000,0.042666666666666665,,24.621431456324313,clean,0.7301287613064436,0.7946049380785117,ambient,42,377684075,1611231243,dataset_v2_generator-1.2,dataset_v2_clean.0,,,18870.755446520732,20868.348515975846,,2,,0.4159382164371671,0.2661875,0,chirp|clean|19000_21000,0
dataset_v2_clean.0_fsk_000218,1,fsk,48000,0.042666666666666665,18400.52229325818,-3.866877461474468,very_noisy,0.8313818559095281,1.0,white,42,3132632419,2757978668,dataset_v2_generator-1.2,dataset_v2_clean.0,31.785433582029537,1116.2547666969913,,,,,,0.3048187230154935,0.0986875,0,fsk|very_noisy|18500,0
dataset_v2_clean.0_tone_000430,4,tone,48000,0.042666666666666665,20388.300170575145,3.0117107086393426,noisy,0.7227019452908566,1.0,white,42,2254025061,2917583155,dataset_v2_generator-1.2,dataset_v2_clean.0,,,,,,,,0.2326698753573224,0.17079166666666667,0,tone|noisy|20500,0
dataset_v2_clean.0_benign_000202,0,benign,48000,0.042666666666666665,18935.86587344522,,,0.5358111732661774,0.5358111724068411,none,42,2893891568,2625167959,dataset_v2_generator-1.2,dataset_v2_clean.0,,,,,,,steady_ultrasonic_hum,0.3139546659730695,0.08045833333333334,0,benign|steady_ultrasonic_hum|19000|a50,0
dataset_v2_clean.0_chirp_000113,3,chirp,48000,0.042666666666666665,,16.157611187389044,moderate,0.96023965327451,1.0,white,42,1438864631,3386034716,dataset_v2_generator-1.2,dataset_v2_clean.0,,,19083.773440541507,20694.648118403315,,8,,0.24519213211552687,0.19420833333333334,0,chirp|moderate|19000_20500,0
dataset_v2_clean.0_tone_000381,4,tone,48000,0.042666666666666665,19839.82646935901,1.3657379959436478,very_noisy,0.6597643911025315,1.0,white,42,621493141,1619435519,dataset_v2_generator-1.2,dataset_v2_clean.0,,,,,,,,0.35646409146037555,0.17833333333333334,0,tone|very_noisy|20000,0
dataset_v2_clean.0_fsk_000281,1,fsk,48000,0.042666666666666665,19764.69317308984,1.0436444055263996,very_noisy,0.7441379822299173,1.0,white,42,2148052235,3480626900,dataset_v2_generator-1.2,dataset_v2_clean.0,53.62914985284634,1190.7519708976652,,,,,,0.30981819354535955,0.0593125,0,fsk|very_noisy|20000,0
dataset_v2_clean.0_chirp_000342,3,chirp,48000,0.042666666666666665,,2.9774987505551076,noisy,0.6650239233799944,1.0,ambient,42,2930086790,2417378293,dataset_v2_generator-1.2,dataset_v2_clean.0,,,19134.843152030877,20818.752614487792,,8,,0.32837061850916677,0.240875,0,chirp|noisy|19000_21000,0
dataset_v2_clean.0_chirp_000318,3,chirp,48000,0.042666666666666665,,1.1626385723329031,very_noisy,0.7441409549007763,1.0,white,42,4180915937,2539728379,dataset_v2_generator-1.2,dataset_v2_clean.0,,,18396.538279239332,20280.293202717166,,7,,0.2138532887760924,0.15985416666666666,0,chirp|very_noisy|18500_20500,0
dataset_v2_clean.0_fsk_000180,1,fsk,48000,0.042666666666666665,18878.79561416772,15.865117696930788,moderate,0.6312011092296961,0.8475614327720713,white,42,2940914635,1416513914,dataset_v2_generator-1.2,dataset_v2_clean.0,23.650178953866646,757.9108095629272,,,,,,0.2709406539494469,0.133125,0,fsk|moderate|19000,0
dataset_v2_clean.0_fsk_000466,1,fsk,48000,0.042666666666666665,18963.06266071898,1.6498576183377942,very_noisy,0.5550142005390265,1.0,ambient,42,3573080767,2448494786,dataset_v2_generator-1.2,dataset_v2_clean.0,18.585648465033767,2036.9373392810194,,,,,,0.2430083738077603,0.15220833333333333,0,fsk|very_noisy|19000,0
dataset_v2_clean.0_chirp_000491,3,chirp,48000,0.042666666666666665,,5.308005023988704,noisy,0.7731127613591724,1.0,ambient,42,2812925883,1713761983,dataset_v2_generator-1.2,dataset_v2_clean.0,,,18181.773648413535,20313.46346832739,,7,,0.22383387932327464,0.0290625,0,chirp|noisy|18000_20500,0
dataset_v2_clean.0_chirp_000178,3,chirp,48000,0.042666666666666665,,1.294550839605245,very_noisy,0.8011753798783876,1.0,white,42,3790962659,2435423846,dataset_v2_generator-1.2,dataset_v2_clean.0,,,18580.06298228158,20309.12153667622,,4,,0.3462894984016596,0.17845833333333333,0,chirp|very_noisy|18500_20500,0
dataset_v2_clean.0_ook_000202,2,ook,48000,0.042666666666666665,18902.707664961305,7.420982351190258,noisy,0.966260121948057,1.0,ambient,42,3995259534,1608103869,dataset_v2_generator-1.2,dataset_v2_clean.0,35.821115972163575,,,,,,,0.4041403097127478,0.11297916666666667,0,ook|noisy|19000,0
dataset_v2_clean.0_tone_000354,4,tone,48000,0.042666666666666665,19809.272539672904,23.992573276566244,clean,0.9238022903701583,1.0,ambient,42,3160040962,3802094312,dataset_v2_generator-1.2,dataset_v2_clean.0,,,,,,,,0.31794564111779244,0.06970833333333333,0,tone|clean|20000,0
dataset_v2_clean.0_chirp_000003,3,chirp,48000,0.042666666666666665,,5.434041692424104,noisy,0.800046268374018,1.0,ambient,42,4236316009,1735991800,dataset_v2_generator-1.2,dataset_v2_clean.0,,,19161.21024115379,20690.291356227317,,4,,0.2739775289327957,0.0554375,0,chirp|noisy|19000_20500,0
dataset_v2_clean.0_chirp_000024,3,chirp,48000,0.042666666666666665,,5.89222984306428,noisy,0.5678677113183234,0.9716413912994496,ambient,42,2877867584,2996851412,dataset_v2_generator-1.2,dataset_v2_clean.0,,,18325.149061095515,20348.245185525822,,4,,0.3939896931204718,0.0234375,0,chirp|noisy|18500_20500,0
dataset_v2_clean.0_chirp_000217,3,chirp,48000,0.042666666666666665,,24.992084919261274,clean,0.9944802739813382,1.0,ambient,42,1329701012,737660846,dataset_v2_generator-1.2,dataset_v2_clean.0,,,18687.756693023828,20972.392577581966,,5,,0.2429264318997513,0.10414583333333334,0,chirp|clean|18500_21000,0
dataset_v2_clean.0_ook_000492,2,ook,48000,0.042666666666666665,20788.486128862725,17.678304112703945,moderate,0.8484290345819481,1.0,ambient,42,3496218928,3223368694,dataset_v2_generator-1.2,dataset_v2_clean.0,54.49365713933847,,,,,,,0.3772272734007156,0.320375,0,ook|moderate|21000,0
dataset_v2_clean.0_fsk_000366,1,fsk,48000,0.042666666666666665,19302.892611736766,14.925768434522722,moderate,0.7276066849977714,0.9480751556170097,ambient,42,3127915583,1684819263,dataset_v2_generator-1.2,dataset_v2_clean.0,86.51799245478824,1697.1073882632336,,,,,,0.2284824348684771,0.01879166666666667,0,fsk|moderate|19500,0
dataset_v2_clean.0_ook_000158,2,ook,48000,0.042666666666666665,18747.058810631763,4.202730082566842,noisy,0.761655599562888,1.0,white,42,384300774,3625304128,dataset_v2_generator-1.2,dataset_v2_clean.0,62.41339270100366,,,,,,,0.38217976070344667,0.2614166666666667,0,ook|noisy|18500,0
dataset_v2_clean.0_ook_000099,2,ook,48000,0.042666666666666665,18588.272129403074,4.456680121954915,noisy,0.893718611773614,1.0,ambient,42,3341643203,815835993,dataset_v2_generator-1.2,dataset_v2_clean.0,69.26983700972822,,,,,,,0.32083874270341456,0.03227083333333333,0,ook|noisy|18500,0
dataset_v2_clean.0_benign_000445,0,benign,48000,0.042666666666666665,19820.896359266026,,,0.4627126294647935,0.4627038755581748,none,42,939417975,2427412109,dataset_v2_generator-1.2,dataset_v2_clean.0,,,,,,,steady_ultrasonic_hum,0.3247959296822688,0.019270833333333334,0,benign|steady_ultrasonic_hum|20000|a50,0
dataset_v2_clean.0_tone_000247,4,tone,48000,0.042666666666666665,20646.53133527509,6.950586791878411,noisy,0.7476124450567606,1.0,ambient,42,2939515155,3268431248,dataset_v2_generator-1.2,dataset_v2_clean.0,,,,,,,,0.3357760644268223,0.124375,0,tone|noisy|20500,0
dataset_v2_clean.0_ook_000392,2,ook,48000,0.042666666666666665,19432.55000574171,17.814363982085826,moderate,0.9821400526427362,1.0,ambient,42,3375709065,2871871024,dataset_v2_generator-1.2,dataset_v2_clean.0,45.30256240942684,,,,,,,0.310418371867851,0.2505833333333333,0,ook|moderate|19500,0
dataset_v2_clean.0_benign_000174,0,benign,48000,0.042666666666666665,,,,0.20959314083291164,0.9499886751820698,white,42,3879543777,4233912116,dataset_v2_generator-1.2,dataset_v2_clean.0,,,,,,,white,0.2348630471583306,0.0029375,0,benign|white|a20,0
dataset_v2_clean.0_ook_000479,2,ook,48000,0.042666666666666665,18369.903161939055,8.834599772539029,noisy,0.9307888536459323,1.0,ambient,42,3949228289,3766206802,dataset_v2_generator-1.2,dataset_v2_clean.0,68.0245449281909,,,,,,,0.40871054822575614,0.24170833333333333,0,ook|noisy|18500,0
dataset_v2_clean.0_tone_000238,4,tone,48000,0.042666666666666665,20754.18432018524,25.717972906876888,clean,0.6920915491419537,0.7700381113090577,white,42,4200252430,952382614,dataset_v2_generator-1.2,dataset_v2_clean.0,,,,,,,,0.3464024257892435,0.13314583333333332,0,tone|clean|21000,0
dataset_v2_clean.0_ook_000277,2,ook,48000,0.042666666666666665,20874.935001177975,23.79812604864638,clean,0.624824043538574,0.6859396982299011,white,42,62583837,2804414612,dataset_v2_generator-1.2,dataset_v2_clean.0,34.81361621208252,,,,,,,0.23453516688067363,0.06416666666666666,0,ook|clean|21000,0
dataset_v2_clean.0_chirp_000279,3,chirp,48000,0.042666666666666665,,21.546638564770078,clean,0.8237443644471303,0.9279542786472339,ambient,42,3993656907,807143281,dataset_v2_generator-1.2,dataset_v2_clean.0,,,19291.383175851537,20292.039775631765,,4,,0.3836563271162459,0.16420833333333335,0,chirp|clean|19500_20500,0
dataset_v2_clean.0_tone_000109,4,tone,48000,0.042666666666666665,18740.196373434166,6.728875939296671,noisy,0.7716097551927334,1.0,white,42,2941035972,2395168506,dataset_v2_generator-1.2,dataset_v2_clean.0,,,,,,,,0.31135576400953974,0.14720833333333333,0,tone|noisy|18500,0
dataset_v2_clean.0_tone_000245,4,tone,48000,0.042666666666666665,18560.869920417677,-1.6016932136722306,very_noisy,0.7987569761664242,1.0,white,42,2645588323,1837263711,dataset_v2_generator-1.2,dataset_v2_clean.0,,,,,,,,0.3368228680291888,0.08258333333333333,0,tone|very_noisy|18500,0
dataset_v2_clean.0_tone_000053,4,tone,48000,0.042666666666666665,18799.04821984778,24.464611574501596,clean,0.5669152458985065,0.64510265005858,white,42,4253903043,2739437465,dataset_v2_generator-1.2,dataset_v2_clean.0,,,,,,,,0.3610837320007755,0.31427083333333333,0,tone|clean|19000,0
dataset_v2_clean.0_fsk_000007,1,fsk,48000,0.042666666666666665,19176.237949842718,29.88110901276515,clean,0.7769463364240805,0.8255665963714302,white,42,2737586632,4072755056,dataset_v2_generator-1.2,dataset_v2_clean.0,47.07210833632541,712.7601352764577,,,,,,0.3439425623381327,0.185,0,fsk|clean|19000,0
dataset_v2_clean.0_ook_000331,2,ook,48000,0.042666666666666665,20634.798214182392,5.622595036707131,noisy,0.9244713558664148,1.0,ambient,42,240936727,2398084919,dataset_v2_generator-1.2,dataset_v2_clean.0,49.27657899570622,,,,,,,0.3045589379801555,0.019583333333333335,1,ook|noisy|20500,0
dataset_v2_clean.0_fsk_000460,1,fsk,48000,0.042666666666666665,19648.530133232005,29.03975556530414,clean,0.8952579099156477,0.9579101802983382,white,42,3229574498,1578625076,dataset_v2_generator-1.2,dataset_v2_clean.0,24.566359744666414,1351.469866767995,,,,,,0.3843821860829999,0.20964583333333334,0,fsk|clean|19500,0
dataset_v2_clean.0_tone_000165,4,tone,48000,0.042666666666666665,18691.457832504508,23.16040923047902,clean,0.6278673650236403,0.7304613189250317,white,42,1525176404,2229297300,dataset_v2_generator-1.2,dataset_v2_clean.0,,,,,,,,0.3246665889285929,0.21772916666666667,0,tone|clean|18500,0
dataset_v2_clean.0_chirp_000053,3,chirp,48000,0.042666666666666665,,27.55125046256794,clean,0.5911571025137529,0.6269644631058479,ambient,42,2490411685,3613416742,dataset_v2_generator-1.2,dataset_v2_clean.0,,,19208.258286149485,20339.85960142,,3,,0.31476805878018654,0.15733333333333333,0,chirp|clean|19000_20500,0
dataset_v2_clean.0_tone_000211,4,tone,48000,0.042666666666666665,20555.12394970206,27.15244802490433,clean,0.8276326158870253,0.9039051197879531,white,42,3794982212,864348941,dataset_v2_generator-1.2,dataset_v2_clean.0,,,,,,,,0.34282934106074736,0.13110416666666666,0,tone|clean|20500,0
dataset_v2_clean.0_chirp_000368,3,chirp,48000,0.042666666666666665,,8.837182730510165,noisy,0.6334978538946477,0.9468794858693044,ambient,42,1016086744,3271128614,dataset_v2_generator-1.2,dataset_v2_clean.0,,,19294.40266821897,20800.830136376822,,3,,0.3492480307786966,0.19458333333333333,0,chirp|noisy|19500_21000,0
dataset_v2_clean.0_fsk_000030,1,fsk,48000,0.042666666666666665,18403.39904823045,8.230977289781578,noisy,0.9391428958254295,1.0,white,42,2446441635,2160239723,dataset_v2_generator-1.2,dataset_v2_clean.0,16.532901024709073,1508.1783744559689,,,,,,0.3689158845123401,0.244375,0,fsk|noisy|18500,0
dataset_v2_clean.0_ook_000456,2,ook,48000,0.042666666666666665,19638.059347029168,20.1476383975793,clean,0.7586695411412291,0.8448741515416341,ambient,42,2145798202,2319169445,dataset_v2_generator-1.2,dataset_v2_clean.0,57.53921421370613,,,,,,,0.3690510547822561,0.18797916666666667,0,ook|clean|19500,0
dataset_v2_clean.0_chirp_000095,3,chirp,48000,0.042666666666666665,,4.879895480768356,noisy,0.9490451086617155,1.0,ambient,42,171052452,2624774025,dataset_v2_generator-1.2,dataset_v2_clean.0,,,18970.688690781164,20886.968249228892,,6,,0.3411508514014096,0.11529166666666667,0,chirp|noisy|19000_21000,0
dataset_v2_clean.0_ook_000148,2,ook,48000,0.042666666666666665,18892.877505244927,7.41359690122372,noisy,0.7453748370877602,1.0,ambient,42,3064042933,2057956857,dataset_v2_generator-1.2,dataset_v2_clean.0,36.984531531451324,,,,,,,0.24827239756346273,0.1553125,0,ook|noisy|19000,0
dataset_v2_clean.0_chirp_000203,3,chirp,48000,0.042666666666666665,,-0.5759973934888665,very_noisy,0.6120229560362778,1.0,ambient,42,490503321,1178495052,dataset_v2_generator-1.2,dataset_v2_clean.0,,,19167.359242257768,20772.126184168803,,8,,0.36881451436950835,0.206125,0,chirp|very_noisy|19000_21000,0
dataset_v2_clean.0_ook_000211,2,ook,48000,0.042666666666666665,19089.178200497492,-2.3681232769128107,very_noisy,0.8154076718222054,1.0,ambient,42,1604045193,460978819,dataset_v2_generator-1.2,dataset_v2_clean.0,67.61817867826913,,,,,,,0.3092540190230585,0.2598125,0,ook|very_noisy|19000,0
dataset_v2_clean.0_fsk_000325,1,fsk,48000,0.042666666666666665,18316.570829869142,25.472093920238642,clean,0.8916941731982795,0.9912124690967998,white,42,1688001711,3452051931,dataset_v2_generator-1.2,dataset_v2_clean.0,35.841049799418954,543.737514129105,,,,,,0.4135182009116435,0.18329166666666666,0,fsk|clean|18500,0
dataset_v2_clean.0_chirp_000388,3,chirp,48000,0.042666666666666665,,11.033474716695979,moderate,0.6171585723584185,1.0,white,42,3598818324,4127012087,dataset_v2_generator-1.2,dataset_v2_clean.0,,,19053.52985061534,20401.344353847064,,4,,0.3380307680146105,0.044958333333333336,0,chirp|moderate|19000_20500,0
dataset_v2_clean.0_ook_000021,2,ook,48000,0.042666666666666665,20930.017760156752,24.551493260653547,clean,0.9610234411715315,1.0,white,42,122713397,4111998277,dataset_v2_generator-1.2,dataset_v2_clean.0,59.620798280093126,,,,,,,0.2705778790750491,0.14766666666666667,0,ook|clean|21000,0
dataset_v2_clean.0_ook_000374,2,ook,48000,0.042666666666666665,18827.570580152147,3.299610374264062,noisy,0.7337302296059212,1.0,ambient,42,3493370078,2538903467,dataset_v2_generator-1.2,dataset_v2_clean.0,66.86017063394134,,,,,,,0.2944028312354192,0.0539375,1,ook|noisy|19000,0
dataset_v2_clean.0_ook_000472,2,ook,48000,0.042666666666666665,19250.74604379016,0.7808766975746027,very_noisy,0.766398574642821,1.0,white,42,4219687611,1986043319,dataset_v2_generator-1.2,dataset_v2_clean.0,49.630275703764156,,,,,,,0.32154229455935773,0.016520833333333332,0,ook|very_noisy|19500,0
dataset_v2_clean.0_chirp_000408,3,chirp,48000,0.042666666666666665,,-1.1083807105239214,very_noisy,0.5629645601857496,1.0,white,42,2193260230,1566836554,dataset_v2_generator-1.2,dataset_v2_clean.0,,,18584.044684140128,20512.749498372264,,6,,0.3115756344541995,0.183,0,chirp|very_noisy|18500_20500,0
dataset_v2_clean.0_ook_000397,2,ook,48000,0.042666666666666665,20424.767607521408,6.560465229408129,noisy,0.9880189969134592,1.0,white,42,346528391,3181278870,dataset_v2_generator-1.2,dataset_v2_clean.0,63.75298743303962,,,,,,,0.3033125185567164,0.2561041666666667,0,ook|noisy|20500,0
dataset_v2_clean.0_ook_000262,2,ook,48000,0.042666666666666665,20499.985728129162,28.761596750221997,clean,0.7170171163880401,0.7384176142248429,ambient,42,3130375080,2690683118,dataset_v2_generator-1.2,dataset_v2_clean.0,61.393850010789215,,,,,,,0.335848153439232,0.20604166666666668,0,ook|clean|20500,0
dataset_v2_clean.0_benign_000454,0,benign,48000,0.042666666666666665,,,,0.6415548685819925,2.5410311058724337,white,42,4190689795,3266734,dataset_v2_generator-1.2,dataset_v2_clean.0,,,,,,,band_limited_hiss,0.22737926941988582,0.14,0,benign|band_limited_hiss|na|a60,0
dataset_v2_clean.0_ook_000284,2,ook,48000,0.042666666666666665,19390.627171011074,-4.733320723331987,very_noisy,0.814112384668541,1.0,white,42,2187389818,4204809601,dataset_v2_generator-1.2,dataset_v2_clean.0,62.18795393557265,,,,,,,0.3372539936027969,0.20739583333333333,0,ook|very_noisy|19500,0
dataset_v2_clean.0_benign_000031,0,benign,48000,0.042666666666666665,19368.12007274969,,,0.4543043596280302,0.4543040870600458,none,42,1073266673,2076780447,dataset_v2_generator-1.2,dataset_v2_clean.0,,,,,,,steady_ultrasonic_hum,0.35175171730206933,0.3039375,0,benign|steady_ultrasonic_hum|19500|a50,0
dataset_v2_clean.0_fsk_000205,1,fsk,48000,0.042666666666666665,19593.488951083258,6.739099127104507,noisy,0.9453825835503525,1.0,ambient,42,1254311607,921717375,dataset_v2_generator-1.2,dataset_v2_clean.0,41.88696274591747,872.7612006892195,,,,,,0.28194198901320777,0.14860416666666668,0,fsk|noisy|19500,0
dataset_v2_clean.0_benign_000323,0,benign,48000,0.042666666666666665,18483.96981454154,,,0.5002394385762833,0.500239438434619,none,42,102078542,700843304,dataset_v2_generator-1.2,dataset_v2_clean.0,,,,,,,steady_ultrasonic_hum,0.37872553483750104,0.28779166666666667,0,benign|steady_ultrasonic_hum|18500|a50,0
dataset_v2_clean.0_chirp_000194,3,chirp,48000,0.042666666666666665,,28.935382135459317,clean,0.6657251054226941,0.7207704767707643,white,42,2757073318,3581548147,dataset_v2_generator-1.2,dataset_v2_clean.0,,,18526.781702318553,20910.784349061232,,5,,0.4007149966619689,0.3431458333333333,0,chirp|clean|18500_21000,0
dataset_v2_clean.0_ook_000205,2,ook,48000,0.042666666666666665,19404.05216872269,-3.524785275912957,very_noisy,0.7969330022709179,1.0,ambient,42,2761249558,1628437383,dataset_v2_generator-1.2,dataset_v2_clean.0,69.03327213440011,,,,,,,0.3647701166677678,0.1215,0,ook|very_noisy|19500,0
dataset_v2_clean.0_chirp_000076,3,chirp,48000,0.042666666666666665,,-3.65243299771759,very_noisy,0.7644398032377001,1.0,white,42,1722373724,673780662,dataset_v2_generator-1.2,dataset_v2_clean.0,,,19231.367993768803,20348.133706277808,,4,,0.3580753188674274,0.11260416666666667,0,chirp|very_noisy|19000_20500,0
dataset_v2_clean.0_benign_000412,0,benign,48000,0.042666666666666665,,7.731056733710053,noisy,0.5752649069398627,0.8272098278178274,white,42,3054471227,2362103883,dataset_v2_generator-1.2,dataset_v2_clean.0,,,,,,,ambient_hf_boost,0.2732343698655245,0.1346875,0,benign|ambient_hf_boost|noisy,0
dataset_v2_clean.0_ook_000499,2,ook,48000,0.042666666666666665,18419.74408658654,0.37011903036215266,very_noisy,0.6908901759400643,1.0,ambient,42,1960878306,1669354772,dataset_v2_generator-1.2,dataset_v2_clean.0,30.328956299410812,,,,,,,0.2662870628015814,0.13829166666666667,0,ook|very_noisy|18500,0
dataset_v2_clean.0_ook_000222,2,ook,48000,0.042666666666666665,20327.42802633905,-2.476320804260989,very_noisy,0.5530085728765642,1.0,ambient,42,10888405,100449802,dataset_v2_generator-1.2,dataset_v2_clean.0,59.032683244102145,,,,,,,0.41755277924996265,0.301375,0,ook|very_noisy|20500,0
dataset_v2_clean.0_tone_000119,4,tone,48000,0.042666666666666665,20059.475693998913,-2.063344336165711,very_noisy,0.9918941916058347,1.0,white,42,19495360,1158598193,dataset_v2_generator-1.2,dataset_v2_clean.0,,,,,,,,0.22540756039723933,0.16529166666666667,0,tone|very_noisy|20000,0
dataset_v2_clean.0_chirp_000200,3,chirp,48000,0.042666666666666665,,0.8323864693776502,very_noisy,0.7774396827396524,1.0,white,42,4270220370,3802368918,dataset_v2_generator-1.2,dataset_v2_clean.0,,,18104.05829588137,20906.250838916043,,2,,0.356927154759328,0.03820833333333333,0,chirp|very_noisy|18000_21000,0
dataset_v2_clean.0_tone_000329,4,tone,48000,0.042666666666666665,19533.12238396159,29.90348961981286,clean,0.9512601605375326,1.0,white,42,3243558952,2288680223,dataset_v2_generator-1.2,dataset_v2_clean.0,,,,,,,,0.4052213924378743,0.2778333333333333,0,tone|clean|19500,0
dataset_v2_clean.0_benign_000394,0,benign,48000,0.042666666666666665,,,,0.5580937083609143,2.5924773841356967,white,42,2143862388,3128494247,dataset_v2_generator-1.2,dataset_v2_clean.0,,,,,,,band_limited_hiss,0.34868349879936933,0.1071875,0,benign|band_limited_hiss|na|a60,0
dataset_v2_clean.0_benign_000087,0,benign,48000,0.042666666666666665,20900.98024471388,,,0.2985770444882017,0.2985770443367494,none,42,430460686,1988065083,dataset_v2_generator-1.2,dataset_v2_clean.0,,,,,,,steady_ultrasonic_hum,0.2629291595941117,0.058,0,benign|steady_ultrasonic_hum|21000|a30,0
dataset_v2_clean.0_tone_000049,4,tone,48000,0.042666666666666665,18537.944146775204,15.182015076167465,moderate,0.82933956166415,1.0,ambient,42,3025491819,4100838561,dataset_v2_generator-1.2,dataset_v2_clean.0,,,,,,,,0.29751048366332683,0.19,0,tone|moderate|18500,0
dataset_v2_clean.0_ook_000280,2,ook,48000,0.042666666666666665,18783.890291222324,0.19696590872351116,very_noisy,0.8863326079221334,1.0,white,42,3257295216,3197031829,dataset_v2_generator-1.2,dataset_v2_clean.0,43.50667246580264,,,,,,,0.2592565862195382,0.025125,0,ook|very_noisy|19000,0
dataset_v2_clean.0_ook_000486,2,ook,48000,0.042666666666666665,20042.14114724481,4.941316413107246,noisy,0.5872971428878357,0.9801434320309388,ambient,42,1327543967,2577640788,dataset_v2_generator-1.2,dataset_v2_clean.0,52.14921209958828,,,,,,,0.32403041725497217,0.050708333333333334,0,ook|noisy|20000,0
dataset_v2_clean.0_fsk_000024,1,fsk,48000,0.042666666666666665,19297.817306920686,28.472972380528656,clean,0.8282502773760211,0.8982311356036571,ambient,42,1910202036,720826952,dataset_v2_generator-1.2,dataset_v2_clean.0,66.75774249027441,1668.4839203236734,,,,,,0.423410518809426,0.352875,0,fsk|clean|19500,0
dataset_v2_clean.0_tone_000288,4,tone,48000,0.042666666666666665,19922.982533037015,28.588845593296888,clean,0.6278645594033012,0.6820935890867037,white,42,95296125,3380999932,dataset_v2_generator-1.2,dataset_v2_clean.0,,,,,,,,0.39844991925662665,0.018125,0,tone|clean|20000,0
dataset_v2_clean.0_fsk_000426,1,fsk,48000,0.042666666666666665,19075.29410634945,6.993913129142733,noisy,0.8638510583997864,1.0,white,42,939921400,3139010456,dataset_v2_generator-1.2,dataset_v2_clean.0,30.13279048690425,1368.0208612266615,,,,,,0.3292604697897047,0.2769583333333333,0,fsk|noisy|19000,0
dataset_v2_clean.0_fsk_000496,1,fsk,48000,0.042666666666666665,18983.362747850286,25.685017973222568,clean,0.9020383396822669,0.9944519264777614,white,42,4115976964,3563137710,dataset_v2_generator-1.2,dataset_v2_clean.0,49.90587831086022,1294.5507024285725,,,,,,0.28848167982863476,0.21264583333333334,0,fsk|clean|19000,0
dataset_v2_clean.0_fsk_000410,1,fsk,48000,0.042666666666666665,19468.631222070617,21.777874631132732,clean,0.6222541817523531,0.701502858655245,ambient,42,2365557722,2119698971,dataset_v2_generator-1.2,dataset_v2_clean.0,41.108068594350186,1531.3687779293832,,,,,,0.22197645989383208,0.04858333333333333,0,fsk|clean|19500,0
dataset_v2_clean.0_ook_000119,2,ook,48000,0.042666666666666665,20050.02314851701,2.0518932667596745,noisy,0.7191255843531958,1.0,ambient,42,2828687563,117320290,dataset_v2_generator-1.2,dataset_v2_clean.0,39.97387809429881,,,,,,,0.24626431562321252,0.13945833333333332,0,ook|noisy|20000,0
dataset_v2_clean.0_fsk_000185,1,fsk,48000,0.042666666666666665,19454.134567034453,23.172562390181618,clean,0.9859590068661136,1.0,white,42,1257299374,622872929,dataset_v2_generator-1.2,dataset_v2_clean.0,86.77486529897725,1545.8654329655474,,,,,,0.3163287011506502,0.09472916666666667,0,fsk|clean|19500,0
dataset_v2_clean.0_fsk_000224,1,fsk,48000,0.042666666666666665,18595.59616727596,29.3037317265447,clean,0.6061163893246142,0.6534509173833807,white,42,167172022,3550867385,dataset_v2_generator-1.2,dataset_v2_clean.0,57.53659202839451,1013.1077652043787,,,,,,0.2301349497911372,0.033,0,fsk|clean|18500,0
dataset_v2_clean.0_tone_000028,4,tone,48000,0.042666666666666665,20932.744180511818,27.729788243268843,clean,0.8703779180128376,0.9570584217692376,white,42,1913396374,509473233,dataset_v2_generator-1.2,dataset_v2_clean.0,,,,,,,,0.3222237709828022,0.13652083333333334,0,tone|clean|21000,0
dataset_v2_clean.0_fsk_000384,1,fsk,48000,0.042666666666666665,18787.211061267306,11.153534711693124,moderate,0.6611568076587715,1.0,ambient,42,3771790617,707078248,dataset_v2_generator-1.2,dataset_v2_clean.0,62.77940383370676,1819.2134461677233,,,,,,0.33590807826135377,0.07516666666666667,0,fsk|moderate|19000,0
dataset_v2_clean.0_ook_000091,2,ook,48000,0.042666666666666665,19675.543751327714,18.45748806361071,moderate,0.7742803421808602,0.9548228126216163,white,42,2128108600,3072361404,dataset_v2_generator-1.2,dataset_v2_clean.0,60.889614809075766,,,,,,,0.31518126988098283,0.023229166666666665,0,ook|moderate|19500,0
dataset_v2_clean.0_fsk_000488,1,fsk,48000,0.042666666666666665,19677.435716857228,20.132603895894494,clean,0.9084387317211173,1.0,white,42,937540140,2947461472,dataset_v2_generator-1.2,dataset_v2_clean.0,78.88853961984253,656.129100609629,,,,,,0.41725890583313663,0.013666666666666667,0,fsk|clean|19500,0
dataset_v2_clean.0_chirp_000336,3,chirp,48000,0.042666666666666665,,-4.6847445220210435,very_noisy,0.8643708793346139,1.0,ambient,42,2109988308,1931589019,dataset_v2_generator-1.2,dataset_v2_clean.0,,,18859.69566913258,20834.538906306596,,2,,0.3462186878301873,0.017895833333333333,0,chirp|very_noisy|19000_21000,0
dataset_v2_clean.0_tone_000280,4,tone,48000,0.042666666666666665,18470.91572529681,10.996290379510796,moderate,0.6198835734558127,1.0,white,42,2862802892,4258378609,dataset_v2_generator-1.2,dataset_v2_clean.0,,,,,,,,0.40214410121947436,0.060083333333333336,0,tone|moderate|18500,0
dataset_v2_clean.0_ook_000389,2,ook,48000,0.042666666666666665,20597.7032709008,-0.289884957233669,very_noisy,0.9523999940478196,1.0,white,42,713921802,2779532255,dataset_v2_generator-1.2,dataset_v2_clean.0,67.44498790967742,,,,,,,0.2726632284760039,0.10104166666666667,0,ook|very_noisy|20500,0
dataset_v2_clean.0_ook_000344,2,ook,48000,0.042666666666666665,18368.681131845206,24.974213313298858,clean,0.6612704772704792,0.7003298217339804,ambient,42,2540581626,78407774,dataset_v2_generator-1.2,dataset_v2_clean.0,66.83018645681396,,,,,,,0.40307426750549963,0.09464583333333333,0,ook|clean|18500,0
dataset_v2_clean.0_fsk_000432,1,fsk,48000,0.042666666666666665,18253.730995098904,9.347744984594126,noisy,0.8612914524102893,1.0,white,42,1316806068,4125893264,dataset_v2_generator-1.2,dataset_v2_clean.0,84.10152772812714,799.5782300168648,,,,,,0.40134115542690096,0.20677083333333332,0,fsk|noisy|18500,0
dataset_v2_clean.0_ook_000363,2,ook,48000,0.042666666666666665,18774.377354799213,17.404458308676976,moderate,0.6241349104353084,0.7510298834408546,white,42,1812812478,2065291951,dataset_v2_generator-1.2,dataset_v2_clean.0,61.542553585281055,,,,,,,0.3890786948835363,0.2810416666666667,0,ook|moderate|19000,0
dataset_v2_clean.0_tone_000195,4,tone,48000,0.042666666666666665,19593.451592844547,3.814566532722419,noisy,0.7423503927860753,1.0,white,42,2969263260,1496264170,dataset_v2_generator-1.2,dataset_v2_clean.0,,,,,,,,0.4166042086651931,0.0859375,0,tone|noisy|19500,0
dataset_v2_clean.0_chirp_000140,3,chirp,48000,0.042666666666666665,,18.77016853627609,moderate,0.7690428312424819,0.9286319758128287,ambient,42,1227482946,3063731645,dataset_v2_generator-1.2,dataset_v2_clean.0,,,19282.27563805702,20315.514633625357,,4,,0.26973805299340103,0.1535625,0,chirp|moderate|19500_20500,0
dataset_v2_clean.0_ook_000154,2,ook,48000,0.042666666666666665,20886.37644647158,7.933534858428022,noisy,0.8422418163900521,1.0,white,42,1357404349,4199793580,dataset_v2_generator-1.2,dataset_v2_clean.0,38.4334399308883,,,,,,,0.26928968772265827,0.22329166666666667,0,ook|noisy|21000,0
dataset_v2_clean.0_ook_000360,2,ook,48000,0.042666666666666665,20213.135502660556,19.864453335993822,moderate,0.6286616185870907,0.7243285479329787,white,42,634294301,3772931024,dataset_v2_generator-1.2,dataset_v2_clean.0,39.04929405774352,,,,,,,0.31648470426989117,0.159625,0,ook|moderate|20000,0
dataset_v2_clean.0_ook_000116,2,ook,48000,0.042666666666666665,19866.105480649123,0.9445170842507711,very_noisy,0.8421244444684606,1.0,ambient,42,158561143,3315707230,dataset_v2_generator-1.2,dataset_v2_clean.0,58.43978903804252,,,,,,,0.30595048152958004,0.08883333333333333,0,ook|very_noisy|20000,0
dataset_v2_clean.0_fsk_000193,1,fsk,48000,0.042666666666666665,18564.956849062404,7.116196540312296,noisy,0.5584073727702267,1.0,white,42,594046923,1160855464,dataset_v2_generator-1.2,dataset_v2_clean.0,15.60404938573328,704.9264505808605,,,,,,0.3455187170656962,0.13245833333333334,0,fsk|noisy|18500,0
dataset_v2_clean.0_chirp_000029,3,chirp,48000,0.042666666666666665,,4.405175010736717,noisy,0.7929399305867811,1.0,ambient,42,3644997498,735186174,dataset_v2_generator-1.2,dataset_v2_clean.0,,,18192.079219671847,20505.12840913842,,4,,0.23508511927989417,0.16025,0,chirp|noisy|18000_20500,0
dataset_v2_clean.0_benign_000341,0,benign,48000,0.042666666666666665,,,,0.4782574911769055,1.9794656747304142,white,42,1079175599,882760294,dataset_v2_generator-1.2,dataset_v2_clean.0,,,,,,,white,0.31914404668997975,0.24095833333333333,0,benign|white|a50,1
dataset_v2_clean.0_fsk_000120,1,fsk,48000,0.042666666666666665,19124.300671367495,10.49421272782023,moderate,0.5994203349229534,0.8960351067625383,ambient,42,986059143,3226697449,dataset_v2_generator-1.2,dataset_v2_clean.0,19.973350937550574,701.5550965018083,,,,,,0.3748903250440953,0.3041875,0,fsk|moderate|19000,0
dataset_v2_clean.0_tone_000148,4,tone,48000,0.042666666666666665,20651.778284184547,27.127542250074228,clean,0.7197558247631861,0.7712061493094019,ambient,42,607240950,3123472276,dataset_v2_generator-1.2,dataset_v2_clean.0,,,,,,,,0.2723584549278894,0.11845833333333333,0,tone|clean|20500,0
dataset_v2_clean.0_ook_000109,2,ook,48000,0.042666666666666665,20554.50158286344,3.464577690173769,noisy,0.8804292657843482,1.0,ambient,42,349298578,346761584,dataset_v2_generator-1.2,dataset_v2_clean.0,49.23509861087403,,,,,,,0.2629511817720776,0.1573125,0,ook|noisy|20500,0
dataset_v2_clean.0_tone_000274,4,tone,48000,0.042666666666666665,19647.899369705858,1.6708166832860218,very_noisy,0.5602976096178528,1.0,ambient,42,2774715980,61066031,dataset_v2_generator-1.2,dataset_v2_clean.0,,,,,,,,0.4113873073220994,0.256125,0,tone|very_noisy|19500,0
dataset_v2_clean.0_ook_000430,2,ook,48000,0.042666666666666665,19338.330386549893,16.87137994673574,moderate,0.7220010629786778,0.8873429199177482,ambient,42,2538047753,1852754192,dataset_v2_generator-1.2,dataset_v2_clean.0,35.489948848196285,,,,,,,0.2418970766996599,0.0664375,0,ook|moderate|19500,0
dataset_v2_clean.0_benign_000333,0,benign,48000,0.042666666666666665,19124.366127563102,,,0.5114570948683542,0.5114570945525102,none,42,3208711127,3109264438,dataset_v2_generator-1.2,dataset_v2_clean.0,,,,,,,steady_ultrasonic_hum,0.39542289090295557,0.338625,0,benign|steady_ultrasonic_hum|19000|a50,0
dataset_v2_clean.0_chirp_000236,3,chirp,48000,0.042666666666666665,,28.58583176412507,clean,0.6776756079451586,0.735431130043346,white,42,959383702,3756882308,dataset_v2_generator-1.2,dataset_v2_clean.0,,,18922.848239125877,20801.722864349,,6,,0.3414446048512124,0.209375,0,chirp|clean|19000_21000,0
dataset_v2_clean.0_chirp_000416,3,chirp,48000,0.042666666666666665,,0.3834653918084898,very_noisy,0.9803466156924728,1.0,white,42,137014820,871044067,dataset_v2_generator-1.2,dataset_v2_clean.0,,,18427.2178483916,20777.631484037625,,7,,0.2302937637974438,0.13672916666666668,0,chirp|very_noisy|18500_21000,0
dataset_v2_clean.0_ook_000186,2,ook,48000,0.042666666666666665,19592.24046152801,21.744049214293685,clean,0.7947755334050548,0.8772628540420195,ambient,42,4106943287,3374911549,dataset_v2_generator-1.2,dataset_v2_clean.0,66.720341757923,,,,,,,0.2144692654088851,0.109625,0,ook|clean|19500,0
dataset_v2_clean.0_benign_000344,0,benign,48000,0.042666666666666665,18404.52691481816,,,0.44605313253962914,0.4460531313647178,none,42,3865589384,4241531469,dataset_v2_generator-1.2,dataset_v2_clean.0,,,,,,,steady_ultrasonic_hum,0.28091971065325316,0.14522916666666666,0,benign|steady_ultrasonic_hum|18500|a40,0
dataset_v2_clean.0_chirp_000347,3,chirp,48000,0.042666666666666665,,13.916338598325204,moderate,0.5983724608609684,0.907529908952844,white,42,3295314433,2213357503,dataset_v2_generator-1.2,dataset_v2_clean.0,,,18613.81208335339,20588.334672085864,,5,,0.41927009023176304,0.12925,0,chirp|moderate|18500_20500,0
dataset_v2_clean.0_fsk_000442,1,fsk,48000,0.042666666666666665,19286.788474628487,12.351848959809022,moderate,0.7878344024285583,1.0,white,42,564690605,1098033094,dataset_v2_generator-1.2,dataset_v2_clean.0,15.788595633815262,825.2862308688455,,,,,,0.4224010365519998,0.29872916666666666,0,fsk|moderate|19500,0
dataset_v2_clean.0_tone_000261,4,tone,48000,0.042666666666666665,18385.6468127233,6.580833484110062,noisy,0.6987846081554866,1.0,ambient,42,2093905769,2938259937,dataset_v2_generator-1.2,dataset_v2_clean.0,,,,,,,,0.3998142137428979,0.26908333333333334,0,tone|noisy|18500,0
dataset_v2_clean.0_fsk_000080,1,fsk,48000,0.042666666666666665,19414.473902498783,6.364333948613173,noisy,0.7485793471433148,1.0,ambient,42,3137849055,950429876,dataset_v2_generator-1.2,dataset_v2_clean.0,56.86638056310172,1542.9393219075428,,,,,,0.25303703225254787,0.0479375,0,fsk|noisy|19500,0
dataset_v2_clean.0_benign_000169,0,benign,48000,0.042666666666666665,,5.74262118801453,noisy,0.5411652318032268,0.7658882522511483,white,42,1142744439,2476643771,dataset_v2_generator-1.2,dataset_v2_clean.0,,,,,,,ambient_hf_boost,0.424398528625092,0.067,0,benign|ambient_hf_boost|noisy,0
dataset_v2_clean.0_ook_000478,2,ook,48000,0.042666666666666665,18499.191549487317,23.602774400529444,clean,0.946729184433579,0.9792650781694678,ambient,42,3949710843,2934068135,dataset_v2_generator-1.2,dataset_v2_clean.0,30.99841043599143,,,,,,,0.24684437375743803,0.18672916666666667,1,ook|clean|18500,0
dataset_v2_clean.0_fsk_000020,1,fsk,48000,0.042666666666666665,19012.45307566088,5.973898119614846,noisy,0.5640262475201236,1.0,white,42,2919912252,3532647606,dataset_v2_generator-1.2,dataset_v2_clean.0,35.34969330262352,1181.1930700630437,,,,,,0.37453635325691736,0.2693333333333333,0,fsk|noisy|19000,0
dataset_v2_clean.0_tone_000270,4,tone,48000,0.042666666666666665,20891.996028301044,-3.3538609820495173,very_noisy,0.5657752785081396,1.0,ambient,42,1449788873,2588782378,dataset_v2_generator-1.2,dataset_v2_clean.0,,,,,,,,0.3632490927717855,0.1080625,0,tone|very_noisy|21000,0
dataset_v2_clean.0_benign_000402,0,benign,48000,0.042666666666666665,19566.520916257356,,,0.38726216484666365,0.3872621648443959,none,42,446644347,3621808126,dataset_v2_generator-1.2,dataset_v2_clean.0,,,,,,,steady_ultrasonic_hum,0.41302465934945803,0.36241666666666666,0,benign|steady_ultrasonic_hum|19500|a40,0
dataset_v2_clean.0_benign_000234,0,benign,48000,0.042666666666666665,,21.940499020720473,clean,0.4919976818005384,0.5157548871598805,white,42,1947762283,1567622626,dataset_v2_generator-1.2,dataset_v2_clean.0,,,,,,,ambient_hf_boost,0.27914223382853276,0.21427083333333333,0,benign|ambient_hf_boost|clean,0
dataset_v2_clean.0_ook_000051,2,ook,48000,0.042666666666666665,19209.3514320228,27.735339520315755,clean,0.681013298662407,0.7067767903979951,white,42,1945319640,2055044093,dataset_v2_generator-1.2,dataset_v2_clean.0,30.277274570844362,,,,,,,0.21448192741173752,0.027541666666666666,1,ook|clean|19000,0
dataset_v2_clean.0_tone_000090,4,tone,48000,0.042666666666666665,19257.773353702196,22.24793332680263,clean,0.8186312638925674,0.9122266586305586,ambient,42,446955033,953089519,dataset_v2_generator-1.2,dataset_v2_clean.0,,,,,,,,0.38417073209919617,0.20954166666666665,0,tone|clean|19500,0
dataset_v2_clean.0_tone_000495,4,tone,48000,0.042666666666666665,18653.01876560361,8.784666420442704,noisy,0.8804243047043769,1.0,ambient,42,286418738,2728683406,dataset_v2_generator-1.2,dataset_v2_clean.0,,,,,,,,0.2710153214689365,0.100875,0,tone|noisy|18500,0
dataset_v2_clean.0_chirp_000466,3,chirp,48000,0.042666666666666665,,19.024182401245422,moderate,0.8648114354340392,1.0,ambient,42,3206471686,2054049696,dataset_v2_generator-1.2,dataset_v2_clean.0,,,18381.670222919704,20979.667764682883,,4,,0.359383564666378,0.004375,0,chirp|moderate|18500_21000,0
dataset_v2_clean.0_ook_000349,2,ook,48000,0.042666666666666665,19729.27387396569,11.370891571676346,moderate,0.7713215046142633,1.0,white,42,2588215215,2038528756,dataset_v2_generator-1.2,dataset_v2_clean.0,37.11373930263267,,,,,,,0.40583710524763733,0.33775,0,ook|moderate|19500,0
dataset_v2_clean.0_chirp_000314,3,chirp,48000,0.042666666666666665,,15.429676869748784,moderate,0.7877863207862668,1.0,white,42,796099266,4143394143,dataset_v2_generator-1.2,dataset_v2_clean.0,,,18701.46288257701,20508.64354304978,,3,,0.4071401144875584,0.19545833333333335,0,chirp|moderate|18500_20500,0
dataset_v2_clean.0_benign_000361,0,benign,48000,0.042666666666666665,18675.123637400124,,,0.2629584868415058,0.2629584847737489,none,42,4093090220,3905995247,dataset_v2_generator-1.2,dataset_v2_clean.0,,,,,,,steady_ultrasonic_hum,0.3739295383719852,0.31566666666666665,0,benign|steady_ultrasonic_hum|18500|a30,0
dataset_v2_clean.0_benign_000048,0,benign,48000,0.042666666666666665,18669.468674644217,,,0.48725334442672247,0.4872533435213001,none,42,1687153193,3941859182,dataset_v2_generator-1.2,dataset_v2_clean.0,,,,,,,steady_ultrasonic_hum,0.24772110937085653,0.1848125,0,benign|steady_ultrasonic_hum|18500|a50,0
dataset_v2_clean.0_benign_000480,0,benign,48000,0.042666666666666665,,,,0.4763492611219615,0.4763492611219615,ambient,42,996176880,2249439626,dataset_v2_generator-1.2,dataset_v2_clean.0,,,,,,,ambient,0.2829748532564787,0.050041666666666665,0,benign|ambient|a50,0
dataset_v2_clean.0_ook_000217,2,ook,48000,0.042666666666666665,19164.02493019338,2.2516629623051037,noisy,0.5787631806666221,1.0,white,42,3486834798,269912629,dataset_v2_generator-1.2,dataset_v2_clean.0,62.39546345853001,,,,,,,0.22553946484430631,0.079375,0,ook|noisy|19000,0
dataset_v2_clean.0_tone_000472,4,tone,48000,0.042666666666666665,19644.24854142305,28.97528262681712,clean,0.614210491510365,0.6554205883632115,ambient,42,3968815110,1794193003,dataset_v2_generator-1.2,dataset_v2_clean.0,,,,,,,,0.3747902230213226,0.14383333333333334,0,tone|clean|19500,0
dataset_v2_clean.0_chirp_000114,3,chirp,48000,0.042666666666666665,,16.47918669232918,moderate,0.6453907188032424,0.8512834672457648,white,42,1406900957,1724266823,dataset_v2_generator-1.2,dataset_v2_clean.0,,,18453.84227488631,20906.353634662937,,2,,0.37143570065022646,0.20233333333333334,0,chirp|moderate|18500_21000,0
dataset_v2_clean.0_tone_000395,4,tone,48000,0.042666666666666665,19240.83686349715,25.21581835828799,clean,0.9820619381410811,1.0,ambient,42,1397267521,2548707941,dataset_v2_generator-1.2,dataset_v2_clean.0,,,,,,,,0.28045324239216757,0.063,0,tone|clean|19000,0
dataset_v2_clean.0_ook_000398,2,ook,48000,0.042666666666666665,18827.625981604444,17.34376540245924,moderate,0.9836461831418944,1.0,ambient,42,3812705795,3681000377,dataset_v2_generator-1.2,dataset_v2_clean.0,55.546908165847725,,,,,,,0.4118339372691574,0.32914583333333336,0,ook|moderate|19000,0
dataset_v2_clean.0_fsk_000037,1,fsk,48000,0.042666666666666665,19167.62243399034,26.12301483246199,clean,0.6384894438283971,0.6926637188343473,ambient,42,2641484167,2232530563,dataset_v2_generator-1.2,dataset_v2_clean.0,61.86667894246146,1675.680278275755,,,,,,0.39863197496277114,0.139375,0,fsk|clean|19000,0
dataset_v2_clean.0_tone_000249,4,tone,48000,0.042666666666666665,20909.74943432058,-3.0301922984170897,very_noisy,0.5619258930864408,1.0,white,42,3430224855,1607526856,dataset_v2_generator-1.2,dataset_v2_clean.0,,,,,,,,0.22195210567108842,0.042041666666666665,0,tone|very_noisy|21000,0
dataset_v2_clean.0_tone_000435,4,tone,48000,0.042666666666666665,19306.95702749953,7.987774273772307,noisy,0.8557791444101108,1.0,ambient,42,913640777,1445640272,dataset_v2_generator-1.2,dataset_v2_clean.0,,,,,,,,0.34084977042115183,0.2285,0,tone|noisy|19500,0
dataset_v2_clean.0_ook_000400,2,ook,48000,0.042666666666666665,18869.525220961634,-4.259353479551037,very_noisy,0.9321370229899544,1.0,ambient,42,3879877016,2690538806,dataset_v2_generator-1.2,dataset_v2_clean.0,58.933503793525745,,,,,,,0.26720168074606443,0.14925,0,ook|very_noisy|19000,0
dataset_v2_clean.0_ook_000490,2,ook,48000,0.042666666666666665,18907.488765788803,6.468200610302508,noisy,0.7523281092283473,1.0,white,42,3957427862,504649131,dataset_v2_generator-1.2,dataset_v2_clean.0,66.64403202069877,,,,,,,0.2227341641950455,0.10472916666666666,0,ook|noisy|19000,0
dataset_v2_clean.0_benign_000353,0,benign,48000,0.042666666666666665,18411.80829550967,,,0.3831203178116394,0.3831203176219218,none,42,452414651,95372520,dataset_v2_generator-1.2,dataset_v2_clean.0,,,,,,,steady_ultrasonic_hum,0.23286116800844983,0.05314583333333334,0,benign|steady_ultrasonic_hum|18500|a40,0
dataset_v2_clean.0_ook_000191,2,ook,48000,0.042666666666666665,20165.84354608205,15.503179158124272,moderate,0.7965780488808472,0.8757446253406088,ambient,42,1742586050,2487458085,dataset_v2_generator-1.2,dataset_v2_clean.0,33.406341600919994,,,,,,,0.22925610952559053,0.07814583333333333,0,ook|moderate|20000,0
dataset_v2_clean.0_chirp_000389,3,chirp,48000,0.042666666666666665,,19.19097431723817,moderate,0.6932561943630362,0.8137135792299114,ambient,42,2124620470,1166312327,dataset_v2_generator-1.2,dataset_v2_clean.0,,,18144.721341799755,20558.954422932744,,3,,0.28024907892723283,0.18208333333333335,0,chirp|moderate|18000_20500,0
dataset_v2_clean.0_tone_000488,4,tone,48000,0.042666666666666665,18353.20117867538,22.507409103457018,clean,0.6661975378499193,0.7302755190156938,ambient,42,1261219375,2654240224,dataset_v2_generator-1.2,dataset_v2_clean.0,,,,,,,,0.2532403336710818,0.07558333333333334,0,tone|clean|18500,0
dataset_v2_clean.0_tone_000164,4,tone,48000,0.042666666666666665,20143.52310905159,-3.7717119565120716,very_noisy,0.7128707994602128,1.0,ambient,42,488085777,978213880,dataset_v2_generator-1.2,dataset_v2_clean.0,,,,,,,,0.28351494780328457,0.16825,0,tone|very_noisy|20000,0
dataset_v2_clean.0_fsk_000072,1,fsk,48000,0.042666666666666665,18314.43431885279,17.4544570044242,moderate,0.7378513980229398,0.9081839273997417,ambient,42,2151306975,2902438991,dataset_v2_generator-1.2,dataset_v2_clean.0,35.13934107405919,1155.6010707466412,,,,,,0.3233468708336484,0.22620833333333334,0,fsk|moderate|18500,0
dataset_v2_clean.0_ook_000084,2,ook,48000,0.042666666666666665,20460.86839432472,28.111526005261318,clean,0.5661725877223266,0.5849843807880905,ambient,42,1929121048,3707939549,dataset_v2_generator-1.2,dataset_v2_clean.0,48.907829624754456,,,,,,,0.366222744638467,0.3025,0,ook|clean|20500,0
dataset_v2_clean.0_ook_000167,2,ook,48000,0.042666666666666665,20413.998000748466,27.108858015775525,clean,0.8798672557050583,0.9328842888198323,ambient,42,3627600746,1894419339,dataset_v2_generator-1.2,dataset_v2_clean.0,69.80429060800036,,,,,,,0.4155685606615084,0.10914583333333333,0,ook|clean|20500,0
dataset_v2_clean.0_tone_000005,4,tone,48000,0.042666666666666665,19701.05671593607,-4.9345387369286815,very_noisy,0.8772774469852549,1.0,white,42,2046456746,1167513559,dataset_v2_generator-1.2,dataset_v2_clean.0,,,,,,,,0.4205873144626728,0.2609166666666667,0,tone|very_noisy|19500,0
dataset_v2_clean.0_fsk_000428,1,fsk,48000,0.042666666666666665,19356.814164076415,26.34677081662784,clean,0.9262239359007131,1.0,white,42,1014060835,258322124,dataset_v2_generator-1.2,dataset_v2_clean.0,67.20159988063375,1643.1858359235848,,,,,,0.21453867425840836,0.04558333333333333,0,fsk|clean|19500,0
dataset_v2_clean.0_tone_000008,4,tone,48000,0.042666666666666665,19471.35766824732,5.354552250820689,noisy,0.9249711340948621,1.0,white,42,1151961383,2902669127,dataset_v2_generator-1.2,dataset_v2_clean.0,,,,,,,,0.25387230818077466,0.011020833333333334,0,tone|noisy|19500,0
dataset_v2_clean.0_tone_000428,4,tone,48000,0.042666666666666665,18564.684167328654,-3.490028243777534,very_noisy,0.7698037335805309,1.0,white,42,1488559068,56614005,dataset_v2_generator-1.2,dataset_v2_clean.0,,,,,,,,0.3292963655774548,0.25216666666666665,0,tone|very_noisy|18500,0
dataset_v2_clean.0_tone_000497,4,tone,48000,0.042666666666666665,19080.329669038958,3.028053798604902,noisy,0.810464828785342,1.0,white,42,2923893900,2423337316,dataset_v2_generator-1.2,dataset_v2_clean.0,,,,,,,,0.3266089406360838,0.15170833333333333,0,tone|noisy|19000,0
dataset_v2_clean.0_chirp_000331,3,chirp,48000,0.042666666666666665,,12.256254230941437,moderate,0.7629665508614701,1.0,white,42,3325445771,35902640,dataset_v2_generator-1.2,dataset_v2_clean.0,,,19122.60407619637,20337.843501879663,,8,,0.25045212784736315,0.19289583333333332,0,chirp|moderate|19000_20500,0
dataset_v2_clean.0_ook_000451,2,ook,48000,0.042666666666666665,18486.32981245874,-0.4040080399671222,very_noisy,0.5608845689622379,1.0,white,42,1152505815,1870641259,dataset_v2_generator-1.2,dataset_v2_clean.0,42.54810667008702,,,,,,,0.3394731766705837,0.0230625,0,ook|very_noisy|18500,0
dataset_v2_clean.0_chirp_000277,3,chirp,48000,0.042666666666666665,,14.010192134242473,moderate,0.9043399038658109,1.0,ambient,42,3177897962,2509483164,dataset_v2_generator-1.2,dataset_v2_clean.0,,,18552.60169098425,20389.20716798343,,5,,0.29631149309756183,0.24933333333333332,0,chirp|moderate|18500_20500,0
dataset_v2_clean.0_benign_000163,0,benign,48000,0.042666666666666665,,,,0.4845329029523302,1.9790629563307944,white,42,2673111610,3899209853,dataset_v2_generator-1.2,dataset_v2_clean.0,,,,,,,band_limited_hiss,0.39819735570463594,0.157375,0,benign|band_limited_hiss|na|a50,0
dataset_v2_clean.0_benign_000221,0,benign,48000,0.042666666666666665,19099.008474155416,,,0.3292815440720561,0.32928154313465663,none,42,1379019304,4111909585,dataset_v2_generator-1.2,dataset_v2_clean.0,,,,,,,steady_ultrasonic_hum,0.3911923402794282,0.2793333333333333,0,benign|steady_ultrasonic_hum|19000|a30,0
dataset_v2_clean.0_chirp_000428,3,chirp,48000,0.042666666666666665,,21.512979968155335,clean,0.6749236684429492,0.8074278028283319,white,42,3266115128,2109607750,dataset_v2_generator-1.2,dataset_v2_clean.0,,,18225.05061919526,20712.496112379627,,6,,0.42525357136599223,0.2919583333333333,0,chirp|clean|18000_20500,0
dataset_v2_clean.0_fsk_000096,1,fsk,48000,0.042666666666666665,18976.425824139256,24.93163677757809,clean,0.892646926585698,1.0,white,42,1514530970,2063034652,dataset_v2_generator-1.2,dataset_v2_clean.0,49.168995084781315,1013.2636670733082,,,,,,0.3758586323433256,0.2295,0,fsk|clean|19000,0
dataset_v2_clean.0_ook_000268,2,ook,48000,0.042666666666666665,19364.92452847487,26.98548486539006,clean,0.6523304891740714,0.6776333945179934,ambient,42,1593405832,2760239881,dataset_v2_generator-1.2,dataset_v2_clean.0,59.448873091530295,,,,,,,0.41272382553914466,0.20325,0,ook|clean|19500,0
dataset_v2_clean.0_ook_000447,2,ook,48000,0.042666666666666665,20332.540372296316,9.433652947112105,noisy,0.9166055455091389,1.0,white,42,1739690172,1628679183,dataset_v2_generator-1.2,dataset_v2_clean.0,34.180911508078104,,,,,,,0.3565641965827464,0.2850416666666667,0,ook|noisy|20500,0
dataset_v2_clean.0_tone_000152,4,tone,48000,0.042666666666666665,20147.979402082812,-3.7601762598118422,very_noisy,0.7867601758827246,1.0,ambient,42,2637483309,998726848,dataset_v2_generator-1.2,dataset_v2_clean.0,,,,,,,,0.34562851344883133,0.1284375,0,tone|very_noisy|20000,0
dataset_v2_clean.0_benign_000489,0,benign,48000,0.042666666666666665,,2.176873318279922,noisy,0.16418209246174822,0.23226867954016867,white,42,1296258033,359150977,dataset_v2_generator-1.2,dataset_v2_clean.0,,,,,,,ambient_hf_boost,0.2786186514358448,0.13233333333333333,0,benign|ambient_hf_boost|noisy,0
dataset_v2_clean.0_ook_000048,2,ook,48000,0.042666666666666665,19505.64354322093,24.45860213488708,clean,0.9995457832309756,1.0,ambient,42,1108954884,3972817021,dataset_v2_generator-1.2,dataset_v2_clean.0,62.694561606708476,,,,,,,0.3540258464507853,0.2958125,1,ook|clean|19500,0
dataset_v2_clean.0_ook_000208,2,ook,48000,0.042666666666666665,18760.556563657537,-4.599645493338953,very_noisy,0.7385352969606015,1.0,ambient,42,910435697,4040265871,dataset_v2_generator-1.2,dataset_v2_clean.0,34.57056866386802,,,,,,,0.3140909249787796,0.08641666666666667,0,ook|very_noisy|19000,0
dataset_v2_clean.0_ook_000290,2,ook,48000,0.042666666666666665,20086.322384544597,10.069076159201378,moderate,0.7356087552630923,0.9769001160513445,ambient,42,4271987988,1636023014,dataset_v2_generator-1.2,dataset_v2_clean.0,53.90532771865283,,,,,,,0.25870028556099267,0.06166666666666667,1,ook|moderate|20000,0
dataset_v2_clean.0_ook_000440,2,ook,48000,0.042666666666666665,18720.069359759465,23.315955052656385,clean,0.6981416969510464,0.7495733376680589,ambient,42,1070344460,3661112870,dataset_v2_generator-1.2,dataset_v2_clean.0,55.23596935004929,,,,,,,0.31947799947118727,0.2706458333333333,0,ook|clean|18500,0
dataset_v2_clean.0_ook_000118,2,ook,48000,0.042666666666666665,20566.542952375214,12.5979647886124,moderate,0.8525902674418346,1.0,ambient,42,854621901,4186585528,dataset_v2_generator-1.2,dataset_v2_clean.0,67.04094145558638,,,,,,,0.21603962907453303,0.04689583333333333,0,ook|moderate|20500,0
dataset_v2_clean.0_tone_000104,4,tone,48000,0.042666666666666665,19968.08264518404,21.548096568328173,clean,0.5934214946332731,0.7167377814197745,white,42,505319439,3548273881,dataset_v2_generator-1.2,dataset_v2_clean.0,,,,,,,,0.37656314599187557,0.24235416666666668,0,tone|clean|20000,0
dataset_v2_clean.0_ook_000477,2,ook,48000,0.042666666666666665,19292.6294084857,20.63729388631112,clean,0.611032246083353,0.6869923853361604,white,42,678497060,1049909553,dataset_v2_generator-1.2,dataset_v2_clean.0,69.78048217110198,,,,,,,0.37885446059412714,0.17802083333333332,0,ook|clean|19500,0
dataset_v2_clean.0_fsk_000300,1,fsk,48000,0.042666666666666665,18598.49915191647,-3.968884204543257,very_noisy,0.81732906464749,1.0,ambient,42,152360607,3036860929,dataset_v2_generator-1.2,dataset_v2_clean.0,53.8338690867684,1141.032011672669,,,,,,0.37344568928492444,0.03995833333333333,0,fsk|very_noisy|18500,0
dataset_v2_clean.0_fsk_000417,1,fsk,48000,0.042666666666666665,19181.641516316995,-0.7764525118284711,very_noisy,0.919388276832674,1.0,white,42,3269003054,1784092956,dataset_v2_generator-1.2,dataset_v2_clean.0,21.820226779734213,1243.3455928987132,,,,,,0.21986404016995534,0.07247916666666666,0,fsk|very_noisy|19000,0
dataset_v2_clean.0_benign_000253,0,benign,48000,0.042666666666666665,19011.0673495066,,,0.4939114870433734,0.493911484921881,none,42,2732248022,1291394126,dataset_v2_generator-1.2,dataset_v2_clean.0,,,,,,,steady_ultrasonic_hum,0.2498064122847805,0.16929166666666667,0,benign|steady_ultrasonic_hum|19000|a50,0
dataset_v2_clean.0_fsk_000086,1,fsk,48000,0.042666666666666665,19164.268615493413,10.824603500839189,moderate,0.8330216726736794,1.0,white,42,3319902823,1794939957,dataset_v2_generator-1.2,dataset_v2_clean.0,64.39845674406538,1425.291722644055,,,,,,0.26643340554202305,0.1450625,0,fsk|moderate|19000,0
dataset_v2_clean.0_ook_000198,2,ook,48000,0.042666666666666665,19305.18202049393,15.069865197170488,moderate,0.8127950182026875,0.9166109802859128,white,42,431489475,1584997066,dataset_v2_generator-1.2,dataset_v2_clean.0,38.15237824886808,,,,,,,0.36514789090232713,0.05595833333333333,0,ook|moderate|19500,0
dataset_v2_clean.0_chirp_000134,3,chirp,48000,0.042666666666666665,,25.479133500447592,clean,0.9340858210507019,1.0,ambient,42,4067092442,945277851,dataset_v2_generator-1.2,dataset_v2_clean.0,,,18846.526714728498,20838.331546865164,,5,,0.30835372488608936,0.262625,0,chirp|clean|19000_21000,0
dataset_v2_clean.0_benign_000057,0,benign,48000,0.042666666666666665,19245.685737713866,,,0.49810772734793773,0.4981077264120191,none,42,2189215482,2037066374,dataset_v2_generator-1.2,dataset_v2_clean.0,,,,,,,steady_ultrasonic_hum,0.38417332859374226,0.24558333333333332,0,benign|steady_ultrasonic_hum|19000|a50,0
dataset_v2_clean.0_tone_000093,4,tone,48000,0.042666666666666665,19123.390429962074,2.8891000682491406,noisy,0.7199839130351806,1.0,white,42,3314453069,290326219,dataset_v2_generator-1.2,dataset_v2_clean.0,,,,,,,,0.3631121018394529,0.2521041666666667,0,tone|noisy|19000,0
dataset_v2_clean.0_tone_000155,4,tone,48000,0.042666666666666665,20790.699953288982,18.706049069272744,moderate,0.9417528584581145,1.0,ambient,42,1717140410,3709971875,dataset_v2_generator-1.2,dataset_v2_clean.0,,,,,,,,0.22269081228455673,0.144,0,tone|moderate|21000,0
dataset_v2_clean.0_chirp_000239,3,chirp,48000,0.042666666666666665,,-1.6924137864150879,very_noisy,0.637345199694185,1.0,ambient,42,2132818728,2748695275,dataset_v2_generator-1.2,dataset_v2_clean.0,,,18264.212652875452,20288.483980191588,,2,,0.38153077449451656,0.15204166666666666,0,chirp|very_noisy|18500_20500,0
dataset_v2_clean.0_tone_000450,4,tone,48000,0.042666666666666665,18932.018075794957,24.424591446890997,clean,0.9998587033796068,1.0,ambient,42,3427804864,597157312,dataset_v2_generator-1.2,dataset_v2_clean.0,,,,,,,,0.3494535754018335,0.2525833333333333,0,tone|clean|19000,0
dataset_v2_clean.0_tone_000206,4,tone,48000,0.042666666666666665,19419.606518476397,10.96391858044002,moderate,0.7465949266240339,1.0,white,42,3227269981,1530168900,dataset_v2_generator-1.2,dataset_v2_clean.0,,,,,,,,0.42508060557375543,0.10314583333333334,0,tone|moderate|19500,0
dataset_v2_clean.0_ook_000482,2,ook,48000,0.042666666666666665,20463.91361842902,20.750568973475882,clean,0.9420601760390417,1.0,white,42,1721635,2270757145,dataset_v2_generator-1.2,dataset_v2_clean.0,64.4564964279771,,,,,,,0.3505292710962542,0.24041666666666667,0,ook|clean|20500,0
dataset_v2_clean.0_benign_000142,0,benign,48000,0.042666666666666665,,,,0.5126962509330886,2.1387654260147975,white,42,158104852,3121776076,dataset_v2_generator-1.2,dataset_v2_clean.0,,,,,,,white,0.26143476969825635,0.0406875,0,benign|white|a50,0
dataset_v2_clean.0_benign_000311,0,benign,48000,0.042666666666666665,,,,0.3705554250374521,1.7750106669025518,white,42,3372735958,319275647,dataset_v2_generator-1.2,dataset_v2_clean.0,,,,,,,band_limited_hiss,0.41951038541286706,0.07508333333333334,0,benign|band_limited_hiss|na|a40,0
dataset_v2_clean.0_ook_000020,2,ook,48000,0.042666666666666665,18561.64380151085,-3.9399786323404973,very_noisy,0.8608078731516335,1.0,ambient,42,1413633581,3166663138,dataset_v2_generator-1.2,dataset_v2_clean.0,46.85797819880865,,,,,,,0.2969745865657433,0.2144375,0,ook|very_noisy|18500,0
dataset_v2_clean.0_benign_000400,0,benign,48000,0.042666666666666665,,-2.092567110113004,very_noisy,0.5879577707397222,1.0,white,42,1510003920,2099568075,dataset_v2_generator-1.2,dataset_v2_clean.0,,,,,,,ambient_hf_boost,0.27440014801043183,0.008520833333333333,0,benign|ambient_hf_boost|very_noisy,0
dataset_v2_clean.0_fsk_000145,1,fsk,48000,0.042666666666666665,18246.316053627543,15.13466320507827,moderate,0.6205274547954434,0.940640914202358,white,42,1238842621,1501007555,dataset_v2_generator-1.2,dataset_v2_clean.0,54.74763294099127,1980.3227123041943,,,,,,0.3115252740901129,0.1021875,0,fsk|moderate|18000,0
dataset_v2_clean.0_tone_000116,4,tone,48000,0.042666666666666665,20538.97663289481,18.25757650791462,moderate,0.7089252506818271,0.8479999402460658,ambient,42,3015685192,1383131422,dataset_v2_generator-1.2,dataset_v2_clean.0,,,,,,,,0.3866472619454292,0.2523958333333333,0,tone|moderate|20500,0
dataset_v2_clean.0_benign_000068,0,benign,48000,0.042666666666666665,,,,0.7430559702128396,2.942236501855931,white,42,4164217736,3220846753,dataset_v2_generator-1.2,dataset_v2_clean.0,,,,,,,band_limited_hiss,0.27751261761199186,0.10975,0,benign|band_limited_hiss|na|a70,0
dataset_v2_clean.0_tone_000046,4,tone,48000,0.042666666666666665,19337.188426133413,3.882731440288252,noisy,0.9326498785987198,1.0,white,42,2888795132,2150879275,dataset_v2_generator-1.2,dataset_v2_clean.0,,,,,,,,0.2681310681965891,0.2050625,0,tone|noisy|19500,0
dataset_v2_clean.0_fsk_000333,1,fsk,48000,0.042666666666666665,19461.23968923169,-3.424505980357624,very_noisy,0.8359851738744486,1.0,white,42,2445002610,2802588689,dataset_v2_generator-1.2,dataset_v2_clean.0,47.18495248893042,990.8115626328654,,,,,,0.22491786195460708,0.03941666666666667,0,fsk|very_noisy|19500,0
dataset_v2_clean.0_tone_000173,4,tone,48000,0.042666666666666665,20353.410538243206,-0.5926129560489128,very_noisy,0.5799258753382339,1.0,ambient,42,1349021616,2700605237,dataset_v2_generator-1.2,dataset_v2_clean.0,,,,,,,,0.243342370615916,0.14154166666666668,0,tone|very_noisy|20500,0
dataset_v2_clean.0_benign_000197,0,benign,48000,0.042666666666666665,,-2.6306240861653274,very_noisy,0.16842381471747042,0.5219378485356778,white,42,2473909330,3413361653,dataset_v2_generator-1.2,dataset_v2_clean.0,,,,,,,ambient_hf_boost,0.21383173740130185,0.10322916666666666,0,benign|ambient_hf_boost|very_noisy,0
dataset_v2_clean.0_benign_000100,0,benign,48000,0.042666666666666665,,,,0.1630663044822266,0.7033690137856373,white,42,2688580287,1842052501,dataset_v2_generator-1.2,dataset_v2_clean.0,,,,,,,white,0.42594040512306997,0.32916666666666666,0,benign|white|a20,0
dataset_v2_clean.0_chirp_000187,3,chirp,48000,0.042666666666666665,,-1.8989734855510125,very_noisy,0.7922874410426882,1.0,white,42,237394611,1658522215,dataset_v2_generator-1.2,dataset_v2_clean.0,,,18876.59779606057,20237.47217047195,,4,,0.23416503392110663,0.015104166666666667,0,chirp|very_noisy|19000_20000,0
dataset_v2_clean.0_tone_000054,4,tone,48000,0.042666666666666665,20136.88875008393,-2.7583208932940204,very_noisy,0.6885972524394193,1.0,white,42,1455577794,2184452518,dataset_v2_generator-1.2,dataset_v2_clean.0,,,,,,,,0.33969087607149834,0.1946875,0,tone|very_noisy|20000,0
dataset_v2_clean.0_tone_000063,4,tone,48000,0.042666666666666665,18548.764901694125,27.55541941042644,clean,0.5995157240869938,0.6478373480153979,white,42,188413148,2226216447,dataset_v2_generator-1.2,dataset_v2_clean.0,,,,,,,,0.38676824368488444,0.0623125,0,tone|clean|18500,0
dataset_v2_clean.0_chirp_000141,3,chirp,48000,0.042666666666666665,,23.064623151517583,clean,0.6845866426946576,0.7762155234200423,ambient,42,3636841699,2559392589,dataset_v2_generator-1.2,dataset_v2_clean.0,,,19169.32616445895,20833.09852532143,,7,,0.27276799209628455,0.0730625,0,chirp|clean|19000_21000,0
dataset_v2_clean.0_chirp_000041,3,chirp,48000,0.042666666666666665,,2.3481602504529606,noisy,0.6094328587999419,1.0,ambient,42,91010144,632948428,dataset_v2_generator-1.2,dataset_v2_clean.0,,,18421.276927146977,20813.067035945016,,8,,0.41093834831509685,0.268125,0,chirp|noisy|18500_21000,0
dataset_v2_clean.0_tone_000326,4,tone,48000,0.042666666666666665,18432.154883216022,3.5979262950845854,noisy,0.5669672157491933,1.0,ambient,42,14721686,1681911751,dataset_v2_generator-1.2,dataset_v2_clean.0,,,,,,,,0.3978711265991839,0.18827083333333333,0,tone|noisy|18500,0
dataset_v2_clean.0_tone_000271,4,tone,48000,0.042666666666666665,19555.46723639541,12.207627433931133,moderate,0.9700069868680647,1.0,ambient,42,687428786,1049733164,dataset_v2_generator-1.2,dataset_v2_clean.0,,,,,,,,0.34468104157131696,0.004270833333333333,0,tone|moderate|19500,0
dataset_v2_clean.0_ook_000181,2,ook,48000,0.042666666666666665,19481.999264438804,-2.4984503014036914,very_noisy,0.7514199969029299,1.0,white,42,567796564,2903844775,dataset_v2_generator-1.2,dataset_v2_clean.0,49.892501627265204,,,,,,,0.373162441018975,0.099375,0,ook|very_noisy|19500,0
dataset_v2_clean.0_chirp_000471,3,chirp,48000,0.042666666666666665,,13.200933033157305,moderate,0.6363740757219926,0.8927756803762885,ambient,42,496659499,3710615348,dataset_v2_generator-1.2,dataset_v2_clean.0,,,18976.93477629784,20815.30275552677,,4,,0.39039748850871414,0.243,0,chirp|moderate|19000_21000,0
dataset_v2_clean.0_chirp_000155,3,chirp,48000,0.042666666666666665,,15.846471923420527,moderate,0.9264231188160538,1.0,ambient,42,1865736030,2494507148,dataset_v2_generator-1.2,dataset_v2_clean.0,,,18017.13255680636,20326.395889742947,,7,,0.22031592059522495,0.14560416666666667,0,chirp|moderate|18000_20500,0
dataset_v2_clean.0_ook_000072,2,ook,48000,0.042666666666666665,20737.03511261928,-3.532020966991017,very_noisy,0.7556358124254312,1.0,white,42,2328410320,719920358,dataset_v2_generator-1.2,dataset_v2_clean.0,45.24283864909408,,,,,,,0.2862440123791005,0.23670833333333333,0,ook|very_noisy|20500,0
dataset_v2_clean.0_ook_000179,2,ook,48000,0.042666666666666665,18306.734753548906,1.2077013034929092,very_noisy,0.8531824333537865,1.0,white,42,520529760,2863239091,dataset_v2_generator-1.2,dataset_v2_clean.0,64.45403850555743,,,,,,,0.4079295519227606,0.199125,0,ook|very_noisy|18500,0
dataset_v2_clean.0_benign_000159,0,benign,48000,0.042666666666666665,,,,0.1629152237059813,0.1629152237059813,ambient,42,610776506,673656061,dataset_v2_generator-1.2,dataset_v2_clean.0,,,,,,,ambient,0.2282367262188825,0.007916666666666667,1,benign|ambient|a20,0
dataset_v2_clean.0_fsk_000273,1,fsk,48000,0.042666666666666665,19634.53090662205,4.490002721393834,noisy,0.7225921574512963,1.0,ambient,42,3399096620,2244763041,dataset_v2_generator-1.2,dataset_v2_clean.0,42.282205316683914,439.98750567522075,,,,,,0.41376157289045834,0.23814583333333333,0,fsk|noisy|19500,0
dataset_v2_clean.0_ook_000086,2,ook,48000,0.042666666666666665,20724.814082342935,2.4881630252164113,noisy,0.7728862155432736,1.0,white,42,3298717521,2233213468,dataset_v2_generator-1.2,dataset_v2_clean.0,49.164863139300266,,,,,,,0.2933325079239997,0.09816666666666667,0,ook|noisy|20500,0
dataset_v2_clean.0_tone_000231,4,tone,48000,0.042666666666666665,19850.384198000454,18.585806939558807,moderate,0.7934410671702241,0.9528501338249908,ambient,42,1619489677,2832036260,dataset_v2_generator-1.2,dataset_v2_clean.0,,,,,,,,0.22768598621428676,0.051020833333333335,0,tone|moderate|20000,0
dataset_v2_clean.0_fsk_000211,1,fsk,48000,0.042666666666666665,19651.961611576502,23.94613435091414,clean,0.9428713441374491,1.0,white,42,3353876498,2547222848,dataset_v2_generator-1.2,dataset_v2_clean.0,88.7844121351481,1348.038388423498,,,,,,0.3279461478554974,0.0946875,0,fsk|clean|19500,0
dataset_v2_clean.0_chirp_000128,3,chirp,48000,0.042666666666666665,,-1.0000477602664355,very_noisy,0.8992497243722497,1.0,white,42,3681774575,477021360,dataset_v2_generator-1.2,dataset_v2_clean.0,,,18348.899429078203,20441.503212635947,,7,,0.3699617791767958,0.21833333333333332,0,chirp|very_noisy|18500_20500,0
dataset_v2_clean.0_ook_000333,2,ook,48000,0.042666666666666665,18488.553691716257,11.91804866500387,moderate,0.938664602614748,1.0,white,42,2153402346,2564041684,dataset_v2_generator-1.2,dataset_v2_clean.0,47.36489351836964,,,,,,,0.42651298291702816,0.06347916666666667,0,ook|moderate|18500,0
dataset_v2_clean.0_fsk_000043,1,fsk,48000,0.042666666666666665,19627.545023772527,-2.035808341124357,very_noisy,0.6425527444949404,1.0,white,42,2276546063,658987709,dataset_v2_generator-1.2,dataset_v2_clean.0,78.56768785964417,603.2894445481179,,,,,,0.41743615408876145,0.24529166666666666,0,fsk|very_noisy|19500,0
dataset_v2_clean.0_fsk_000249,1,fsk,48000,0.042666666666666665,18453.232840890207,17.113694091947604,moderate,0.9795567532153402,1.0,white,42,106829676,1769623407,dataset_v2_generator-1.2,dataset_v2_clean.0,37.104322491384,688.3649670165541,,,,,,0.3227065467705891,0.16239583333333332,0,fsk|moderate|18500,0
dataset_v2_clean.0_ook_000029,2,ook,48000,0.042666666666666665,20308.835797009462,8.712332911404559,noisy,0.8937720162665487,1.0,ambient,42,1995532939,67565236,dataset_v2_generator-1.2,dataset_v2_clean.0,65.03016298456947,,,,,,,0.3635089732226368,0.10652083333333333,0,ook|noisy|20500,0
dataset_v2_clean.0_benign_000150,0,benign,48000,0.042666666666666665,,,,0.44615159120926073,2.3593077905507593,white,42,2675365733,1040906610,dataset_v2_generator-1.2,dataset_v2_clean.0,,,,,,,band_limited_hiss,0.2243983387136201,0.09775,0,benign|band_limited_hiss|na|a40,0
dataset_v2_clean.0_ook_000113,2,ook,48000,0.042666666666666665,20295.351313169467,7.803131681584774,noisy,0.808848034300373,1.0,white,42,1431954671,1595516088,dataset_v2_generator-1.2,dataset_v2_clean.0,46.866900925283744,,,,,,,0.24946332660398512,0.08997916666666667,0,ook|noisy|20500,0
dataset_v2_clean.0_tone_000176,4,tone,48000,0.042666666666666665,20042.119533875233,14.923563472704995,moderate,0.8716693879682524,1.0,white,42,3151629211,1758703774,dataset_v2_generator-1.2,dataset_v2_clean.0,,,,,,,,0.36944634519940805,0.2558125,0,tone|moderate|20000,0
dataset_v2_clean.0_fsk_000094,1,fsk,48000,0.042666666666666665,19394.537554859842,0.22502718277258094,very_noisy,0.7817308371060037,1.0,ambient,42,366268514,3484850979,dataset_v2_generator-1.2,dataset_v2_clean.0,82.1863574160517,853.3229836321989,,,,,,0.3514205991302051,0.14697916666666666,0,fsk|very_noisy|19500,0
dataset_v2_clean.0_fsk_000415,1,fsk,48000,0.042666666666666665,19410.148182741326,26.400050826108536,clean,0.6708235428047518,0.7435781298234398,ambient,42,4251005083,1053438881,dataset_v2_generator-1.2,dataset_v2_clean.0,27.065326227786638,1589.8518172586737,,,,,,0.40364101390177254,0.3121875,0,fsk|clean|19500,0
dataset_v2_clean.0_chirp_000039,3,chirp,48000,0.042666666666666665,,-4.762326180494487,very_noisy,0.714183323644236,1.0,white,42,2845521778,2478394717,dataset_v2_generator-1.2,dataset_v2_clean.0,,,18527.733239425328,20777.070231336224,,8,,0.36590777971094834,0.05585416666666667,0,chirp|very_noisy|18500_21000,0
dataset_v2_clean.0_ook_000187,2,ook,48000,0.042666666666666665,19993.608832881964,1.8733096556242952,very_noisy,0.926709246209936,1.0,white,42,3037655983,3385448549,dataset_v2_generator-1.2,dataset_v2_clean.0,65.44933241822278,,,,,,,0.3862172764559478,0.32125,0,ook|very_noisy|20000,0
dataset_v2_clean.0_fsk_000155,1,fsk,48000,0.042666666666666665,19494.00801080237,7.608176421143727,noisy,0.8953153693372607,1.0,white,42,4040741744,3744635138,dataset_v2_generator-1.2,dataset_v2_clean.0,42.94320686204788,623.3833898337289,,,,,,0.41762976705975446,0.3370416666666667,0,fsk|noisy|19500,0
dataset_v2_clean.0_chirp_000289,3,chirp,48000,0.042666666666666665,,3.114508989962583,noisy,0.6405407449047293,1.0,ambient,42,494945762,2516851514,dataset_v2_generator-1.2,dataset_v2_clean.0,,,18564.846174876468,20555.08138268517,,3,,0.3987699604090582,0.06635416666666667,0,chirp|noisy|18500_20500,0
dataset_v2_clean.0_tone_000223,4,tone,48000,0.042666666666666665,18440.432148918902,-4.741420616723132,very_noisy,0.5713591676317992,1.0,white,42,10057005,4176682304,dataset_v2_generator-1.2,dataset_v2_clean.0,,,,,,,,0.3976690559433703,0.21422916666666666,0,tone|very_noisy|18500,0
dataset_v2_clean.0_benign_000218,0,benign,48000,0.042666666666666665,,12.89228969196229,moderate,0.5633113707737037,0.7098812483990673,white,42,1424297779,4055809855,dataset_v2_generator-1.2,dataset_v2_clean.0,,,,,,,ambient_hf_boost,0.38151528010438446,0.09583333333333334,0,benign|ambient_hf_boost|moderate,0
dataset_v2_clean.0_fsk_000241,1,fsk,48000,0.042666666666666665,18316.513450470677,16.88742701248249,moderate,0.8425593685939443,1.0,white,42,1907370559,3288875972,dataset_v2_generator-1.2,dataset_v2_clean.0,80.57172053237323,1708.1722273144223,,,,,,0.3801420470455275,0.17039583333333333,0,fsk|moderate|18500,0
dataset_v2_clean.0_chirp_000131,3,chirp,48000,0.042666666666666665,,18.53710087116932,moderate,0.8184102499848296,0.978211941416061,ambient,42,4233436692,2582836491,dataset_v2_generator-1.2,dataset_v2_clean.0,,,18828.411513583564,20205.35847045238,,6,,0.2960761789775942,0.16925,0,chirp|moderate|19000_20000,0
dataset_v2_clean.0_fsk_000316,1,fsk,48000,0.042666666666666665,18272.908048446112,-2.810807844112542,very_noisy,0.6610873620317146,1.0,white,42,1294523675,1161679251,dataset_v2_generator-1.2,dataset_v2_clean.0,50.980910766420315,1275.7277603629664,,,,,,0.3914688087696969,0.26339583333333333,0,fsk|very_noisy|18500,0
dataset_v2_clean.0_ook_000073,2,ook,48000,0.042666666666666665,19653.144037848193,8.416825716499083,noisy,0.6703895626815697,0.9799704398219904,ambient,42,3986166752,4129571350,dataset_v2_generator-1.2,dataset_v2_clean.0,51.5004644739883,,,,,,,0.3590956735400722,0.027208333333333334,0,ook|noisy|19500,0
dataset_v2_clean.0_benign_000441,0,benign,48000,0.042666666666666665,,,,0.4978890418782338,0.4978890418782338,ambient,42,1852609607,873439004,dataset_v2_generator-1.2,dataset_v2_clean.0,,,,,,,ambient,0.2534472627551058,0.1339375,0,benign|ambient|a50,0
dataset_v2_clean.0_fsk_000463,1,fsk,48000,0.042666666666666665,19410.36073941841,-2.682954572591835,very_noisy,0.8834273112595898,1.0,ambient,42,3057854255,2886845231,dataset_v2_generator-1.2,dataset_v2_clean.0,53.2790977166249,1056.8149646501151,,,,,,0.25968931400879813,0.19829166666666667,0,fsk|very_noisy|19500,0
dataset_v2_clean.0_tone_000438,4,tone,48000,0.042666666666666665,19528.999977060055,-3.189344119677625,very_noisy,0.6120210774349036,1.0,ambient,42,411556394,3454137053,dataset_v2_generator-1.2,dataset_v2_clean.0,,,,,,,,0.2545575694254869,0.15314583333333334,0,tone|very_noisy|19500,0
dataset_v2_clean.0_tone_000385,4,tone,48000,0.042666666666666665,18788.612286815922,6.114663095054589,noisy,0.6449738186410213,1.0,ambient,42,4253436290,1338916022,dataset_v2_generator-1.2,dataset_v2_clean.0,,,,,,,,0.30004120535948375,0.24858333333333332,0,tone|noisy|19000,0
dataset_v2_clean.0_benign_000434,0,benign,48000,0.042666666666666665,,,,0.36497249204050874,1.4022703616746746,white,42,1684979712,3826207819,dataset_v2_generator-1.2,dataset_v2_clean.0,,,,,,,white,0.3627055892638774,0.057791666666666665,0,benign|white|a40,0
dataset_v2_clean.0_chirp_000072,3,chirp,48000,0.042666666666666665,,20.47783342907477,clean,0.5916634032625292,0.6830815538774889,ambient,42,3269411711,4043011531,dataset_v2_generator-1.2,dataset_v2_clean.0,,,18469.080406456873,20465.693053589384,,3,,0.2212589440231945,0.0061875,0,chirp|clean|18500_20500,0
dataset_v2_clean.0_tone_000064,4,tone,48000,0.042666666666666665,20886.402237196373,-0.988476590151369,very_noisy,0.6374801182132792,1.0,white,42,2651469885,2905604673,dataset_v2_generator-1.2,dataset_v2_clean.0,,,,,,,,0.39802956690105307,0.26666666666666666,0,tone|very_noisy|21000,0
dataset_v2_clean.0_tone_000399,4,tone,48000,0.042666666666666665,20263.15811129343,12.309354284430558,moderate,0.970192368553864,1.0,white,42,2980255548,1642409740,dataset_v2_generator-1.2,dataset_v2_clean.0,,,,,,,,0.37132814457864216,0.0198125,0,tone|moderate|20500,0
dataset_v2_clean.0_fsk_000075,1,fsk,48000,0.042666666666666665,18602.070152574972,2.0688774785417863,noisy,0.6165552096667943,1.0,ambient,42,3619142548,3833757483,dataset_v2_generator-1.2,dataset_v2_clean.0,66.3600735453543,624.2001731975033,,,,,,0.42496344300649064,0.0253125,0,fsk|noisy|18500,0
dataset_v2_clean.0_ook_000406,2,ook,48000,0.042666666666666665,20824.496101013665,-1.3394409006255659,very_noisy,0.9472214692941434,1.0,ambient,42,2455781684,1590248964,dataset_v2_generator-1.2,dataset_v2_clean.0,63.21937379116602,,,,,,,0.37648180801397196,0.27495833333333336,0,ook|very_noisy|21000,0
dataset_v2_clean.0_ook_000185,2,ook,48000,0.042666666666666665,19960.571837122505,12.851603366182083,moderate,0.557304800906749,0.7752260046613204,white,42,2560499136,3373842459,dataset_v2_generator-1.2,dataset_v2_clean.0,61.47022869442313,,,,,,,0.2618237913477231,0.20847916666666666,0,ook|moderate|20000,0
dataset_v2_clean.0_fsk_000188,1,fsk,48000,0.042666666666666665,19795.25350887225,17.625096163125505,moderate,0.558931021160739,0.7264958765305136,white,42,4138633677,3508042523,dataset_v2_generator-1.2,dataset_v2_clean.0,76.90678857451415,1204.7464911277493,,,,,,0.36244935237439807,0.0725,0,fsk|moderate|20000,0
dataset_v2_clean.0_tone_000248,4,tone,48000,0.042666666666666665,19664.719152178153,24.804239004970192,clean,0.7846820791689019,0.8632529901487274,ambient,42,2593800908,2357675858,dataset_v2_generator-1.2,dataset_v2_clean.0,,,,,,,,0.299374427223759,0.1820625,0,tone|clean|19500,0
dataset_v2_clean.0_fsk_000100,1,fsk,48000,0.042666666666666665,19626.549506413696,8.03388349936008,noisy,0.9437625507088099,1.0,white,42,1638172876,1432983485,dataset_v2_generator-1.2,dataset_v2_clean.0,63.46138047089557,965.2411227913217,,,,,,0.27939371535700874,0.0743125,0,fsk|noisy|19500,0
dataset_v2_clean.0_tone_000367,4,tone,48000,0.042666666666666665,20064.52460007792,-2.2040894069615673,very_noisy,0.8443037559535963,1.0,ambient,42,968344685,2253751543,dataset_v2_generator-1.2,dataset_v2_clean.0,,,,,,,,0.36077883842186026,0.21560416666666668,0,tone|very_noisy|20000,0
dataset_v2_clean.0_benign_000113,0,benign,48000,0.042666666666666665,,-4.931149941317133,very_noisy,0.49612061706449717,1.0,white,42,1468448511,3031148105,dataset_v2_generator-1.2,dataset_v2_clean.0,,,,,,,ambient_hf_boost,0.2901881886422601,0.2111875,0,benign|ambient_hf_boost|very_noisy,0
dataset_v2_clean.0_ook_000032,2,ook,48000,0.042666666666666665,20240.545894465624,3.826062794134205,noisy,0.5547308076377788,0.9203777684543089,ambient,42,3978526224,524769297,dataset_v2_generator-1.2,dataset_v2_clean.0,39.81688019430662,,,,,,,0.3030062323020808,0.21058333333333334,0,ook|noisy|20000,0
dataset_v2_clean.0_fsk_000498,1,fsk,48000,0.042666666666666665,19221.078521800715,22.581162773004074,clean,0.6618915125234325,0.7606244128910722,ambient,42,2694117700,4267544402,dataset_v2_generator-1.2,dataset_v2_clean.0,20.001805165014567,1488.9946278671778,,,,,,0.2556136748255785,0.018645833333333334,0,fsk|clean|19000,0
dataset_v2_clean.0_tone_000045,4,tone,48000,0.042666666666666665,20997.733506679753,-1.768022134438795,very_noisy,0.9048800636077923,1.0,ambient,42,122877612,1092895627,dataset_v2_generator-1.2,dataset_v2_clean.0,,,,,,,,0.31444220694278247,0.23852083333333332,0,tone|very_noisy|21000,0
dataset_v2_clean.0_benign_000388,0,benign,48000,0.042666666666666665,,17.28190220015373,moderate,0.39772142393826493,0.4289941193047935,white,42,4072864593,1731334623,dataset_v2_generator-1.2,dataset_v2_clean.0,,,,,,,ambient_hf_boost,0.39074266036184463,0.3138125,0,benign|ambient_hf_boost|moderate,0
dataset_v2_clean.0_fsk_000134,1,fsk,48000,0.042666666666666665,19257.52025637043,13.065543939507009,moderate,0.8391718009789988,1.0,white,42,1936150174,971650868,dataset_v2_generator-1.2,dataset_v2_clean.0,24.61759468985607,1362.3222093215045,,,,,,0.24603043666324248,0.0195,0,fsk|moderate|19500,0
dataset_v2_clean.0_benign_000242,0,benign,48000,0.042666666666666665,,,,0.5489795503416949,2.0522486275679244,white,42,2881032561,2472721858,dataset_v2_generator-1.2,dataset_v2_clean.0,,,,,,,band_limited_hiss,0.25396127586527656,0.008895833333333334,0,benign|band_limited_hiss|na|a50,0
dataset_v2_clean.0_fsk_000045,1,fsk,48000,0.042666666666666665,19342.654270297728,-2.9068378178166547,very_noisy,0.5756311181690504,1.0,ambient,42,1516483357,3398928728,dataset_v2_generator-1.2,dataset_v2_clean.0,74.94385091863124,1550.471338887306,,,,,,0.4101411549426812,0.0576875,0,fsk|very_noisy|19500,0
dataset_v2_clean.0_chirp_000390,3,chirp,48000,0.042666666666666665,,17.5986655378113,moderate,0.634746415759631,0.8315624665440459,white,42,999325446,4293283098,dataset_v2_generator-1.2,dataset_v2_clean.0,,,18189.540955301592,20609.70523738723,,5,,0.40936065135569694,0.22727083333333334,0,chirp|moderate|18000_20500,0
dataset_v2_clean.0_tone_000337,4,tone,48000,0.042666666666666665,19089.29231770469,26.83368413897496,clean,0.7417390945553801,0.7902966725508636,ambient,42,643276632,4278810521,dataset_v2_generator-1.2,dataset_v2_clean.0,,,,,,,,0.27945814578766875,0.011770833333333333,0,tone|clean|19000,0
dataset_v2_clean.0_chirp_000284,3,chirp,48000,0.042666666666666665,,7.283008271570281,noisy,0.5639121557284318,1.0,white,42,2023035079,3857442600,dataset_v2_generator-1.2,dataset_v2_clean.0,,,18705.2168616544,20907.063657098257,,5,,0.3130234616862853,0.16960416666666667,0,chirp|noisy|18500_21000,0
dataset_v2_clean.0_ook_000149,2,ook,48000,0.042666666666666665,20901.023517719554,-1.8501674128044376,very_noisy,0.9082130104844397,1.0,ambient,42,3667261821,3261040195,dataset_v2_generator-1.2,dataset_v2_clean.0,58.886456329453864,,,,,,,0.3601857663371344,0.20497916666666666,0,ook|very_noisy|21000,0
dataset_v2_clean.0_benign_000428,0,benign,48000,0.042666666666666665,18225.22231580242,,,0.3363355316924215,0.33633553134709193,none,42,1723046850,2688770418,dataset_v2_generator-1.2,dataset_v2_clean.0,,,,,,,steady_ultrasonic_hum,0.29282522458245774,0.24489583333333334,0,benign|steady_ultrasonic_hum|18000|a30,0
dataset_v2_clean.0_benign_000420,0,benign,48000,0.042666666666666665,,,,0.20451640820958022,0.8494950911534306,white,42,825094162,1994847368,dataset_v2_generator-1.2,dataset_v2_clean.0,,,,,,,white,0.2885291803883008,0.0984375,0,benign|white|a20,0
dataset_v2_clean.0_ook_000471,2,ook,48000,0.042666666666666665,20203.455328025644,29.561148817237495,clean,0.6508262386890428,0.670942719212364,ambient,42,2130169875,3886049629,dataset_v2_generator-1.2,dataset_v2_clean.0,69.74998333836612,,,,,,,0.22978666630186148,0.0975,0,ook|clean|20000,0
dataset_v2_clean.0_fsk_000092,1,fsk,48000,0.042666666666666665,19262.659566486727,28.339025488033208,clean,0.9733220796650428,1.0,white,42,2665928188,1979079933,dataset_v2_generator-1.2,dataset_v2_clean.0,37.43497778679658,909.4357634636617,,,,,,0.40600485007253156,0.043104166666666666,0,fsk|clean|19500,0
dataset_v2_clean.0_benign_000147,0,benign,48000,0.042666666666666665,,,,0.3113540413026247,1.1400720799756887,white,42,3172344790,939850365,dataset_v2_generator-1.2,dataset_v2_clean.0,,,,,,,white,0.39649112720654656,0.029520833333333333,0,benign|white|a30,0
dataset_v2_clean.0_ook_000089,2,ook,48000,0.042666666666666665,20740.448692827336,1.8774651000765878,very_noisy,0.8198270063377857,1.0,white,42,2876555510,2943583598,dataset_v2_generator-1.2,dataset_v2_clean.0,57.607332277087075,,,,,,,0.4072481076584823,0.0783125,0,ook|very_noisy|20500,0
dataset_v2_clean.0_ook_000197,2,ook,48000,0.042666666666666665,20412.65068250929,-2.851329080298874,very_noisy,0.9172933405597565,1.0,white,42,4228955399,1572355595,dataset_v2_generator-1.2,dataset_v2_clean.0,56.89619106447205,,,,,,,0.2964751723234724,0.17608333333333334,0,ook|very_noisy|20500,0
dataset_v2_clean.0_fsk_000438,1,fsk,48000,0.042666666666666665,19762.450655845616,12.167283332418506,moderate,0.8919694694032039,1.0,white,42,3833178181,2195391633,dataset_v2_generator-1.2,dataset_v2_clean.0,46.380230623870006,1237.549344154384,,,,,,0.3410900577221537,0.15952083333333333,0,fsk|moderate|20000,0
dataset_v2_clean.0_ook_000481,2,ook,48000,0.042666666666666665,19740.062522026677,17.11955252612176,moderate,0.6107797160351593,0.7424570795068073,white,42,3901157797,1414549865,dataset_v2_generator-1.2,dataset_v2_clean.0,63.20364546424174,,,,,,,0.2331367007315396,0.11970833333333333,0,ook|moderate|19500,0
dataset_v2_clean.0_fsk_000199,1,fsk,48000,0.042666666666666665,18597.264142190303,7.585752939745922,noisy,0.8100258772980149,1.0,ambient,42,749117112,1467345968,dataset_v2_generator-1.2,dataset_v2_clean.0,16.535855634257842,1609.4691627011234,,,,,,0.24349623611437926,0.0704375,0,fsk|noisy|18500,0
dataset_v2_clean.0_chirp_000033,3,chirp,48000,0.042666666666666665,,0.1983047605442616,very_noisy,0.8638536974014488,1.0,white,42,515362032,2892080056,dataset_v2_generator-1.2,dataset_v2_clean.0,,,19266.078102363004,20744.926316591984,,6,,0.2477084506135422,0.20002083333333334,0,chirp|very_noisy|19500_20500,0
dataset_v2_clean.0_ook_000260,2,ook,48000,0.042666666666666665,20752.061896687985,9.147390625876946,noisy,0.7218979854433765,1.0,ambient,42,1890746552,1250875580,dataset_v2_generator-1.2,dataset_v2_clean.0,68.6675495663275,,,,,,,0.3223365912483554,0.057541666666666665,0,ook|noisy|21000,0
dataset_v2_clean.0_chirp_000301,3,chirp,48000,0.042666666666666665,,11.79196990527798,moderate,0.7830857959861044,1.0,ambient,42,728052331,3893253618,dataset_v2_generator-1.2,dataset_v2_clean.0,,,18318.15974016131,20428.95517658743,,8,,0.30277654751385347,0.17622916666666666,0,chirp|moderate|18500_20500,0
dataset_v2_clean.0_ook_000434,2,ook,48000,0.042666666666666665,19663.793929678603,0.21394019746917436,very_noisy,0.8148217761465781,1.0,ambient,42,2179103315,1566417388,dataset_v2_generator-1.2,dataset_v2_clean.0,33.70616604094877,,,,,,,0.3273268999418599,0.08466666666666667,0,ook|very_noisy|19500,0
dataset_v2_clean.0_tone_000083,4,tone,48000,0.042666666666666665,20910.63000702375,27.02683238101596,clean,0.7545348278141609,0.8296992686779975,white,42,2095489514,2253902076,dataset_v2_generator-1.2,dataset_v2_clean.0,,,,,,,,0.2497491275671359,0.10120833333333333,0,tone|clean|21000,0
dataset_v2_clean.0_chirp_000132,3,chirp,48000,0.042666666666666665,,6.676479464842157,noisy,0.6634898047133531,1.0,white,42,308657530,4004685935,dataset_v2_generator-1.2,dataset_v2_clean.0,,,18799.689608140605,20966.034462285224,,3,,0.2887382147507888,0.12185416666666667,0,chirp|noisy|19000_21000,0
dataset_v2_clean.0_chirp_000328,3,chirp,48000,0.042666666666666665,,28.627058480500907,clean,0.9365068262053503,1.0,white,42,2446313261,409148999,dataset_v2_generator-1.2,dataset_v2_clean.0,,,19261.517600010447,20397.905823799836,,2,,0.3735750445646787,0.226,0,chirp|clean|19500_20500,0
dataset_v2_clean.0_ook_000317,2,ook,48000,0.042666666666666665,20472.942596128825,18.45747758116385,moderate,0.702921278080545,0.7989181681229142,ambient,42,2224729814,4071548028,dataset_v2_generator-1.2,dataset_v2_clean.0,37.26025110292338,,,,,,,0.22301544243796334,0.039375,0,ook|moderate|20500,0
dataset_v2_clean.0_benign_000459,0,benign,48000,0.042666666666666665,18513.12908899066,,,0.42399326346248956,0.42399326337861887,none,42,1546784804,1010343022,dataset_v2_generator-1.2,dataset_v2_clean.0,,,,,,,steady_ultrasonic_hum,0.36960937758565354,0.21295833333333333,0,benign|steady_ultrasonic_hum|18500|a40,0
dataset_v2_clean.0_tone_000144,4,tone,48000,0.042666666666666665,20365.265247102143,-3.944373570961956,very_noisy,0.6978365665219229,1.0,ambient,42,759167944,4109851252,dataset_v2_generator-1.2,dataset_v2_clean.0,,,,,,,,0.23442618260474996,0.0365625,0,tone|very_noisy|20500,0
dataset_v2_clean.0_chirp_000055,3,chirp,48000,0.042666666666666665,,13.384959892128432,moderate,0.9025496586287582,1.0,ambient,42,3961786634,1821141407,dataset_v2_generator-1.2,dataset_v2_clean.0,,,18706.418031911056,20421.55657311789,,3,,0.3821798146098293,0.289375,0,chirp|moderate|18500_20500,0
dataset_v2_clean.0_fsk_000195,1,fsk,48000,0.042666666666666665,18543.390718723465,18.718458428218035,moderate,0.9602399331161329,1.0,white,42,670977355,3078198267,dataset_v2_generator-1.2,dataset_v2_clean.0,63.77784368510507,811.3138356831478,,,,,,0.4144999038063734,0.11310416666666667,0,fsk|moderate|18500,0
dataset_v2_clean.0_benign_000122,0,benign,48000,0.042666666666666665,,,,0.436825371883213,2.220544832892807,white,42,303718147,356408853,dataset_v2_generator-1.2,dataset_v2_clean.0,,,,,,,white,0.36410442751389793,0.19275,0,benign|white|a40,0
dataset_v2_clean.0_ook_000228,2,ook,48000,0.042666666666666665,19638.958605785836,25.17138231185997,clean,0.9782900116982544,1.0,white,42,2700941810,2395547925,dataset_v2_generator-1.2,dataset_v2_clean.0,43.713284115910525,,,,,,,0.3358275646415029,0.28052083333333333,0,ook|clean|19500,0
dataset_v2_clean.0_benign_000286,0,benign,48000,0.042666666666666665,,,,0.42086049562112005,1.5881471557028302,white,42,4248248746,3970071274,dataset_v2_generator-1.2,dataset_v2_clean.0,,,,,,,band_limited_hiss,0.4213107237457828,0.21589583333333334,0,benign|band_limited_hiss|na|a40,0
dataset_v2_clean.0_tone_000157,4,tone,48000,0.042666666666666665,19430.59143487445,5.123698098131171,noisy,0.9153716501340906,1.0,white,42,1863907396,1806589114,dataset_v2_generator-1.2,dataset_v2_clean.0,,,,,,,,0.39323116106644085,0.264,0,tone|noisy|19500,0
dataset_v2_clean.0_tone_000464,4,tone,48000,0.042666666666666665,20183.971544021348,15.281807531586763,moderate,0.7587819695241084,1.0,white,42,2545020076,350698175,dataset_v2_generator-1.2,dataset_v2_clean.0,,,,,,,,0.33033420208873343,0.10575,0,tone|moderate|20000,0
dataset_v2_clean.0_chirp_000202,3,chirp,48000,0.042666666666666665,,6.179975531622122,noisy,0.9160076374027081,1.0,white,42,3861413201,2494582266,dataset_v2_generator-1.2,dataset_v2_clean.0,,,19174.239868268553,20630.574384956042,,3,,0.3799922339419007,0.1509375,0,chirp|noisy|19000_20500,0
dataset_v2_clean.0_tone_000493,4,tone,48000,0.042666666666666665,20233.40793402608,0.34814346565307197,very_noisy,0.5876315474670911,1.0,white,42,656649868,2073689816,dataset_v2_generator-1.2,dataset_v2_clean.0,,,,,,,,0.3217214394814781,0.0505,0,tone|very_noisy|20000,0
dataset_v2_clean.0_fsk_000397,1,fsk,48000,0.042666666666666665,18834.18989934663,11.75922457256031,moderate,0.7023482179078482,1.0,ambient,42,3720379429,2207346202,dataset_v2_generator-1.2,dataset_v2_clean.0,47.809091951370334,1886.0491897661886,,,,,,0.21751703300441297,0.012208333333333333,0,fsk|moderate|19000,0
dataset_v2_clean.0_benign_000450,0,benign,48000,0.042666666666666665,,20.729819493418212,clean,0.23549633837773792,0.23535384093235875,white,42,3482071770,4173358613,dataset_v2_generator-1.2,dataset_v2_clean.0,,,,,,,ambient_hf_boost,0.2155898018077111,0.12552083333333333,0,benign|ambient_hf_boost|clean,0
dataset_v2_clean.0_benign_000271,0,benign,48000,0.042666666666666665,20098.09982648983,,,0.28576067688962514,0.28576067613300815,none,42,3853848757,2206478622,dataset_v2_generator-1.2,dataset_v2_clean.0,,,,,,,steady_ultrasonic_hum,0.350869247578233,0.043166666666666666,0,benign|steady_ultrasonic_hum|20000|a30,0
dataset_v2_clean.0_ook_000240,2,ook,48000,0.042666666666666665,19266.286505995573,24.60479906822511,clean,0.9112289344768381,0.9878098977315054,ambient,42,404992779,486977229,dataset_v2_generator-1.2,dataset_v2_clean.0,39.40797961949663,,,,,,,0.33962468440182564,0.06097916666666667,1,ook|clean|19500,0
dataset_v2_clean.0_chirp_000373,3,chirp,48000,0.042666666666666665,,4.166432092783667,noisy,0.8878336764692111,1.0,ambient,42,4190325261,467259608,dataset_v2_generator-1.2,dataset_v2_clean.0,,,18751.29164023738,20400.735076908117,,6,,0.42440264441852465,0.31075,0,chirp|noisy|19000_20500,0
dataset_v2_clean.0_ook_000244,2,ook,48000,0.042666666666666665,18931.391240345496,25.235337649205427,clean,0.6630364600073345,0.6985743239842085,ambient,42,3721053419,2479457241,dataset_v2_generator-1.2,dataset_v2_clean.0,50.53611912789592,,,,,,,0.2288975770124986,0.0095,0,ook|clean|19000,0
dataset_v2_clean.0_tone_000013,4,tone,48000,0.042666666666666665,19713.13112534202,15.420416211036589,moderate,0.6543904664745196,0.8731043319226481,white,42,710636014,1811524114,dataset_v2_generator-1.2,dataset_v2_clean.0,,,,,,,,0.22023636416667416,0.000625,0,tone|moderate|19500,0
dataset_v2_clean.0_fsk_000254,1,fsk,48000,0.042666666666666665,19065.75168610785,5.635074705823438,noisy,0.7085732048573189,1.0,white,42,3980126898,2942356877,dataset_v2_generator-1.2,dataset_v2_clean.0,31.64248080725563,660.120671970275,,,,,,0.22165187301337821,0.1050625,0,fsk|noisy|19000,0
dataset_v2_clean.0_tone_000131,4,tone,48000,0.042666666666666665,20008.910671030535,12.4815661344592,moderate,0.7840929923068157,1.0,white,42,2385365765,3641741908,dataset_v2_generator-1.2,dataset_v2_clean.0,,,,,,,,0.36712935750335507,0.24758333333333332,0,tone|moderate|20000,0
dataset_v2_clean.0_chirp_000179,3,chirp,48000,0.042666666666666665,,20.054122347028937,clean,0.633246063967588,0.743621572292662,ambient,42,3630511183,3272926367,dataset_v2_generator-1.2,dataset_v2_clean.0,,,18108.018411533045,20680.297358802356,,2,,0.3969842759777902,0.03895833333333333,0,chirp|clean|18000_20500,0
dataset_v2_clean.0_chirp_000101,3,chirp,48000,0.042666666666666665,,20.09838020833176,clean,0.6740897273581121,0.7894987815302711,ambient,42,736324143,2334840424,dataset_v2_generator-1.2,dataset_v2_clean.0,,,18697.670495550894,20385.510194299844,,7,,0.2498852055400033,0.0250625,0,chirp|clean|18500_20500,0
dataset_v2_clean.0_benign_000179,0,benign,48000,0.042666666666666665,,-3.9889915042826116,very_noisy,0.20182095615000778,0.5447891826672615,white,42,2895806186,2884129330,dataset_v2_generator-1.2,dataset_v2_clean.0,,,,,,,ambient_hf_boost,0.31653983011021963,0.21885416666666666,0,benign|ambient_hf_boost|very_noisy,0
dataset_v2_clean.0_ook_000480,2,ook,48000,0.042666666666666665,18761.115806719252,-1.1040741703224444,very_noisy,0.6420317119943744,1.0,ambient,42,3012714621,3457793501,dataset_v2_generator-1.2,dataset_v2_clean.0,48.11666218040271,,,,,,,0.21392861012417513,0.1105625,0,ook|very_noisy|19000,0
dataset_v2_clean.0_chirp_000090,3,chirp,48000,0.042666666666666665,,16.650417717745807,moderate,0.8737539098265131,1.0,white,42,2532256730,653060225,dataset_v2_generator-1.2,dataset_v2_clean.0,,,18295.24359154796,20927.84078577292,,6,,0.35822886736040555,0.18975,0,chirp|moderate|18500_21000,0
dataset_v2_clean.0_benign_000061,0,benign,48000,0.042666666666666665,,,,0.616722824316541,2.515576147484741,white,42,342178700,3853829455,dataset_v2_generator-1.2,dataset_v2_clean.0,,,,,,,band_limited_hiss,0.3872638832226629,0.06745833333333333,0,benign|band_limited_hiss|na|a60,0
dataset_v2_clean.0_tone_000306,4,tone,48000,0.042666666666666665,20151.422748749534,5.360255930280593,noisy,0.7983492067798214,1.0,white,42,656304878,3013297846,dataset_v2_generator-1.2,dataset_v2_clean.0,,,,,,,,0.39419895528634596,0.14158333333333334,0,tone|noisy|20000,0
dataset_v2_clean.0_tone_000052,4,tone,48000,0.042666666666666665,19298.978827531253,-2.1134154151875943,very_noisy,0.5549049747887989,1.0,ambient,42,4292435461,1887513515,dataset_v2_generator-1.2,dataset_v2_clean.0,,,,,,,,0.3776424716698371,0.20241666666666666,0,tone|very_noisy|19500,0
dataset_v2_clean.0_ook_000155,2,ook,48000,0.042666666666666665,19187.148985479456,-4.3822435525867975,very_noisy,0.8819225943804602,1.0,ambient,42,3460271498,660333242,dataset_v2_generator-1.2,dataset_v2_clean.0,50.18962306440649,,,,,,,0.31277533961761195,0.1530625,0,ook|very_noisy|19000,0
dataset_v2_clean.0_ook_000053,2,ook,48000,0.042666666666666665,18976.33434354151,-2.819234475427493,very_noisy,0.5581523070514364,1.0,ambient,42,2469887896,3724166608,dataset_v2_generator-1.2,dataset_v2_clean.0,65.70137546173083,,,,,,,0.3558201684808529,0.08135416666666667,0,ook|very_noisy|19000,0
dataset_v2_clean.0_tone_000021,4,tone,48000,0.042666666666666665,18785.01890525421,-3.195923686620801,very_noisy,0.9390655975620432,1.0,ambient,42,2683478468,867572527,dataset_v2_generator-1.2,dataset_v2_clean.0,,,,,,,,0.4234739571070412,0.3092916666666667,0,tone|very_noisy|19000,0
dataset_v2_clean.0_ook_000203,2,ook,48000,0.042666666666666665,19722.36349908093,10.764128262704912,moderate,0.7195680313945167,1.0,white,42,3455480802,2651742669,dataset_v2_generator-1.2,dataset_v2_clean.0,66.5101230475002,,,,,,,0.3591859566475914,0.2686875,0,ook|moderate|19500,0
dataset_v2_clean.0_chirp_000319,3,chirp,48000,0.042666666666666665,,9.43639457404463,noisy,0.8139389378654487,1.0,white,42,910181893,3144231850,dataset_v2_generator-1.2,dataset_v2_clean.0,,,18627.322889263465,20869.134241017975,,2,,0.23500010189145157,0.044,0,chirp|noisy|18500_21000,0
dataset_v2_clean.0_tone_000081,4,tone,48000,0.042666666666666665,18582.291822570063,17.984021365813508,moderate,0.9112231052559696,1.0,white,42,1150633696,3661807238,dataset_v2_generator-1.2,dataset_v2_clean.0,,,,,,,,0.25512384413662814,0.19077083333333333,0,tone|moderate|18500,0
dataset_v2_clean.0_chirp_000156,3,chirp,48000,0.042666666666666665,,17.230191441643193,moderate,0.7239511767868188,0.9215613963454975,ambient,42,2720191477,3354428815,dataset_v2_generator-1.2,dataset_v2_clean.0,,,19121.655420404462,20860.12327884973,,6,,0.4047642460830594,0.3055625,0,chirp|moderate|19000_21000,0
dataset_v2_clean.0_chirp_000351,3,chirp,48000,0.042666666666666665,,17.33889497622744,moderate,0.6677321390997192,0.8039163020575035,ambient,42,3648603973,2879972297,dataset_v2_generator-1.2,dataset_v2_clean.0,,,18561.555221403287,20748.829372369488,,8,,0.23564910562784644,0.020125,0,chirp|moderate|18500_20500,0
dataset_v2_clean.0_ook_000454,2,ook,48000,0.042666666666666665,19628.34594132665,1.1382135450130813,very_noisy,0.6951551334132664,1.0,ambient,42,1559992796,3902521583,dataset_v2_generator-1.2,dataset_v2_clean.0,41.594090146164696,,,,,,,0.2508018271644,0.11191666666666666,0,ook|very_noisy|19500,0
dataset_v2_clean.0_benign_000395,0,benign,48000,0.042666666666666665,,,,0.7444809868127209,3.014942255147595,white,42,3455202730,797970190,dataset_v2_generator-1.2,dataset_v2_clean.0,,,,,,,band_limited_hiss,0.2289362922003746,0.1101875,0,benign|band_limited_hiss|na|a70,0
dataset_v2_clean.0_tone_000285,4,tone,48000,0.042666666666666665,18857.105359073306,24.88712376295623,clean,0.8699665314336733,0.9504196636260163,ambient,42,4061151851,2108005412,dataset_v2_generator-1.2,dataset_v2_clean.0,,,,,,,,0.30057670541502296,0.1909375,0,tone|clean|19000,0
dataset_v2_clean.0_tone_000019,4,tone,48000,0.042666666666666665,20955.509268282505,24.3985037660944,clean,0.9149898971319028,1.0,ambient,42,678351306,3380774436,dataset_v2_generator-1.2,dataset_v2_clean.0,,,,,,,,0.21442384353085017,0.0439375,0,tone|clean|21000,0
dataset_v2_clean.0_ook_000250,2,ook,48000,0.042666666666666665,19405.999829187203,-0.8140151890689618,very_noisy,0.8675174775475369,1.0,white,42,908032989,3105071111,dataset_v2_generator-1.2,dataset_v2_clean.0,46.74382839147728,,,,,,,0.2971233238527528,0.199875,0,ook|very_noisy|19500,0
dataset_v2_clean.0_fsk_000138,1,fsk,48000,0.042666666666666665,18709.545446998854,26.59773671232211,clean,0.7945996285094149,0.8544041533321662,ambient,42,4012984796,1409070656,dataset_v2_generator-1.2,dataset_v2_clean.0,85.13564102458803,649.071052021558,,,,,,0.2765156699592396,0.2145625,0,fsk|clean|18500,0
dataset_v2_clean.0_chirp_000272,3,chirp,48000,0.042666666666666665,,10.869518465016357,moderate,0.9603545972347816,1.0,ambient,42,1216779041,2442862790,dataset_v2_generator-1.2,dataset_v2_clean.0,,,18112.182210808256,20404.737404415777,,2,,0.276172795377419,0.0146875,0,chirp|moderate|18000_20500,0
dataset_v2_clean.0_ook_000286,2,ook,48000,0.042666666666666665,20887.753103930776,1.5000315352114084,very_noisy,0.6481803814328424,1.0,white,42,2667525372,623132448,dataset_v2_generator-1.2,dataset_v2_clean.0,42.56082778898783,,,,,,,0.3416554674962595,0.1195625,0,ook|very_noisy|21000,0
dataset_v2_clean.0_tone_000234,4,tone,48000,0.042666666666666665,20659.136607505407,10.1480391780047,moderate,0.6072709231400594,0.9443771760279361,ambient,42,2301712839,3655190790,dataset_v2_generator-1.2,dataset_v2_clean.0,,,,,,,,0.40228058179513376,0.3499791666666667,0,tone|moderate|20500,0
dataset_v2_clean.0_fsk_000064,1,fsk,48000,0.042666666666666665,19045.14740896207,29.70424986621061,clean,0.607826860093311,0.6415212585268968,ambient,42,2036277379,1094266117,dataset_v2_generator-1.2,dataset_v2_clean.0,24.749287935403125,1948.8083537323,,,,,,0.23218292051527975,0.08691666666666667,0,fsk|clean|19000,0
dataset_v2_clean.0_chirp_000099,3,chirp,48000,0.042666666666666665,,26.842267683107767,clean,0.8802469108534312,0.9516925106255455,ambient,42,2913816018,1748753418,dataset_v2_generator-1.2,dataset_v2_clean.0,,,18603.985741070224,20504.35911719047,,6,,0.3601144022650351,0.20616666666666666,0,chirp|clean|18500_20500,0
dataset_v2_clean.0_fsk_000159,1,fsk,48000,0.042666666666666665,19781.522359300503,14.374120536001765,moderate,0.6206867949700571,0.8912870628767364,white,42,887035867,4167080237,dataset_v2_generator-1.2,dataset_v2_clean.0,41.03889402186471,1211.154560251609,,,,,,0.2715684340860452,0.179,0,fsk|moderate|20000,0
dataset_v2_clean.0_ook_000069,2,ook,48000,0.042666666666666665,19444.365763405214,21.24961842395767,clean,0.8663198043310376,0.9563572024897724,white,42,402328833,3252228157,dataset_v2_generator-1.2,dataset_v2_clean.0,64.21791576181042,,,,,,,0.3097986313544231,0.12991666666666668,0,ook|clean|19500,0
dataset_v2_clean.0_tone_000082,4,tone,48000,0.042666666666666665,20415.6837529252,18.295564790272557,moderate,0.8912553735816648,1.0,white,42,1752637906,2899967842,dataset_v2_generator-1.2,dataset_v2_clean.0,,,,,,,,0.36253294229267086,0.1430625,0,tone|moderate|20500,0
dataset_v2_clean.0_chirp_000357,3,chirp,48000,0.042666666666666665,,11.639287003227842,moderate,0.894026471392853,1.0,ambient,42,1147100590,4097746149,dataset_v2_generator-1.2,dataset_v2_clean.0,,,18661.48306699859,20787.095342141394,,7,,0.2963772020927536,0.07,0,chirp|moderate|18500_21000,0
dataset_v2_clean.0_ook_000034,2,ook,48000,0.042666666666666665,18427.019741106702,18.06278674419478,moderate,0.6300472740951202,0.7330061077808767,white,42,836076801,66832213,dataset_v2_generator-1.2,dataset_v2_clean.0,46.61735790851163,,,,,,,0.2622942596069918,0.1124375,0,ook|moderate|18500,0
dataset_v2_clean.0_benign_000084,0,benign,48000,0.042666666666666665,,24.54770793595123,clean,0.30051811914402937,0.30940651906484545,white,42,1979984943,1923460896,dataset_v2_generator-1.2,dataset_v2_clean.0,,,,,,,ambient_hf_boost,0.22466726765324516,0.01879166666666667,4,benign|ambient_hf_boost|clean,0
dataset_v2_clean.0_tone_000001,4,tone,48000,0.042666666666666665,20713.793192993333,20.21698199559169,clean,0.8567292039073602,1.0,white,42,4104139034,3013833067,dataset_v2_generator-1.2,dataset_v2_clean.0,,,,,,,,0.4064131504825232,0.27902083333333333,0,tone|clean|20500,0
dataset_v2_clean.0_chirp_000102,3,chirp,48000,0.042666666666666665,,22.25103073210736,clean,0.5997988204727708,0.7074696790221431,white,42,3483319729,465350289,dataset_v2_generator-1.2,dataset_v2_clean.0,,,18443.014570679636,20836.311189964978,,4,,0.39823496882388604,0.010645833333333334,0,chirp|clean|18500_21000,0
dataset_v2_clean.0_chirp_000181,3,chirp,48000,0.042666666666666665,,1.4927054762210492,very_noisy,0.9184692436864685,1.0,white,42,3124655531,2857963406,dataset_v2_generator-1.2,dataset_v2_clean.0,,,19234.328395102202,20250.804495036547,,5,,0.3620430749171307,0.1125625,0,chirp|very_noisy|19000_20500,0
dataset_v2_clean.0_benign_000343,0,benign,48000,0.042666666666666665,,,,0.5225406891994248,0.5225406891994248,ambient,42,1813509005,1404058187,dataset_v2_generator-1.2,dataset_v2_clean.0,,,,,,,ambient,0.33308835261371594,0.23295833333333332,0,benign|ambient|a50,0
dataset_v2_clean.0_tone_000213,4,tone,48000,0.042666666666666665,20282.99248957278,28.47006483304932,clean,0.9187597980266629,0.9728459477147158,ambient,42,2183702365,2113082048,dataset_v2_generator-1.2,dataset_v2_clean.0,,,,,,,,0.3578731014849579,0.2940625,0,tone|clean|20500,0
dataset_v2_clean.0_fsk_000015,1,fsk,48000,0.042666666666666665,18237.290735036524,2.231589820232319,noisy,0.7509132697783256,1.0,white,42,2546732002,2411233229,dataset_v2_generator-1.2,dataset_v2_clean.0,15.594505996692906,1995.798271802607,,,,,,0.278875415062371,0.095375,0,fsk|noisy|18000,0
dataset_v2_clean.0_ook_000090,2,ook,48000,0.042666666666666665,20374.87688268438,7.392076294626306,noisy,0.7769228261164465,1.0,ambient,42,227560834,3175687050,dataset_v2_generator-1.2,dataset_v2_clean.0,40.98357779769472,,,,,,,0.37695776816667054,0.24654166666666666,1,ook|noisy|20500,0
dataset_v2_clean.0_tone_000243,4,tone,48000,0.042666666666666665,20133.92988894075,4.414080179023834,noisy,0.8716143236858991,1.0,white,42,3832334588,1058563,dataset_v2_generator-1.2,dataset_v2_clean.0,,,,,,,,0.27174671783237664,0.18839583333333335,0,tone|noisy|20000,0
dataset_v2_clean.0_tone_000118,4,tone,48000,0.042666666666666665,20971.489197631454,16.24652736521213,moderate,0.662472232527228,0.8923092493014078,white,42,4182392080,3864734908,dataset_v2_generator-1.2,dataset_v2_clean.0,,,,,,,,0.22434494950896247,0.12652083333333333,0,tone|moderate|21000,0
dataset_v2_clean.0_ook_000245,2,ook,48000,0.042666666666666665,20615.850345734372,5.703540240234044,noisy,0.6219126286022258,1.0,white,42,3037933323,3852575726,dataset_v2_generator-1.2,dataset_v2_clean.0,67.7392879586304,,,,,,,0.2690508294395478,0.13641666666666666,0,ook|noisy|20500,0
dataset_v2_clean.0_tone_000156,4,tone,48000,0.042666666666666665,19123.590052486543,13.68656484421722,moderate,0.9621177183825832,1.0,ambient,42,701847021,1724378270,dataset_v2_generator-1.2,dataset_v2_clean.0,,,,,,,,0.25935156349676836,0.1913125,0,tone|moderate|19000,0
dataset_v2_clean.0_benign_000093,0,benign,48000,0.042666666666666665,,,,0.6571616187476328,2.549539488960231,white,42,2908457699,2868007414,dataset_v2_generator-1.2,dataset_v2_clean.0,,,,,,,band_limited_hiss,0.2733833180270488,0.08545833333333333,0,benign|band_limited_hiss|na|a70,0
dataset_v2_clean.0_ook_000112,2,ook,48000,0.042666666666666665,20090.932519090205,8.900311976332638,noisy,0.6275821359331721,1.0,white,42,2653919816,2501013702,dataset_v2_generator-1.2,dataset_v2_clean.0,59.57974381860207,,,,,,,0.38466703716346323,0.0088125,0,ook|noisy|20000,0
dataset_v2_clean.0_tone_000197,4,tone,48000,0.042666666666666665,19885.74498386079,-1.131327846211443,very_noisy,0.8294657889234023,1.0,ambient,42,3194473807,165498177,dataset_v2_generator-1.2,dataset_v2_clean.0,,,,,,,,0.3833740253186229,0.3048958333333333,0,tone|very_noisy|20000,0
dataset_v2_clean.0_ook_000307,2,ook,48000,0.042666666666666665,20731.497107870866,15.240446382526587,moderate,0.7893591806324854,0.937867860970987,ambient,42,2898392364,3115837782,dataset_v2_generator-1.2,dataset_v2_clean.0,55.28119985486035,,,,,,,0.29666654315841107,0.0181875,0,ook|moderate|20500,0
dataset_v2_clean.0_ook_000382,2,ook,48000,0.042666666666666665,19098.945074711333,28.502068293115336,clean,0.559047236637275,0.5763346289259972,ambient,42,2231629834,3736020423,dataset_v2_generator-1.2,dataset_v2_clean.0,53.566131697886306,,,,,,,0.3023157629079028,0.17133333333333334,0,ook|clean|19000,0
dataset_v2_clean.0_tone_000407,4,tone,48000,0.042666666666666665,20877.16446767272,12.754116140992124,moderate,0.7530536430020752,1.0,ambient,42,826297278,1754184208,dataset_v2_generator-1.2,dataset_v2_clean.0,,,,,,,,0.38433493188050216,0.04541666666666667,0,tone|moderate|21000,0
dataset_v2_clean.0_benign_000104,0,benign,48000,0.042666666666666665,,1.0045385643330986,very_noisy,0.2133751430923754,0.44398648570711974,white,42,1127576410,1763463548,dataset_v2_generator-1.2,dataset_v2_clean.0,,,,,,,ambient_hf_boost,0.4225904131246863,0.34941666666666665,0,benign|ambient_hf_boost|very_noisy,0
dataset_v2_clean.0_chirp_000490,3,chirp,48000,0.042666666666666665,,-4.161002865711646,very_noisy,0.556862739676628,1.0,white,42,3463696141,3518565546,dataset_v2_generator-1.2,dataset_v2_clean.0,,,19149.29457749382,20966.41178705651,,6,,0.23670478039682769,0.07947916666666667,0,chirp|very_noisy|19000_21000,0
dataset_v2_clean.0_benign_000309,0,benign,48000,0.042666666666666665,,,,0.46514389101796966,1.8784623124168123,white,42,3946078612,3967120677,dataset_v2_generator-1.2,dataset_v2_clean.0,,,,,,,band_limited_hiss,0.2711806233781779,0.1999375,0,benign|band_limited_hiss|na|a50,0
dataset_v2_clean.0_chirp_000054,3,chirp,48000,0.042666666666666665,,18.3036606773139,moderate,0.6079129678248925,0.7941651647854143,white,42,3904705936,797016354,dataset_v2_generator-1.2,dataset_v2_clean.0,,,18255.89509452836,20276.327600573382,,2,,0.3641344822863986,0.04825,0,chirp|moderate|18500_20500,0
dataset_v2_clean.0_benign_000112,0,benign,48000,0.042666666666666665,,,,0.4392289049066638,1.6342372522281527,white,42,780947135,4260169984,dataset_v2_generator-1.2,dataset_v2_clean.0,,,,,,,white,0.24232882005450262,0.14179166666666668,0,benign|white|a40,0
dataset_v2_clean.0_chirp_000193,3,chirp,48000,0.042666666666666665,,4.381641312320279,noisy,0.9325966588574695,1.0,ambient,42,929682412,3182953578,dataset_v2_generator-1.2,dataset_v2_clean.0,,,18192.21785396019,20592.649748688116,,7,,0.39726910516076547,0.094,0,chirp|noisy|18000_20500,0
dataset_v2_clean.0_chirp_000440,3,chirp,48000,0.042666666666666665,,20.52691894985526,clean,0.9142431807781308,1.0,white,42,2490406062,114416865,dataset_v2_generator-1.2,dataset_v2_clean.0,,,19196.322962994243,20508.220178159067,,4,,0.41431409419350634,0.00010416666666666667,0,chirp|clean|19000_20500,0
dataset_v2_clean.0_fsk_000462,1,fsk,48000,0.042666666666666665,18812.271268719756,3.8829459358132628,noisy,0.5639484049223366,1.0,white,42,2834374759,472608225,dataset_v2_generator-1.2,dataset_v2_clean.0,81.45703259597725,1145.5180770690458,,,,,,0.4213851178576339,0.2530833333333333,0,fsk|noisy|19000,0
dataset_v2_clean.0_benign_000036,0,benign,48000,0.042666666666666665,,,,0.29982641904103347,1.1953229998725872,white,42,2971326602,1017094903,dataset_v2_generator-1.2,dataset_v2_clean.0,,,,,,,white,0.23601860382459777,0.17041666666666666,0,benign|white|a30,0
dataset_v2_clean.0_chirp_000034,3,chirp,48000,0.042666666666666665,,3.1078967893537293,noisy,0.6678006411875925,1.0,white,42,1098999711,3840930128,dataset_v2_generator-1.2,dataset_v2_clean.0,,,19286.92833735905,20817.523388204118,,3,,0.25276816660398016,0.15772916666666667,0,chirp|noisy|19500_21000,0
dataset_v2_clean.0_fsk_000459,1,fsk,48000,0.042666666666666665,19160.83383325911,-2.960669321769855,very_noisy,0.6110710881766158,1.0,ambient,42,3864987391,2804165072,dataset_v2_generator-1.2,dataset_v2_clean.0,50.547519447889734,1499.657817911815,,,,,,0.26623704616174276,0.195,0,fsk|very_noisy|19000,0
dataset_v2_clean.0_chirp_000434,3,chirp,48000,0.042666666666666665,,23.465150225612987,clean,0.7054417014026186,0.8145221723883934,white,42,4153743263,3573983756,dataset_v2_generator-1.2,dataset_v2_clean.0,,,18719.428443893885,20878.038129422974,,5,,0.42049311560733493,0.04608333333333333,0,chirp|clean|18500_21000,0
dataset_v2_clean.0_benign_000387,0,benign,48000,0.042666666666666665,,,,0.22783856899375365,0.22783856899375365,ambient,42,249098399,1257015254,dataset_v2_generator-1.2,dataset_v2_clean.0,,,,,,,ambient,0.3932249361970229,0.23922916666666666,2,benign|ambient|a20,0
dataset_v2_clean.0_benign_000195,0,benign,48000,0.042666666666666665,,,,0.5744434960534472,2.3890524391946912,white,42,2432218544,3222403836,dataset_v2_generator-1.2,dataset_v2_clean.0,,,,,,,band_limited_hiss,0.3076068788353796,0.18810416666666666,0,benign|band_limited_hiss|na|a60,0
dataset_v2_clean.0_benign_000157,0,benign,48000,0.042666666666666665,,-1.6391243093188224,very_noisy,0.38100490766230266,1.0,white,42,4144270130,3486497901,dataset_v2_generator-1.2,dataset_v2_clean.0,,,,,,,ambient_hf_boost,0.25948511260852275,0.0300625,0,benign|ambient_hf_boost|very_noisy,0
dataset_v2_clean.0_fsk_000411,1,fsk,48000,0.042666666666666665,18481.5316634363,21.206434074862333,clean,0.6200710950548285,0.7458011817546681,white,42,3598276584,3993957068,dataset_v2_generator-1.2,dataset_v2_clean.0,52.53716786097279,1986.3001322789787,,,,,,0.3498028856845092,0.057354166666666664,0,fsk|clean|18500,0
dataset_v2_clean.0_benign_000256,0,benign,48000,0.042666666666666665,,4.66301139119849,noisy,0.16558305096075238,0.23934339579637967,white,42,547008404,1335055546,dataset_v2_generator-1.2,dataset_v2_clean.0,,,,,,,ambient_hf_boost,0.4091757654384018,0.12560416666666666,0,benign|ambient_hf_boost|noisy,0
dataset_v2_clean.0_benign_000033,0,benign,48000,0.042666666666666665,,20.667002502683943,clean,0.5529661535130527,0.583639475621816,white,42,3492497532,663708340,dataset_v2_generator-1.2,dataset_v2_clean.0,,,,,,,ambient_hf_boost,0.32261112443746237,0.12264583333333333,0,benign|ambient_hf_boost|clean,0
dataset_v2_clean.0_ook_000488,2,ook,48000,0.042666666666666665,20457.847486167826,17.751898601709343,moderate,0.9954590017628299,1.0,ambient,42,119775938,3546963048,dataset_v2_generator-1.2,dataset_v2_clean.0,32.684679821234155,,,,,,,0.3513133521585452,0.2045,0,ook|moderate|20500,0
dataset_v2_clean.0_chirp_000453,3,chirp,48000,0.042666666666666665,,8.779641141378576,noisy,0.9356451472322463,1.0,ambient,42,2199460050,2665492002,dataset_v2_generator-1.2,dataset_v2_clean.0,,,18171.57779850016,20520.161188035938,,3,,0.22876663059573965,0.1514375,0,chirp|noisy|18000_20500,0
dataset_v2_clean.0_tone_000401,4,tone,48000,0.042666666666666665,20095.46947342081,22.434447811161643,clean,0.8923117656300672,1.0,white,42,395270306,4122087973,dataset_v2_generator-1.2,dataset_v2_clean.0,,,,,,,,0.30898919059987257,0.23745833333333333,0,tone|clean|20000,0
dataset_v2_clean.0_tone_000014,4,tone,48000,0.042666666666666665,18441.209104330315,20.712304763810895,clean,0.5901740173772115,0.6691981516701906,ambient,42,146864600,3992168579,dataset_v2_generator-1.2,dataset_v2_clean.0,,,,,,,,0.39698360523894394,0.1050625,0,tone|clean|18500,0
dataset_v2_clean.0_fsk_000036,1,fsk,48000,0.042666666666666665,18852.818825210776,5.6706931191473835,noisy,0.7167247333605197,1.0,ambient,42,3205717296,1725745693,dataset_v2_generator-1.2,dataset_v2_clean.0,70.94688490071209,1354.6880237500773,,,,,,0.358464811005193,0.10439583333333333,0,fsk|noisy|19000,0
dataset_v2_clean.0_tone_000384,4,tone,48000,0.042666666666666665,20439.28539939668,29.022127613987138,clean,0.7004492209269384,0.7543222856218352,ambient,42,688471386,1349910522,dataset_v2_generator-1.2,dataset_v2_clean.0,,,,,,,,0.4067243492550358,0.3024375,0,tone|clean|20500,0
dataset_v2_clean.0_chirp_000403,3,chirp,48000,0.042666666666666665,,11.434577672078914,moderate,0.7055232877829508,1.0,ambient,42,2601359851,1226955759,dataset_v2_generator-1.2,dataset_v2_clean.0,,,18096.69479775858,20493.00364837011,,3,,0.21481539292840182,0.065375,0,chirp|moderate|18000_20500,0
dataset_v2_clean.0_fsk_000499,1,fsk,48000,0.042666666666666665,18200.106078316978,18.202479972579894,moderate,0.7444757720692552,0.9281333103934369,white,42,2169157460,2418278798,dataset_v2_generator-1.2,dataset_v2_clean.0,29.204495757157954,2189.249583159057,,,,,,0.3651541287256085,0.054875,0,fsk|moderate|18000,0
dataset_v2_clean.0_benign_000214,0,benign,48000,0.042666666666666665,,,,0.3428506797016432,0.3428506797016432,ambient,42,2452853559,3485025796,dataset_v2_generator-1.2,dataset_v2_clean.0,,,,,,,ambient,0.2628312341910364,0.045875,1,benign|ambient|a30,0
dataset_v2_clean.0_chirp_000410,3,chirp,48000,0.042666666666666665,,-1.5931018433013326,very_noisy,0.5806110831918341,1.0,white,42,3496765925,1852590548,dataset_v2_generator-1.2,dataset_v2_clean.0,,,18907.129277969365,20419.02231513408,,2,,0.3191956102399989,0.135125,0,chirp|very_noisy|19000_20500,0
dataset_v2_clean.0_tone_000453,4,tone,48000,0.042666666666666665,20579.144936389363,10.566778924689817,moderate,0.732119386103087,1.0,ambient,42,2142206110,547902937,dataset_v2_generator-1.2,dataset_v2_clean.0,,,,,,,,0.316445846547762,0.2698125,0,tone|moderate|20500,0
dataset_v2_clean.0_benign_000329,0,benign,48000,0.042666666666666665,,,,0.5330621141667053,2.503040183006694,white,42,2893181530,674499859,dataset_v2_generator-1.2,dataset_v2_clean.0,,,,,,,band_limited_hiss,0.4051615651332928,0.26897916666666666,0,benign|band_limited_hiss|na|a50,0
dataset_v2_clean.0_ook_000098,2,ook,48000,0.042666666666666665,19261.85652241971,10.847356322918142,moderate,0.799703776685349,1.0,white,42,1235202696,3357203643,dataset_v2_generator-1.2,dataset_v2_clean.0,30.859065236437715,,,,,,,0.2534032326354527,0.17522916666666666,0,ook|moderate|19500,0
dataset_v2_clean.0_benign_000105,0,benign,48000,0.042666666666666665,,,,0.6818034456783153,2.6567345935195825,white,42,1795337635,2322589018,dataset_v2_generator-1.2,dataset_v2_clean.0,,,,,,,band_limited_hiss,0.31566410410662693,0.15754166666666666,0,benign|band_limited_hiss|na|a70,0
dataset_v2_clean.0_benign_000014,0,benign,48000,0.042666666666666665,,,,0.39264434418549266,1.5811571200175194,white,42,379414071,4226734516,dataset_v2_generator-1.2,dataset_v2_clean.0,,,,,,,band_limited_hiss,0.36128046629063204,0.301625,0,benign|band_limited_hiss|na|a40,0
dataset_v2_clean.0_chirp_000270,3,chirp,48000,0.042666666666666665,,9.37702191086434,noisy,0.930358810195683,1.0,white,42,894662554,720510684,dataset_v2_generator-1.2,dataset_v2_clean.0,,,18138.17083505427,20782.575571037913,,3,,0.27638858221191864,0.11797916666666666,0,chirp|noisy|18000_21000,0
dataset_v2_clean.0_benign_000476,0,benign,48000,0.042666666666666665,,13.35500304067926,moderate,0.5971769579200823,0.7639186199675745,white,42,1020775897,2435383113,dataset_v2_generator-1.2,dataset_v2_clean.0,,,,,,,ambient_hf_boost,0.3084660049798614,0.07402083333333333,0,benign|ambient_hf_boost|moderate,0
dataset_v2_clean.0_fsk_000104,1,fsk,48000,0.042666666666666665,19145.478147696398,4.6174479448708325,noisy,0.9633488211106684,1.0,white,42,2594726019,3309060662,dataset_v2_generator-1.2,dataset_v2_clean.0,79.71231332316117,1388.0924764229894,,,,,,0.3773029180934204,0.11729166666666667,0,fsk|noisy|19000,0
dataset_v2_clean.0_ook_000445,2,ook,48000,0.042666666666666665,19629.596398606736,2.999461032888667,noisy,0.9431902417707372,1.0,ambient,42,112979780,2293522429,dataset_v2_generator-1.2,dataset_v2_clean.0,66.39295166554496,,,,,,,0.31853014623314535,0.0463125,0,ook|noisy|19500,0
dataset_v2_clean.0_fsk_000296,1,fsk,48000,0.042666666666666665,19017.616103807355,27.81372997928166,clean,0.9630079690832853,1.0,white,42,1784904546,4054454951,dataset_v2_generator-1.2,dataset_v2_clean.0,55.578329096355574,880.2169965241992,,,,,,0.377525687532971,0.030083333333333333,0,fsk|clean|19000,0
dataset_v2_clean.0_benign_000493,0,benign,48000,0.042666666666666665,,-0.6580254825489131,very_noisy,0.35685895091587105,0.7368564260126762,white,42,2007682008,182243330,dataset_v2_generator-1.2,dataset_v2_clean.0,,,,,,,ambient_hf_boost,0.33289646474401186,0.115,0,benign|ambient_hf_boost|very_noisy,0
dataset_v2_clean.0_ook_000278,2,ook,48000,0.042666666666666665,20065.176597264803,10.61777438765671,moderate,0.8555004719160727,1.0,ambient,42,3421757684,1003415141,dataset_v2_generator-1.2,dataset_v2_clean.0,40.88155260308298,,,,,,,0.4115729231698933,0.05608333333333333,0,ook|moderate|20000,0
dataset_v2_clean.0_ook_000009,2,ook,48000,0.042666666666666665,19598.371518234042,28.75987943377459,clean,0.6730436845081395,0.7302308731940136,white,42,2230699753,3608365212,dataset_v2_generator-1.2,dataset_v2_clean.0,62.74940069176494,,,,,,,0.32316261499569676,0.13058333333333333,0,ook|clean|19500,0
dataset_v2_clean.0_tone_000094,4,tone,48000,0.042666666666666665,20135.02454440228,-1.252222058250684,very_noisy,0.8742767519048238,1.0,white,42,3899696491,3204561545,dataset_v2_generator-1.2,dataset_v2_clean.0,,,,,,,,0.3850534493505688,0.05566666666666667,0,tone|very_noisy|20000,0
dataset_v2_clean.0_chirp_000175,3,chirp,48000,0.042666666666666665,,20.974683994050526,clean,0.7786398727014645,0.8806570748942563,ambient,42,3337926607,968139038,dataset_v2_generator-1.2,dataset_v2_clean.0,,,18669.081699149414,20674.55268281604,,2,,0.3043435187805681,0.20972916666666666,0,chirp|clean|18500_20500,0
dataset_v2_clean.0_tone_000293,4,tone,48000,0.042666666666666665,18798.766108237123,-3.926493704321889,very_noisy,0.9837949579949643,1.0,ambient,42,4242035988,1513013643,dataset_v2_generator-1.2,dataset_v2_clean.0,,,,,,,,0.2649758845782828,0.11235416666666667,0,tone|very_noisy|19000,0
dataset_v2_clean.0_fsk_000407,1,fsk,48000,0.042666666666666665,18329.675056209984,15.11697928910753,moderate,0.7305346434939025,1.0,white,42,1824700602,4035784906,dataset_v2_generator-1.2,dataset_v2_clean.0,28.222878023289688,561.0806004885235,,,,,,0.42554404496939763,0.021770833333333333,0,fsk|moderate|18500,0
dataset_v2_clean.0_ook_000305,2,ook,48000,0.042666666666666665,19410.819567740968,19.600790609351932,moderate,0.6431373971716023,0.7189592339938042,ambient,42,3116816936,4221411392,dataset_v2_generator-1.2,dataset_v2_clean.0,37.65236614373675,,,,,,,0.37346449805531756,0.22264583333333332,0,ook|moderate|19500,0
dataset_v2_clean.0_benign_000007,0,benign,48000,0.042666666666666665,19977.165058166403,,,0.460636875504557,0.4606368674525372,none,42,346678866,498856915,dataset_v2_generator-1.2,dataset_v2_clean.0,,,,,,,steady_ultrasonic_hum,0.23626041740458306,0.1730625,0,benign|steady_ultrasonic_hum|20000|a50,0
dataset_v2_clean.0_benign_000172,0,benign,48000,0.042666666666666665,,,,0.5816786203463065,2.4133464646288636,white,42,2158610927,2561534671,dataset_v2_generator-1.2,dataset_v2_clean.0,,,,,,,band_limited_hiss,0.3364142971922243,0.1854375,0,benign|band_limited_hiss|na|a60,0
dataset_v2_clean.0_ook_000049,2,ook,48000,0.042666666666666665,20238.817221886096,15.758094504669437,moderate,0.7107382158385956,0.8733742349617273,ambient,42,304536554,806634961,dataset_v2_generator-1.2,dataset_v2_clean.0,48.19827779766513,,,,,,,0.3499381102744093,0.237,0,ook|moderate|20000,0
dataset_v2_clean.0_tone_000002,4,tone,48000,0.042666666666666665,20382.230807113003,-3.184982978145613,very_noisy,0.6210846073711311,1.0,ambient,42,2353232201,421323122,dataset_v2_generator-1.2,dataset_v2_clean.0,,,,,,,,0.31262167918422507,0.1344375,0,tone|very_noisy|20500,0
dataset_v2_clean.0_ook_000395,2,ook,48000,0.042666666666666665,19181.12901425207,17.299831334236924,moderate,0.6701447436588432,0.7575977882563719,ambient,42,1988320712,561500796,dataset_v2_generator-1.2,dataset_v2_clean.0,65.12656346082264,,,,,,,0.41107656233882567,0.064875,0,ook|moderate|19000,0
dataset_v2_clean.0_chirp_000164,3,chirp,48000,0.042666666666666665,,18.51933413458642,moderate,0.610314451408825,0.7716592936910109,white,42,1383480581,34599931,dataset_v2_generator-1.2,dataset_v2_clean.0,,,18865.207688600847,20927.7711271947,,2,,0.32581989374841674,0.10495833333333333,0,chirp|moderate|19000_21000,0
dataset_v2_clean.0_benign_000244,0,benign,48000,0.042666666666666665,19409.224775123483,,,0.3443806618679724,0.34438066164467546,none,42,783295225,3659087571,dataset_v2_generator-1.2,dataset_v2_clean.0,,,,,,,steady_ultrasonic_hum,0.3001957351569159,0.0690625,0,benign|steady_ultrasonic_hum|19500|a30,0
dataset_v2_clean.0_ook_000259,2,ook,48000,0.042666666666666665,20312.71912929778,0.4952610792945151,very_noisy,0.5695395015486698,1.0,white,42,3085850476,2278595559,dataset_v2_generator-1.2,dataset_v2_clean.0,57.736440409736744,,,,,,,0.3616310917495207,0.21139583333333334,0,ook|very_noisy|20500,0
dataset_v2_clean.0_ook_000385,2,ook,48000,0.042666666666666665,18852.632229375708,12.66942354921357,moderate,0.6970457718729569,0.8635329257330773,ambient,42,1245726130,4250470492,dataset_v2_generator-1.2,dataset_v2_clean.0,59.43332775127956,,,,,,,0.35521348926769897,0.11177083333333333,1,ook|moderate|19000,0
dataset_v2_clean.0_fsk_000216,1,fsk,48000,0.042666666666666665,19339.384207222723,1.1450003769534547,very_noisy,0.9846159522419664,1.0,ambient,42,2561586026,847257773,dataset_v2_generator-1.2,dataset_v2_clean.0,75.40358596103754,678.2588038772483,,,,,,0.23299081291177753,0.17358333333333334,0,fsk|very_noisy|19500,0
dataset_v2_clean.0_benign_000413,0,benign,48000,0.042666666666666665,,10.125933329318837,moderate,0.28298830460730495,0.33392306566919355,white,42,3546611647,2961309619,dataset_v2_generator-1.2,dataset_v2_clean.0,,,,,,,ambient_hf_boost,0.2178693376229969,0.1369375,0,benign|ambient_hf_boost|moderate,0
dataset_v2_clean.0_fsk_000032,1,fsk,48000,0.042666666666666665,18632.462258255786,1.6177442951871033,very_noisy,0.9270363271246296,1.0,white,42,3616012249,3212606671,dataset_v2_generator-1.2,dataset_v2_clean.0,28.780316392967023,2158.935378181068,,,,,,0.2690325689957544,0.017104166666666667,0,fsk|very_noisy|18500,0
dataset_v2_clean.0_fsk_000242,1,fsk,48000,0.042666666666666665,18947.96522599863,27.57831280847234,clean,0.6747362077146543,0.7243184585218604,ambient,42,1097842851,3216500684,dataset_v2_generator-1.2,dataset_v2_clean.0,49.25277559659682,1810.4024346762526,,,,,,0.42547041452123646,0.22527083333333334,0,fsk|clean|19000,0
dataset_v2_clean.0_benign_000328,0,benign,48000,0.042666666666666665,,,,0.5529815691273211,0.5529815691273211,ambient,42,2470406406,4052649207,dataset_v2_generator-1.2,dataset_v2_clean.0,,,,,,,ambient,0.3148712995521748,0.18989583333333335,0,benign|ambient|a60,0
dataset_v2_clean.0_fsk_000057,1,fsk,48000,0.042666666666666665,19695.330631770597,9.328608626711189,noisy,0.8296317916515814,1.0,white,42,2629079482,2215744648,dataset_v2_generator-1.2,dataset_v2_clean.0,40.61395456465312,1028.7228452116542,,,,,,0.40421938526836887,0.23075,0,fsk|noisy|19500,0
dataset_v2_clean.0_ook_000204,2,ook,48000,0.042666666666666665,20785.909737200396,18.49292163701474,moderate,0.7645782807914172,0.8424340813086196,ambient,42,929892315,2762928948,dataset_v2_generator-1.2,dataset_v2_clean.0,39.42854538515465,,,,,,,0.29125486061792,0.184875,0,ook|moderate|21000,0
dataset_v2_clean.0_fsk_000102,1,fsk,48000,0.042666666666666665,19130.082232256103,4.304191853899635,noisy,0.876893259216988,1.0,ambient,42,2590996426,214006067,dataset_v2_generator-1.2,dataset_v2_clean.0,89.93619345659478,654.4343686248576,,,,,,0.3093317006386824,0.22972916666666668,0,fsk|noisy|19000,0
dataset_v2_clean.0_ook_000474,2,ook,48000,0.042666666666666665,20000.552946522246,22.633923278102493,clean,0.9013521577085448,0.9707775932228099,ambient,42,4094146799,1610186985,dataset_v2_generator-1.2,dataset_v2_clean.0,32.94290464337453,,,,,,,0.30990022745451123,0.1271875,0,ook|clean|20000,0
dataset_v2_clean.0_fsk_000110,1,fsk,48000,0.042666666666666665,18711.122750783852,-0.7835662553357725,very_noisy,0.9892881566892173,1.0,white,42,3543719926,776346487,dataset_v2_generator-1.2,dataset_v2_clean.0,36.71724438774885,1792.309205041929,,,,,,0.36286183501494557,0.21929166666666666,0,fsk|very_noisy|18500,0
dataset_v2_clean.0_ook_000295,2,ook,48000,0.042666666666666665,19752.391419297215,29.752464415161718,clean,0.9684830548366761,1.0,white,42,649174346,274342547,dataset_v2_generator-1.2,dataset_v2_clean.0,31.530456306082684,,,,,,,0.36303212978290766,0.21233333333333335,0,ook|clean|20000,0
dataset_v2_clean.0_fsk_000022,1,fsk,48000,0.042666666666666665,18457.223528791263,10.905122449141782,moderate,0.6653501465401277,0.974317559727496,ambient,42,2123970655,3662084313,dataset_v2_generator-1.2,dataset_v2_clean.0,63.45914564437755,1795.9239065717084,,,,,,0.402409417286951,0.23552083333333335,0,fsk|moderate|18500,0
dataset_v2_clean.0_tone_000125,4,tone,48000,0.042666666666666665,19376.163710533998,7.338268727711371,noisy,0.8553206273648758,1.0,white,42,1950241534,1835444223,dataset_v2_generator-1.2,dataset_v2_clean.0,,,,,,,,0.35842940907951437,0.1278125,0,tone|noisy|19500,0
dataset_v2_clean.0_ook_000364,2,ook,48000,0.042666666666666665,19411.306782842174,-1.33451776829321,very_noisy,0.7145365988064917,1.0,white,42,4020501521,526929363,dataset_v2_generator-1.2,dataset_v2_clean.0,34.17858822985133,,,,,,,0.35298498108639176,0.07766666666666666,0,ook|very_noisy|19500,0
dataset_v2_clean.0_tone_000380,4,tone,48000,0.042666666666666665,20478.49754974387,-1.4031815594508488,very_noisy,0.7092203257038349,1.0,ambient,42,1729824824,1254201300,dataset_v2_generator-1.2,dataset_v2_clean.0,,,,,,,,0.36688976701910964,0.066125,0,tone|very_noisy|20500,0
dataset_v2_clean.0_tone_000101,4,tone,48000,0.042666666666666665,19352.044770612916,13.584999239000545,moderate,0.5571921007602333,0.8096211019490882,white,42,2272631431,3247387015,dataset_v2_generator-1.2,dataset_v2_clean.0,,,,,,,,0.3013857131253379,0.1823125,0,tone|moderate|19500,0
dataset_v2_clean.0_benign_000447,0,benign,48000,0.042666666666666665,,-2.983421775640116,very_noisy,0.5123094235095986,1.0,white,42,383981414,1167368218,dataset_v2_generator-1.2,dataset_v2_clean.0,,,,,,,ambient_hf_boost,0.21609546085315343,0.11854166666666667,0,benign|ambient_hf_boost|very_noisy,0
dataset_v2_clean.0_chirp_000418,3,chirp,48000,0.042666666666666665,,19.67411390947823,moderate,0.7772202465063098,0.9751665847701911,white,42,3593992830,891867911,dataset_v2_generator-1.2,dataset_v2_clean.0,,,18289.79781205492,20567.448107281158,,2,,0.3976921082424891,0.19397916666666667,0,chirp|moderate|18500_20500,0
dataset_v2_clean.0_fsk_000133,1,fsk,48000,0.042666666666666665,19309.41177863147,24.51964997113849,clean,0.8250753093785681,0.912951585918876,ambient,42,373286779,3780389317,dataset_v2_generator-1.2,dataset_v2_clean.0,40.679753289835155,497.2712443033961,,,,,,0.3173622523620388,0.2426875,0,fsk|clean|19500,0
dataset_v2_clean.0_chirp_000108,3,chirp,48000,0.042666666666666665,,12.17052579898034,moderate,0.6779380397386763,1.0,white,42,2211903514,1552337350,dataset_v2_generator-1.2,dataset_v2_clean.0,,,19178.15130520198,20949.507272308096,,4,,0.23225248389804026,0.12039583333333333,0,chirp|moderate|19000_21000,0
dataset_v2_clean.0_fsk_000173,1,fsk,48000,0.042666666666666665,18298.58318431327,16.626852808840987,moderate,0.6026510428466795,0.7990489948428325,white,42,2246434525,2422609164,dataset_v2_generator-1.2,dataset_v2_clean.0,78.94392185672089,594.8764055456122,,,,,,0.30412995751418237,0.23345833333333332,0,fsk|moderate|18500,0
dataset_v2_clean.0_chirp_000409,3,chirp,48000,0.042666666666666665,,1.1533080219419132,very_noisy,0.7289627454166336,1.0,ambient,42,4214328762,3868350540,dataset_v2_generator-1.2,dataset_v2_clean.0,,,19165.318190785743,20494.855491576443,,4,,0.21614356917773458,0.06810416666666666,0,chirp|very_noisy|19000_20500,0
dataset_v2_clean.0_chirp_000177,3,chirp,48000,0.042666666666666665,,12.367321135767558,moderate,0.7693137403306262,1.0,white,42,189881036,2168277384,dataset_v2_generator-1.2,dataset_v2_clean.0,,,18699.630655240173,20880.66809048877,,3,,0.31128023715668535,0.09285416666666667,0,chirp|moderate|18500_21000,0
dataset_v2_clean.0_fsk_000166,1,fsk,48000,0.042666666666666665,18811.227092380806,5.883204733251873,noisy,0.6475562914068114,1.0,white,42,1591098043,1466531351,dataset_v2_generator-1.2,dataset_v2_clean.0,38.506227313252325,1270.7276721467206,,,,,,0.3231795346731717,0.23635416666666667,0,fsk|noisy|19000,0
dataset_v2_clean.0_tone_000483,4,tone,48000,0.042666666666666665,20690.275457342257,1.5641067034429392,very_noisy,0.7763723799773874,1.0,ambient,42,892569147,618026309,dataset_v2_generator-1.2,dataset_v2_clean.0,,,,,,,,0.4152017939411877,0.08710416666666666,0,tone|very_noisy|20500,0
dataset_v2_clean.0_chirp_000339,3,chirp,48000,0.042666666666666665,,19.920782603964827,moderate,0.868702727206722,1.0,white,42,3771221954,556545388,dataset_v2_generator-1.2,dataset_v2_clean.0,,,18834.933224214576,20203.192518907188,,3,,0.22672681268983302,0.079625,0,chirp|moderate|19000_20000,0
dataset_v2_clean.0_benign_000259,0,benign,48000,0.042666666666666665,18642.808626504124,,,0.5014546638464252,0.5014546638146393,none,42,1678952352,106982927,dataset_v2_generator-1.2,dataset_v2_clean.0,,,,,,,steady_ultrasonic_hum,0.4173099371241563,0.13304166666666667,0,benign|steady_ultrasonic_hum|18500|a50,0
dataset_v2_clean.0_chirp_000367,3,chirp,48000,0.042666666666666665,,25.400992970233336,clean,0.9717537563568097,1.0,white,42,2292118595,3069901627,dataset_v2_generator-1.2,dataset_v2_clean.0,,,18654.40154104124,20841.91472519653,,4,,0.26737404943228615,0.10385416666666666,0,chirp|clean|18500_21000,0
dataset_v2_clean.0_fsk_000298,1,fsk,48000,0.042666666666666665,19473.825560076737,1.4435227093295353,very_noisy,0.9420055319456621,1.0,white,42,3873820150,1712788410,dataset_v2_generator-1.2,dataset_v2_clean.0,37.52979283378274,1526.174439923263,,,,,,0.27177652312476763,0.059958333333333336,0,fsk|very_noisy|19500,0
dataset_v2_clean.0_benign_000028,0,benign,48000,0.042666666666666665,,19.413596471746963,moderate,0.5975260993150044,0.6478582785128773,white,42,1127914578,2843311930,dataset_v2_generator-1.2,dataset_v2_clean.0,,,,,,,ambient_hf_boost,0.3098477273182066,0.0125625,0,benign|ambient_hf_boost|moderate,0
dataset_v2_clean.0_chirp_000125,3,chirp,48000,0.042666666666666665,,24.4283301202276,clean,0.9612552920723664,1.0,ambient,42,169359975,1381559688,dataset_v2_generator-1.2,dataset_v2_clean.0,,,18869.960586677546,20492.78867933595,,5,,0.3141254089454835,0.15625,0,chirp|clean|19000_20500,0
dataset_v2_clean.0_fsk_000348,1,fsk,48000,0.042666666666666665,19094.942241352925,8.8312396650466,noisy,0.6600729090211677,1.0,ambient,42,723163383,1988821802,dataset_v2_generator-1.2,dataset_v2_clean.0,87.66932541433043,1880.7373473517619,,,,,,0.4032597779997224,0.06845833333333333,0,fsk|noisy|19000,0
dataset_v2_clean.0_fsk_000245,1,fsk,48000,0.042666666666666665,19542.152472940626,23.885218916040625,clean,0.6273620629891493,0.7128534215194555,white,42,243945613,424028783,dataset_v2_generator-1.2,dataset_v2_clean.0,82.4836241245415,1116.7547027069777,,,,,,0.30260451417003376,0.14889583333333334,0,fsk|clean|19500,0
dataset_v2_clean.0_tone_000335,4,tone,48000,0.042666666666666665,19634.39389201749,-0.6624099135197588,very_noisy,0.8288597980377297,1.0,ambient,42,4117504111,587752031,dataset_v2_generator-1.2,dataset_v2_clean.0,,,,,,,,0.28521489469563166,0.20585416666666667,0,tone|very_noisy|19500,0
dataset_v2_clean.0_tone_000011,4,tone,48000,0.042666666666666665,19597.016246235107,2.7169621713454744,noisy,0.9391156458336013,1.0,white,42,2777090311,2112700590,dataset_v2_generator-1.2,dataset_v2_clean.0,,,,,,,,0.3736755052934291,0.32414583333333336,0,tone|noisy|19500,0
dataset_v2_clean.0_chirp_000472,3,chirp,48000,0.042666666666666665,,5.126786577302522,noisy,0.7586718169881703,1.0,ambient,42,1648840772,1360919230,dataset_v2_generator-1.2,dataset_v2_clean.0,,,18139.959154956912,20622.697601676377,,4,,0.3406668812426263,0.19414583333333332,0,chirp|noisy|18000_20500,0
dataset_v2_clean.0_ook_000229,2,ook,48000,0.042666666666666665,20339.425632328595,29.93703812394544,clean,0.6068363354586681,0.6330305878874132,ambient,42,4078597999,2146948111,dataset_v2_generator-1.2,dataset_v2_clean.0,68.1389318469065,,,,,,,0.22863668124902675,0.12839583333333332,0,ook|clean|20500,0
dataset_v2_clean.0_chirp_000208,3,chirp,48000,0.042666666666666665,,14.966674356298373,moderate,0.8004536452920021,1.0,ambient,42,1817990799,2193576329,dataset_v2_generator-1.2,dataset_v2_clean.0,,,18406.172559953804,20769.317965147446,,5,,0.22093306412279248,0.002979166666666667,0,chirp|moderate|18500_21000,0
dataset_v2_clean.0_ook_000469,2,ook,48000,0.042666666666666665,19575.601189692457,24.89104519031124,clean,0.6732554523362266,0.7066228019757116,white,42,3135466613,582682546,dataset_v2_generator-1.2,dataset_v2_clean.0,64.68916863733583,,,,,,,0.22052347307661177,0.115375,0,ook|clean|19500,0
dataset_v2_clean.0_ook_000256,2,ook,48000,0.042666666666666665,18718.785620320185,-4.407768432593348,very_noisy,0.8562494805329588,1.0,ambient,42,2879307478,3709196322,dataset_v2_generator-1.2,dataset_v2_clean.0,44.76546744537444,,,,,,,0.3517875452200915,0.13483333333333333,0,ook|very_noisy|18500,0
dataset_v2_clean.0_fsk_000238,1,fsk,48000,0.042666666666666665,19407.094620547152,28.10011249273324,clean,0.6663564307881451,0.7310066180708943,white,42,958322374,792109530,dataset_v2_generator-1.2,dataset_v2_clean.0,67.25839686336596,1105.4627104428691,,,,,,0.30453987500493934,0.09458333333333334,0,fsk|clean|19500,0
dataset_v2_clean.0_chirp_000294,3,chirp,48000,0.042666666666666665,,25.655905754195846,clean,0.6006968363395799,0.6627708903755002,ambient,42,304788160,1543197898,dataset_v2_generator-1.2,dataset_v2_clean.0,,,19086.807081620645,20342.31973425749,,8,,0.40891064571675695,0.230125,0,chirp|clean|19000_20500,0
dataset_v2_clean.0_fsk_000480,1,fsk,48000,0.042666666666666665,18374.32709953847,22.029421694226276,clean,0.8987914027200525,1.0,white,42,2148761387,3676322189,dataset_v2_generator-1.2,dataset_v2_clean.0,73.09019692172298,1203.478664537819,,,,,,0.24570077787710862,0.033166666666666664,0,fsk|clean|18500,0
dataset_v2_clean.0_ook_000394,2,ook,48000,0.042666666666666665,18920.96286298174,1.6171014845333307,very_noisy,0.7575645253199284,1.0,white,42,2298156045,1214893883,dataset_v2_generator-1.2,dataset_v2_clean.0,46.71622739096204,,,,,,,0.33876328659871935,0.127625,0,ook|very_noisy|19000,0
dataset_v2_clean.0_tone_000414,4,tone,48000,0.042666666666666665,20987.68652605786,14.952141313437053,moderate,0.5518561444459189,0.7263168206627943,ambient,42,1944459605,393297788,dataset_v2_generator-1.2,dataset_v2_clean.0,,,,,,,,0.23634442949136633,0.08864583333333333,0,tone|moderate|21000,0
dataset_v2_clean.0_chirp_000255,3,chirp,48000,0.042666666666666665,,20.239937900822508,clean,0.9722126527636514,1.0,ambient,42,2325480741,1667366849,dataset_v2_generator-1.2,dataset_v2_clean.0,,,19207.7103519762,20666.26761850482,,7,,0.3363293088876393,0.2660416666666667,0,chirp|clean|19000_20500,0
dataset_v2_clean.0_chirp_000235,3,chirp,48000,0.042666666666666665,,20.4106654666257,clean,0.5629297528607433,0.6698704525887136,ambient,42,1745780809,1288772749,dataset_v2_generator-1.2,dataset_v2_clean.0,,,18667.68586784336,20396.36539722008,,8,,0.38621096941798094,0.2413125,0,chirp|clean|18500_20500,0
dataset_v2_clean.0_ook_000444,2,ook,48000,0.042666666666666665,18957.782114526253,5.780307297053521,noisy,0.6000217756607165,0.9315757280646879,ambient,42,2222403084,3794666966,dataset_v2_generator-1.2,dataset_v2_clean.0,35.657015986872736,,,,,,,0.28546216970909766,0.07010416666666666,0,ook|noisy|19000,0
dataset_v2_clean.0_fsk_000381,1,fsk,48000,0.042666666666666665,18627.6634333093,12.540181362617158,moderate,0.8221079053088931,1.0,ambient,42,1676146746,2192222040,dataset_v2_generator-1.2,dataset_v2_clean.0,61.39090416497917,1237.2963493236166,,,,,,0.33878553699301434,0.18808333333333332,0,fsk|moderate|18500,0
dataset_v2_clean.0_fsk_000351,1,fsk,48000,0.042666666666666665,18531.290296942832,-1.8919276619074568,very_noisy,0.973424882338175,1.0,ambient,42,3510726707,3726728733,dataset_v2_generator-1.2,dataset_v2_clean.0,76.22224020084246,1893.2419518640745,,,,,,0.31893610406336814,0.200375,0,fsk|very_noisy|18500,0
dataset_v2_clean.0_chirp_000069,3,chirp,48000,0.042666666666666665,,11.194774674649587,moderate,0.8058269009632846,1.0,ambient,42,2124418983,817253766,dataset_v2_generator-1.2,dataset_v2_clean.0,,,18972.313471063866,20460.374269722277,,6,,0.3246928723346973,0.10591666666666667,0,chirp|moderate|19000_20500,0
dataset_v2_clean.0_ook_000163,2,ook,48000,0.042666666666666665,20611.06569074855,26.99916702303463,clean,0.5666480656329232,0.5803012184940933,ambient,42,683079432,2470022945,dataset_v2_generator-1.2,dataset_v2_clean.0,39.51869616521286,,,,,,,0.30335428411120824,0.20264583333333333,0,ook|clean|20500,0
dataset_v2_clean.0_chirp_000252,3,chirp,48000,0.042666666666666665,,11.557946194571654,moderate,0.6248461856828186,0.9374604506773802,ambient,42,273185881,1533461111,dataset_v2_generator-1.2,dataset_v2_clean.0,,,18025.92311413535,20703.003560448073,,8,,0.36579316180787946,0.15479166666666666,0,chirp|moderate|18000_20500,0
dataset_v2_clean.0_chirp_000268,3,chirp,48000,0.042666666666666665,,24.610365981300706,clean,0.8068864996630554,0.8905422496128396,ambient,42,1359458157,177634872,dataset_v2_generator-1.2,dataset_v2_clean.0,,,18784.33321542338,20668.791237628477,,4,,0.2169804792661175,0.09666666666666666,0,chirp|clean|19000_20500,0
dataset_v2_clean.0_fsk_000424,1,fsk,48000,0.042666666666666665,18677.346114154494,21.916249936346496,clean,0.9156134633584663,1.0,white,42,1421697772,680977331,dataset_v2_generator-1.2,dataset_v2_clean.0,83.83266106716577,1240.9792276748885,,,,,,0.346596260727634,0.0803125,0,fsk|clean|18500,0
dataset_v2_clean.0_tone_000084,4,tone,48000,0.042666666666666665,19365.0805870952,15.922134744465865,moderate,0.9193082055043973,1.0,ambient,42,2612117911,1075758179,dataset_v2_generator-1.2,dataset_v2_clean.0,,,,,,,,0.40783628312237813,0.03295833333333333,0,tone|moderate|19500,0
dataset_v2_clean.0_ook_000330,2,ook,48000,0.042666666666666665,18514.616227854785,18.295933152156966,moderate,0.8510919363530455,1.0,white,42,380980068,3254113996,dataset_v2_generator-1.2,dataset_v2_clean.0,33.83633302597501,,,,,,,0.25271871372718835,0.195125,0,ook|moderate|18500,0
dataset_v2_clean.0_ook_000254,2,ook,48000,0.042666666666666665,20183.22860769456,4.347449433652968,noisy,0.7885441922563108,1.0,white,42,2468571214,1442012262,dataset_v2_generator-1.2,dataset_v2_clean.0,41.76957538123759,,,,,,,0.29106959313808883,0.18670833333333334,0,ook|noisy|20000,0
dataset_v2_clean.0_fsk_000236,1,fsk,48000,0.042666666666666665,19773.55958111076,11.65105356797824,moderate,0.8536730851838689,1.0,ambient,42,196951107,2741545573,dataset_v2_generator-1.2,dataset_v2_clean.0,73.6010165804745,1154.542657508282,,,,,,0.2799425379502677,0.031625,0,fsk|moderate|20000,0
dataset_v2_clean.0_chirp_000116,3,chirp,48000,0.042666666666666665,,24.413427189675787,clean,0.9440581177441358,1.0,ambient,42,1877515605,3632821448,dataset_v2_generator-1.2,dataset_v2_clean.0,,,19126.646930213756,20789.426743175758,,6,,0.2666120338697011,0.014354166666666666,0,chirp|clean|19000_21000,0
dataset_v2_clean.0_tone_000089,4,tone,48000,0.042666666666666665,19338.683640263695,9.58131288078517,noisy,0.8353705385364238,1.0,ambient,42,4112786683,1817453577,dataset_v2_generator-1.2,dataset_v2_clean.0,,,,,,,,0.2224103277620307,0.1275625,0,tone|noisy|19500,0
dataset_v2_clean.0_tone_000020,4,tone,48000,0.042666666666666665,19616.924242930807,5.052921489970836,noisy,0.7260107194232739,1.0,white,42,1850606794,1363229704,dataset_v2_generator-1.2,dataset_v2_clean.0,,,,,,,,0.33730178057535287,0.03339583333333333,0,tone|noisy|19500,0
dataset_v2_clean.0_fsk_000149,1,fsk,48000,0.042666666666666665,18760.77224308302,7.820833517400813,noisy,0.5855371948680349,1.0,ambient,42,624596216,1949924993,dataset_v2_generator-1.2,dataset_v2_clean.0,33.0912105667692,1274.813572819512,,,,,,0.3088314670655912,0.0696875,0,fsk|noisy|19000,0
dataset_v2_clean.0_fsk_000275,1,fsk,48000,0.042666666666666665,19205.558614048532,0.3136010351749947,very_noisy,0.8300274780105454,1.0,ambient,42,3495562303,310857727,dataset_v2_generator-1.2,dataset_v2_clean.0,38.082884457205,1582.6734751562253,,,,,,0.21512517302728226,0.11964583333333334,0,fsk|very_noisy|19000,0
dataset_v2_clean.0_chirp_000151,3,chirp,48000,0.042666666666666665,,-1.5557597377021612,very_noisy,0.5982350898233847,1.0,ambient,42,778210366,3448404426,dataset_v2_generator-1.2,dataset_v2_clean.0,,,19226.09906024563,20883.916912366174,,5,,0.34927818907844765,0.07595833333333334,0,chirp|very_noisy|19000_21000,0
dataset_v2_clean.0_benign_000367,0,benign,48000,0.042666666666666665,,,,0.3657639042387153,1.4094026716853896,white,42,2327610173,2870883228,dataset_v2_generator-1.2,dataset_v2_clean.0,,,,,,,band_limited_hiss,0.31468416386368503,0.0012083333333333334,0,benign|band_limited_hiss|na|a40,0
dataset_v2_clean.0_tone_000296,4,tone,48000,0.042666666666666665,20938.16785548223,10.578176259871505,moderate,0.8610680630476923,1.0,white,42,3270522682,1477335636,dataset_v2_generator-1.2,dataset_v2_clean.0,,,,,,,,0.39984005655046334,0.1628125,0,tone|moderate|21000,0
dataset_v2_clean.0_benign_000098,0,benign,48000,0.042666666666666665,,,,0.5021567796887578,1.944889157623623,white,42,3662155908,865669431,dataset_v2_generator-1.2,dataset_v2_clean.0,,,,,,,band_limited_hiss,0.2542667278246062,0.0505625,0,benign|band_limited_hiss|na|a50,0
dataset_v2_clean.0_ook_000110,2,ook,48000,0.042666666666666665,19152.78896669804,20.58422668271179,clean,0.8321720549595139,0.982672087451806,white,42,276985546,3835688589,dataset_v2_generator-1.2,dataset_v2_clean.0,36.13819515366493,,,,,,,0.36960750297156897,0.1339375,0,ook|clean|19000,0
dataset_v2_clean.0_benign_000283,0,benign,48000,0.042666666666666665,,-0.23017939434041157,very_noisy,0.35184894588399573,0.6913946066225947,white,42,4023862903,2427408158,dataset_v2_generator-1.2,dataset_v2_clean.0,,,,,,,ambient_hf_boost,0.3087431707813212,0.209625,0,benign|ambient_hf_boost|very_noisy,0
dataset_v2_clean.0_ook_000000,2,ook,48000,0.042666666666666665,19399.378229195154,-0.012944071566205473,very_noisy,0.9265921911577901,1.0,white,42,955475868,2752441786,dataset_v2_generator-1.2,dataset_v2_clean.0,52.80145279435056,,,,,,,0.40460622338551294,0.0384375,0,ook|very_noisy|19500,0
dataset_v2_clean.0_fsk_000368,1,fsk,48000,0.042666666666666665,18435.700110603448,24.871287340925814,clean,0.7563645676002068,0.8313132549020077,ambient,42,3465855950,452778772,dataset_v2_generator-1.2,dataset_v2_clean.0,55.95596531635636,1971.6309508929116,,,,,,0.25362538650434197,0.1746875,0,fsk|clean|18500,0
dataset_v2_clean.0_tone_000192,4,tone,48000,0.042666666666666665,19735.58182923596,11.189224888422459,moderate,0.9493045853748048,1.0,ambient,42,4038467620,2341074412,dataset_v2_generator-1.2,dataset_v2_clean.0,,,,,,,,0.2690537505903368,0.19822916666666668,0,tone|moderate|19500,0
dataset_v2_clean.0_ook_000310,2,ook,48000,0.042666666666666665,20054.289954979853,13.6048574528915,moderate,0.5890934393992138,0.7745301772956752,white,42,2078789401,3690783324,dataset_v2_generator-1.2,dataset_v2_clean.0,45.705781525111995,,,,,,,0.2632490967996882,0.2043125,0,ook|moderate|20000,0
dataset_v2_clean.0_ook_000466,2,ook,48000,0.042666666666666665,18483.09700799802,15.148954821951843,moderate,0.8020185751643729,1.0,white,42,728394621,3893424552,dataset_v2_generator-1.2,dataset_v2_clean.0,56.436479801401475,,,,,,,0.38703074394702836,0.138375,0,ook|moderate|18500,0
dataset_v2_clean.0_benign_000126,0,benign,48000,0.042666666666666665,,,,0.397534341074514,1.5501146167533437,white,42,978309399,2520372320,dataset_v2_generator-1.2,dataset_v2_clean.0,,,,,,,band_limited_hiss,0.2926874399516869,0.019854166666666666,0,benign|band_limited_hiss|na|a40,0
dataset_v2_clean.0_tone_000086,4,tone,48000,0.042666666666666665,18428.856638933656,0.8106500373471812,very_noisy,0.7230396586568443,1.0,ambient,42,1007371112,2431238554,dataset_v2_generator-1.2,dataset_v2_clean.0,,,,,,,,0.26596267215604497,0.11483333333333333,0,tone|very_noisy|18500,0
dataset_v2_clean.0_chirp_000325,3,chirp,48000,0.042666666666666665,,-4.028054445584876,very_noisy,0.9131496947027467,1.0,ambient,42,558429256,3078499780,dataset_v2_generator-1.2,dataset_v2_clean.0,,,18045.33796417129,20314.67508638298,,6,,0.3000209109030061,0.20145833333333332,0,chirp|very_noisy|18000_20500,0
dataset_v2_clean.0_benign_000463,0,benign,48000,0.042666666666666665,,5.899212666791632,noisy,0.5381098844901033,0.7606751758310895,white,42,891836138,4272432749,dataset_v2_generator-1.2,dataset_v2_clean.0,,,,,,,ambient_hf_boost,0.35476116511854494,0.15414583333333334,0,benign|ambient_hf_boost|noisy,0
dataset_v2_clean.0_chirp_000254,3,chirp,48000,0.042666666666666665,,6.996783085724941,noisy,0.8751659671658936,1.0,white,42,2213971811,4151766428,dataset_v2_generator-1.2,dataset_v2_clean.0,,,18151.180100303063,20215.66085336196,,4,,0.3543579603377513,0.12960416666666666,0,chirp|noisy|18000_20000,0
dataset_v2_clean.0_tone_000203,4,tone,48000,0.042666666666666665,19336.067294346478,-0.20005906887243263,very_noisy,0.6715079798889292,1.0,white,42,2691714375,2850425656,dataset_v2_generator-1.2,dataset_v2_clean.0,,,,,,,,0.32331357390701504,0.107,0,tone|very_noisy|19500,0
dataset_v2_clean.0_fsk_000157,1,fsk,48000,0.042666666666666665,18212.8379738118,7.010687076004739,noisy,0.8424119226897571,1.0,ambient,42,3969498617,2493615507,dataset_v2_generator-1.2,dataset_v2_clean.0,30.50755814352164,1617.0901398139722,,,,,,0.4056915541417445,0.3249375,0,fsk|noisy|18000,0
dataset_v2_clean.0_fsk_000105,1,fsk,48000,0.042666666666666665,18236.68765438376,6.278332655300059,noisy,0.8199992622506378,1.0,ambient,42,3957949289,4068449999,dataset_v2_generator-1.2,dataset_v2_clean.0,47.256155895987284,1893.3574890531709,,,,,,0.34855471772358954,0.05358333333333333,0,fsk|noisy|18000,0
dataset_v2_clean.0_fsk_000229,1,fsk,48000,0.042666666666666665,18868.296762833095,8.375342535064235,noisy,0.6787317595033171,1.0,white,42,1815715856,3345953234,dataset_v2_generator-1.2,dataset_v2_clean.0,28.59717160158062,803.8338547665844,,,,,,0.2772463722447054,0.036291666666666667,0,fsk|noisy|19000,0
dataset_v2_clean.0_fsk_000375,1,fsk,48000,0.042666666666666665,19025.60325440294,17.857035159508147,moderate,0.5572194566931059,0.7198257753398406,white,42,2258786688,2793089804,dataset_v2_generator-1.2,dataset_v2_clean.0,27.784116273843978,888.6018740059699,,,,,,0.37635597875378757,0.2518125,0,fsk|moderate|19000,0
dataset_v2_clean.0_ook_000079,2,ook,48000,0.042666666666666665,19057.04532660661,26.83601160076677,clean,0.7683517875339221,0.8208954205688876,white,42,21632944,2526431416,dataset_v2_generator-1.2,dataset_v2_clean.0,49.9450232519651,,,,,,,0.2852951807063765,0.19985416666666667,0,ook|clean|19000,0
dataset_v2_clean.0_tone_000235,4,tone,48000,0.042666666666666665,19903.898570436588,1.0320425191497753,very_noisy,0.8333623218525379,1.0,white,42,3125515775,1484994359,dataset_v2_generator-1.2,dataset_v2_clean.0,,,,,,,,0.3559589909234146,0.07366666666666667,0,tone|very_noisy|20000,0
dataset_v2_clean.0_tone_000107,4,tone,48000,0.042666666666666665,19216.022630024698,20.64762436042035,clean,0.7442549135503117,0.884378819099441,ambient,42,3959988867,621484188,dataset_v2_generator-1.2,dataset_v2_clean.0,,,,,,,,0.2754093409188896,0.0165,0,tone|clean|19000,0
dataset_v2_clean.0_fsk_000135,1,fsk,48000,0.042666666666666665,18469.578336586575,11.925792453521685,moderate,0.9747580272455569,1.0,white,42,1908304795,4233519471,dataset_v2_generator-1.2,dataset_v2_clean.0,28.457645596465532,1009.9767979079043,,,,,,0.23399752009045927,0.1035,0,fsk|moderate|18500,0
dataset_v2_clean.0_tone_000374,4,tone,48000,0.042666666666666665,19508.086216994343,1.808865556361427,very_noisy,0.9722872739415882,1.0,ambient,42,1972312177,1649512655,dataset_v2_generator-1.2,dataset_v2_clean.0,,,,,,,,0.2967279030992567,0.0883125,0,tone|very_noisy|19500,0
dataset_v2_clean.0_tone_000283,4,tone,48000,0.042666666666666665,18921.71540962584,24.090362513876777,clean,0.943190867899159,1.0,white,42,2050218640,3658193989,dataset_v2_generator-1.2,dataset_v2_clean.0,,,,,,,,0.41173840075279,0.34933333333333333,0,tone|clean|19000,0
dataset_v2_clean.0_benign_000247,0,benign,48000,0.042666666666666665,,,,0.44574571942637764,1.8474916314959087,white,42,3815691951,2169950471,dataset_v2_generator-1.2,dataset_v2_clean.0,,,,,,,white,0.282239645401304,0.13441666666666666,0,benign|white|a40,0
dataset_v2_clean.0_chirp_000213,3,chirp,48000,0.042666666666666665,,-3.1267114424491353,very_noisy,0.6476748951567417,1.0,white,42,3227977263,1652809786,dataset_v2_generator-1.2,dataset_v2_clean.0,,,18341.15962489749,20320.69118101944,,8,,0.31843544659700257,0.0869375,0,chirp|very_noisy|18500_20500,0
dataset_v2_clean.0_benign_000297,0,benign,48000,0.042666666666666665,,,,0.5454016935821939,2.2788034346111536,white,42,2739290370,4081938668,dataset_v2_generator-1.2,dataset_v2_clean.0,,,,,,,band_limited_hiss,0.28163017257344636,0.106,0,benign|band_limited_hiss|na|a50,0
dataset_v2_clean.0_chirp_000165,3,chirp,48000,0.042666666666666665,,14.137466746354274,moderate,0.5950870247928759,0.8428182991510713,white,42,3992072648,4279785396,dataset_v2_generator-1.2,dataset_v2_clean.0,,,18211.214091479942,20346.181042472774,,2,,0.25509387766886343,0.19172916666666667,0,chirp|moderate|18000_20500,0
dataset_v2_clean.0_benign_000149,0,benign,48000,0.042666666666666665,20012.54869881585,,,0.27980930161205353,0.27980930061113796,none,42,1266000112,2647612934,dataset_v2_generator-1.2,dataset_v2_clean.0,,,,,,,steady_ultrasonic_hum,0.3833951757507587,0.14629166666666665,0,benign|steady_ultrasonic_hum|20000|a30,0
dataset_v2_clean.0_chirp_000337,3,chirp,48000,0.042666666666666665,,-3.1526570784783567,very_noisy,0.9606692242374308,1.0,ambient,42,2850741953,3321638084,dataset_v2_generator-1.2,dataset_v2_clean.0,,,19155.736915586273,20797.174247258205,,8,,0.34985128349454686,0.294375,0,chirp|very_noisy|19000_21000,0
dataset_v2_clean.0_ook_000030,2,ook,48000,0.042666666666666665,20766.441331088237,-2.4105877306196275,very_noisy,0.6125439946480462,1.0,ambient,42,3541733859,903436547,dataset_v2_generator-1.2,dataset_v2_clean.0,47.079155782713606,,,,,,,0.34625410440343224,0.2514375,0,ook|very_noisy|21000,0
dataset_v2_clean.0_ook_000124,2,ook,48000,0.042666666666666665,19714.899091209027,23.071163088596066,clean,0.7755442913434056,0.8672235687213949,white,42,459305036,1136821383,dataset_v2_generator-1.2,dataset_v2_clean.0,65.04738821256765,,,,,,,0.3914210281278781,0.3460416666666667,0,ook|clean|19500,0
dataset_v2_clean.0_ook_000102,2,ook,48000,0.042666666666666665,20692.294839728165,29.30719987283321,clean,0.8488973421699002,0.8858022376949659,ambient,42,3435398393,2041410855,dataset_v2_generator-1.2,dataset_v2_clean.0,33.21635636875891,,,,,,,0.230628697841686,0.0596875,0,ook|clean|20500,0
dataset_v2_clean.0_ook_000002,2,ook,48000,0.042666666666666665,20014.10712289242,4.608968763544557,noisy,0.9635233395579148,1.0,ambient,42,1939820029,3245613808,dataset_v2_generator-1.2,dataset_v2_clean.0,61.96155016915483,,,,,,,0.24962686667436132,0.11564583333333334,0,ook|noisy|20000,0
dataset_v2_clean.0_benign_000337,0,benign,48000,0.042666666666666665,18908.45099959909,,,0.33471653281196234,0.33471653273124535,none,42,286695352,1544777385,dataset_v2_generator-1.2,dataset_v2_clean.0,,,,,,,steady_ultrasonic_hum,0.4199023628723468,0.18227083333333333,0,benign|steady_ultrasonic_hum|19000|a30,0
dataset_v2_clean.0_ook_000424,2,ook,48000,0.042666666666666665,19379.389095662824,21.37414041353433,clean,0.887328501896201,1.0,white,42,2970358210,50327238,dataset_v2_generator-1.2,dataset_v2_clean.0,52.662739878104645,,,,,,,0.4172270348109811,0.344625,0,ook|clean|19500,0
dataset_v2_clean.0_ook_000015,2,ook,48000,0.042666666666666665,20101.077333580088,-4.567614695196292,very_noisy,0.7001108130950182,1.0,white,42,2213083668,3818858139,dataset_v2_generator-1.2,dataset_v2_clean.0,46.19057212068789,,,,,,,0.21896149571273704,0.132,0,ook|very_noisy|20000,0
dataset_v2_clean.0_tone_000026,4,tone,48000,0.042666666666666665,18977.4174921796,17.996321818658668,moderate,0.6753511089156928,0.9208979251447458,white,42,199475906,438519119,dataset_v2_generator-1.2,dataset_v2_clean.0,,,,,,,,0.3476813610816797,0.073625,0,tone|moderate|19000,0
dataset_v2_clean.0_benign_000083,0,benign,48000,0.042666666666666665,,,,0.684981440516012,3.3496427477444044,white,42,3371841148,303289827,dataset_v2_generator-1.2,dataset_v2_clean.0,,,,,,,band_limited_hiss,0.23471263891733743,0.0730625,0,benign|band_limited_hiss|na|a70,0
dataset_v2_clean.0_ook_000011,2,ook,48000,0.042666666666666665,20383.360638465492,19.724660190536067,moderate,0.5924579796382182,0.7128105685522337,white,42,2170551254,2963343449,dataset_v2_generator-1.2,dataset_v2_clean.0,62.08714888231394,,,,,,,0.27407059994808647,0.027083333333333334,0,ook|moderate|20500,0
dataset_v2_clean.0_tone_000366,4,tone,48000,0.042666666666666665,18565.360704455692,22.50167037015853,clean,0.8577817536412097,0.9684634756900078,ambient,42,2332792451,1809738334,dataset_v2_generator-1.2,dataset_v2_clean.0,,,,,,,,0.3604825203816705,0.16410416666666666,0,tone|clean|18500,0
dataset_v2_clean.0_tone_000151,4,tone,48000,0.042666666666666665,18972.716048392165,20.91332358024681,clean,0.7436270119872972,0.9006391383839147,white,42,170973429,1251520209,dataset_v2_generator-1.2,dataset_v2_clean.0,,,,,,,,0.26189026505004787,0.19552083333333334,0,tone|clean|19000,0
dataset_v2_clean.0_fsk_000478,1,fsk,48000,0.042666666666666665,18428.600639694963,21.882103850058602,clean,0.7710685041033833,0.9171549013885567,white,42,2257247457,3054805843,dataset_v2_generator-1.2,dataset_v2_clean.0,45.759205633258134,729.7492340100471,,,,,,0.3544236497665391,0.255375,0,fsk|clean|18500,0
dataset_v2_clean.0_tone_000309,4,tone,48000,0.042666666666666665,20555.885058093227,2.6090549990602776,noisy,0.9876012190754235,1.0,white,42,1716369859,4245514540,dataset_v2_generator-1.2,dataset_v2_clean.0,,,,,,,,0.4114994497061503,0.029125,0,tone|noisy|20500,0
dataset_v2_clean.0_chirp_000442,3,chirp,48000,0.042666666666666665,,20.367326867218193,clean,0.9426419905570542,1.0,white,42,877910616,2396250488,dataset_v2_generator-1.2,dataset_v2_clean.0,,,18020.951523789725,20585.72532515378,,2,,0.3059599795061127,0.14866666666666667,0,chirp|clean|18000_20500,0
dataset_v2_clean.0_ook_000237,2,ook,48000,0.042666666666666665,20764.666522539672,19.852622505441254,moderate,0.5526786133214502,0.6027380558720642,ambient,42,2447388364,3233988863,dataset_v2_generator-1.2,dataset_v2_clean.0,50.97041918197073,,,,,,,0.24200186359823564,0.010895833333333334,0,ook|moderate|21000,0
dataset_v2_clean.0_benign_000322,0,benign,48000,0.042666666666666665,18730.14735930959,,,0.27269500089991544,0.27269499796825336,none,42,566683095,718015167,dataset_v2_generator-1.2,dataset_v2_clean.0,,,,,,,steady_ultrasonic_hum,0.32669397390200866,0.15077083333333333,0,benign|steady_ultrasonic_hum|18500|a30,0
dataset_v2_clean.0_tone_000110,4,tone,48000,0.042666666666666665,18935.456992492793,16.364328797719654,moderate,0.9759086502759313,1.0,white,42,192261586,1378473468,dataset_v2_generator-1.2,dataset_v2_clean.0,,,,,,,,0.31570118074597076,0.14708333333333334,0,tone|moderate|19000,0
dataset_v2_clean.0_fsk_000101,1,fsk,48000,0.042666666666666665,19164.446666379186,29.542711160653422,clean,0.9099868577797183,0.9675782552561396,ambient,42,2371498724,1312103020,dataset_v2_generator-1.2,dataset_v2_clean.0,80.39582829628965,1691.7462922746854,,,,,,0.310990954586457,0.21816666666666668,0,fsk|clean|19000,0
dataset_v2_clean.0_tone_000307,4,tone,48000,0.042666666666666665,19031.590789437414,10.478315723467034,moderate,0.6115848084346119,0.9292159008289294,ambient,42,3418222260,910526748,dataset_v2_generator-1.2,dataset_v2_clean.0,,,,,,,,0.2289397825221269,0.16697916666666668,0,tone|moderate|19000,0
dataset_v2_clean.0_tone_000047,4,tone,48000,0.042666666666666665,18928.684057968854,6.937686662602446,noisy,0.7578675847832469,1.0,white,42,289096544,359604549,dataset_v2_generator-1.2,dataset_v2_clean.0,,,,,,,,0.36386227178557734,0.0729375,0,tone|noisy|19000,0
dataset_v2_clean.0_benign_000009,0,benign,48000,0.042666666666666665,,,,0.4717806649235611,1.86600978399975,white,42,260547594,1481322090,dataset_v2_generator-1.2,dataset_v2_clean.0,,,,,,,band_limited_hiss,0.25254529699329653,0.18408333333333332,0,benign|band_limited_hiss|na|a50,0
dataset_v2_clean.0_tone_000432,4,tone,48000,0.042666666666666665,18992.42178338012,29.563595878551823,clean,0.6599548308609722,0.702336517939929,white,42,4048847617,3866750556,dataset_v2_generator-1.2,dataset_v2_clean.0,,,,,,,,0.4235996886596276,0.08979166666666667,0,tone|clean|19000,0
dataset_v2_clean.0_ook_000153,2,ook,48000,0.042666666666666665,19302.576499482675,-2.3662608947812265,very_noisy,0.8476412393054411,1.0,white,42,3590868890,1187367615,dataset_v2_generator-1.2,dataset_v2_clean.0,50.04195599952941,,,,,,,0.3127957115835588,0.20691666666666667,0,ook|very_noisy|19500,0
dataset_v2_clean.0_ook_000422,2,ook,48000,0.042666666666666665,20490.247373403927,6.099734116634457,noisy,0.6756707414789273,1.0,ambient,42,2715919717,3473756718,dataset_v2_generator-1.2,dataset_v2_clean.0,60.87492727267133,,,,,,,0.3074432931131072,0.231625,0,ook|noisy|20500,0
dataset_v2_clean.0_chirp_000051,3,chirp,48000,0.042666666666666665,,12.426197325114359,moderate,0.5542182955777597,0.8767698181921284,white,42,3019176012,1152399613,dataset_v2_generator-1.2,dataset_v2_clean.0,,,18456.26606774546,20313.487470929736,,5,,0.40506365730549454,0.021458333333333333,0,chirp|moderate|18500_20500,0
dataset_v2_clean.0_benign_000375,0,benign,48000,0.042666666666666665,20318.792065607267,,,0.3868993886947215,0.3868993880914531,none,42,498115224,3073515907,dataset_v2_generator-1.2,dataset_v2_clean.0,,,,,,,steady_ultrasonic_hum,0.3386597820883926,0.2819583333333333,0,benign|steady_ultrasonic_hum|20500|a40,0
dataset_v2_clean.0_tone_000327,4,tone,48000,0.042666666666666665,19874.926789639285,-4.9694945447257295,very_noisy,0.9436762100772034,1.0,ambient,42,1289371357,4102388467,dataset_v2_generator-1.2,dataset_v2_clean.0,,,,,,,,0.39740730689471077,0.09066666666666667,0,tone|very_noisy|20000,0
dataset_v2_clean.0_ook_000035,2,ook,48000,0.042666666666666665,19068.750347278292,-2.035799644922534,very_noisy,0.8201611294735525,1.0,ambient,42,2467771855,852979042,dataset_v2_generator-1.2,dataset_v2_clean.0,53.8050234897469,,,,,,,0.24058105420812648,0.021020833333333332,0,ook|very_noisy|19000,0
dataset_v2_clean.0_ook_000223,2,ook,48000,0.042666666666666665,19578.333046978743,6.004411538584871,noisy,0.6863825058005373,1.0,ambient,42,4169055835,3429347757,dataset_v2_generator-1.2,dataset_v2_clean.0,65.9252531012655,,,,,,,0.3670768187996427,0.17395833333333333,0,ook|noisy|19500,0
dataset_v2_clean.0_chirp_000197,3,chirp,48000,0.042666666666666665,,-0.25354021611438693,very_noisy,0.9994755438506582,1.0,white,42,182549982,2614524284,dataset_v2_generator-1.2,dataset_v2_clean.0,,,19291.74834451437,20672.556954503725,,5,,0.33379913784357734,0.23064583333333333,0,chirp|very_noisy|19500_20500,0
dataset_v2_clean.0_benign_000357,0,benign,48000,0.042666666666666665,,,,0.5092271961540742,0.5092271961540742,ambient,42,1846717177,1014100113,dataset_v2_generator-1.2,dataset_v2_clean.0,,,,,,,ambient,0.250048170045483,0.19808333333333333,0,benign|ambient|a50,0
dataset_v2_clean.0_chirp_000481,3,chirp,48000,0.042666666666666665,,6.077431557783586,noisy,0.7288758098467213,1.0,ambient,42,1076101671,1533845412,dataset_v2_generator-1.2,dataset_v2_clean.0,,,18593.477404876227,20748.634749772293,,6,,0.39589552242489845,0.0738125,0,chirp|noisy|18500_20500,0
dataset_v2_clean.0_chirp_000017,3,chirp,48000,0.042666666666666665,,25.064142142960304,clean,0.9328858429497622,1.0,white,42,3348264687,3448216794,dataset_v2_generator-1.2,dataset_v2_clean.0,,,18596.082834343662,20401.907612052757,,5,,0.22310434866151485,0.09685416666666667,0,chirp|clean|18500_20500,0
dataset_v2_clean.0_benign_000064,0,benign,48000,0.042666666666666665,,,,0.3448588384440535,1.5662962591326204,white,42,633580260,3717396649,dataset_v2_generator-1.2,dataset_v2_clean.0,,,,,,,white,0.3490513046756768,0.16654166666666667,0,benign|white|a30,0
dataset_v2_clean.0_chirp_000127,3,chirp,48000,0.042666666666666665,,5.622274365167655,noisy,0.6206600234440119,1.0,white,42,3913655798,478434592,dataset_v2_generator-1.2,dataset_v2_clean.0,,,18137.628097005334,20564.04859549927,,2,,0.3652556584986872,0.0454375,0,chirp|noisy|18000_20500,0
dataset_v2_clean.0_fsk_000056,1,fsk,48000,0.042666666666666665,18467.758397876296,19.296728248120758,moderate,0.5977414335368445,0.7323737892561203,white,42,3951773225,3056960700,dataset_v2_generator-1.2,dataset_v2_clean.0,85.98582616143726,1730.965594326175,,,,,,0.32200544063571207,0.16141666666666668,0,fsk|moderate|18500,0
dataset_v2_clean.0_ook_000137,2,ook,48000,0.042666666666666665,18907.066898632016,18.33937348662684,moderate,0.9945817301500879,1.0,white,42,4100929616,1124181413,dataset_v2_generator-1.2,dataset_v2_clean.0,47.15680044061593,,,,,,,0.3992090588948111,0.19714583333333333,0,ook|moderate|19000,0
dataset_v2_clean.0_fsk_000124,1,fsk,48000,0.042666666666666665,19498.382370330495,-1.4423480517340126,very_noisy,0.7352459567272667,1.0,ambient,42,3441339820,2041170838,dataset_v2_generator-1.2,dataset_v2_clean.0,33.81100249750494,1501.6176296695048,,,,,,0.34594354289550117,0.2864375,0,fsk|very_noisy|19500,0
dataset_v2_clean.0_fsk_000111,1,fsk,48000,0.042666666666666665,18939.583828218227,-1.9088667250586444,very_noisy,0.9535030651152625,1.0,ambient,42,2777510673,3243812649,dataset_v2_generator-1.2,dataset_v2_clean.0,41.295720880189904,547.3601831152882,,,,,,0.226689081420836,0.0490625,0,fsk|very_noisy|19000,0
dataset_v2_clean.0_ook_000085,2,ook,48000,0.042666666666666665,18589.057799776136,14.135091328705958,moderate,0.9993597890543293,1.0,ambient,42,228299238,1588621829,dataset_v2_generator-1.2,dataset_v2_clean.0,47.376998515175785,,,,,,,0.3905633594549437,0.14570833333333333,0,ook|moderate|18500,0
dataset_v2_clean.0_tone_000076,4,tone,48000,0.042666666666666665,19721.79062169815,27.904104710387973,clean,0.8667396345887382,0.9412535928152681,ambient,42,628024317,997456658,dataset_v2_generator-1.2,dataset_v2_clean.0,,,,,,,,0.24183336043031045,0.043375,0,tone|clean|19500,0
dataset_v2_clean.0_ook_000399,2,ook,48000,0.042666666666666665,18726.71846614144,25.403064213739547,clean,0.627577713374203,0.6858989665148704,white,42,1226411467,2201963,dataset_v2_generator-1.2,dataset_v2_clean.0,43.24044991730654,,,,,,,0.26627189672506124,0.05460416666666667,0,ook|clean|18500,0
dataset_v2_clean.0_benign_000373,0,benign,48000,0.042666666666666665,20230.98191531255,,,0.3284644303636192,0.3284644280702763,none,42,1261325730,1750583196,dataset_v2_generator-1.2,dataset_v2_clean.0,,,,,,,steady_ultrasonic_hum,0.2972778737090022,0.193375,0,benign|steady_ultrasonic_hum|20000|a30,0
dataset_v2_clean.0_fsk_000292,1,fsk,48000,0.042666666666666665,18581.620595510114,25.632657447573827,clean,0.5926249538568027,0.6638716421139976,white,42,3178235312,1071101,dataset_v2_generator-1.2,dataset_v2_clean.0,65.23154484351227,1641.4667349373194,,,,,,0.32026798259445194,0.07895833333333334,0,fsk|clean|18500,0
dataset_v2_clean.0_chirp_000421,3,chirp,48000,0.042666666666666665,,-3.980130255547304,very_noisy,0.8760359530378221,1.0,white,42,1719470810,4285142303,dataset_v2_generator-1.2,dataset_v2_clean.0,,,18069.927342795625,20376.143904041095,,7,,0.2667309628799155,0.10797916666666667,0,chirp|very_noisy|18000_20500,0
dataset_v2_clean.0_tone_000078,4,tone,48000,0.042666666666666665,19397.233485235512,29.578365143992826,clean,0.997481964731133,1.0,ambient,42,2086106741,4203915439,dataset_v2_generator-1.2,dataset_v2_clean.0,,,,,,,,0.2711038244544875,0.022166666666666668,0,tone|clean|19500,0
dataset_v2_clean.0_ook_000340,2,ook,48000,0.042666666666666665,20046.90671191304,7.690528807971742,noisy,0.7270531673419001,1.0,white,42,3780541502,2263994223,dataset_v2_generator-1.2,dataset_v2_clean.0,40.9541483577092,,,,,,,0.22390658416755957,0.027479166666666666,0,ook|noisy|20000,0
dataset_v2_clean.0_ook_000487,2,ook,48000,0.042666666666666665,19980.407936232394,24.8761732819346,clean,0.7477318127290158,0.806706298399982,white,42,1802085349,2703474878,dataset_v2_generator-1.2,dataset_v2_clean.0,55.68077729747948,,,,,,,0.410572037131811,0.019958333333333335,0,ook|clean|20000,0
dataset_v2_clean.0_fsk_000482,1,fsk,48000,0.042666666666666665,19115.85726434583,15.15447122649799,moderate,0.6784097032520133,0.8716327809565397,ambient,42,2988349466,161807638,dataset_v2_generator-1.2,dataset_v2_clean.0,70.70892529538267,1386.6054341324998,,,,,,0.3271344199079814,0.117375,0,fsk|moderate|19000,0
dataset_v2_clean.0_chirp_000085,3,chirp,48000,0.042666666666666665,,19.618059666012535,moderate,0.8641800615224062,1.0,white,42,360883492,1120295031,dataset_v2_generator-1.2,dataset_v2_clean.0,,,18509.35470949158,20249.653946355826,,7,,0.35703525090918536,0.19014583333333332,0,chirp|moderate|18500_20000,0
dataset_v2_clean.0_tone_000237,4,tone,48000,0.042666666666666665,19659.762002429474,2.3838101564902887,noisy,0.7073968471099462,1.0,ambient,42,466044408,2111530743,dataset_v2_generator-1.2,dataset_v2_clean.0,,,,,,,,0.2567611488264521,0.18570833333333334,0,tone|noisy|19500,0
dataset_v2_clean.0_ook_000351,2,ook,48000,0.042666666666666665,18916.463915933316,27.237167996008072,clean,0.5617893921460589,0.5916682601802007,ambient,42,3779303703,1603116217,dataset_v2_generator-1.2,dataset_v2_clean.0,38.03608967650755,,,,,,,0.3161855469701698,0.22172916666666667,0,ook|clean|19000,0
dataset_v2_clean.0_fsk_000162,1,fsk,48000,0.042666666666666665,19681.968171863566,-1.6267886458555498,very_noisy,0.9964492625470576,1.0,white,42,1787419122,903635745,dataset_v2_generator-1.2,dataset_v2_clean.0,26.998740045141908,1119.2395904235418,,,,,,0.393296966160111,0.15727083333333333,0,fsk|very_noisy|19500,0
dataset_v2_clean.0_ook_000410,2,ook,48000,0.042666666666666665,19958.462354075273,-1.7823288099109322,very_noisy,0.9427339838387258,1.0,ambient,42,1912970076,1590425394,dataset_v2_generator-1.2,dataset_v2_clean.0,64.60955261795313,,,,,,,0.21758150147801067,0.08891666666666667,0,ook|very_noisy|20000,0
dataset_v2_clean.0_ook_000215,2,ook,48000,0.042666666666666665,19892.73245416757,19.42151577110318,moderate,0.7096791398767406,0.76957481819713,ambient,42,2917529671,1801571276,dataset_v2_generator-1.2,dataset_v2_clean.0,51.395747762875516,,,,,,,0.3550075050635027,0.1989375,0,ook|moderate|20000,0
dataset_v2_clean.0_benign_000490,0,benign,48000,0.042666666666666665,,,,0.5716982662531281,2.401291636570741,white,42,83440529,1501108019,dataset_v2_generator-1.2,dataset_v2_clean.0,,,,,,,band_limited_hiss,0.3858978550431901,0.023,0,benign|band_limited_hiss|na|a60,1
dataset_v2_clean.0_tone_000410,4,tone,48000,0.042666666666666665,20039.202608358566,-2.331048760071818,very_noisy,0.6483316068347094,1.0,ambient,42,180162299,264161283,dataset_v2_generator-1.2,dataset_v2_clean.0,,,,,,,,0.2569259242334686,0.1435,0,tone|very_noisy|20000,0
dataset_v2_clean.0_ook_000162,2,ook,48000,0.042666666666666665,19562.959305218865,-2.149018317059451,very_noisy,0.5831217912500343,1.0,white,42,2681251098,983008291,dataset_v2_generator-1.2,dataset_v2_clean.0,69.5441050437924,,,,,,,0.41877437722824257,0.07383333333333333,0,ook|very_noisy|19500,0
dataset_v2_clean.0_ook_000379,2,ook,48000,0.042666666666666665,19711.292210858504,17.450431968167926,moderate,0.626979862181683,0.690442530024644,ambient,42,904297850,211238622,dataset_v2_generator-1.2,dataset_v2_clean.0,60.72842589766161,,,,,,,0.3061008240621681,0.19395833333333334,0,ook|moderate|19500,0
dataset_v2_clean.0_fsk_000458,1,fsk,48000,0.042666666666666665,19148.896637572463,14.624180140106532,moderate,0.672839402776438,0.8942817386727229,ambient,42,2631736860,2737022636,dataset_v2_generator-1.2,dataset_v2_clean.0,72.24970927916459,1126.4212100380682,,,,,,0.25092237562236386,0.11379166666666667,0,fsk|moderate|19000,0
dataset_v2_clean.0_benign_000383,0,benign,48000,0.042666666666666665,,2.75479886556706,noisy,0.15304630219646836,0.30790028725810453,white,42,2191070475,1565393310,dataset_v2_generator-1.2,dataset_v2_clean.0,,,,,,,ambient_hf_boost,0.2911569394929065,0.18216666666666667,0,benign|ambient_hf_boost|noisy,0
dataset_v2_clean.0_benign_000351,0,benign,48000,0.042666666666666665,19392.79323356188,,,0.5163428238601551,0.5163428236236581,none,42,2171325693,1059091370,dataset_v2_generator-1.2,dataset_v2_clean.0,,,,,,,steady_ultrasonic_hum,0.36813058416917555,0.0925,0,benign|steady_ultrasonic_hum|19500|a50,0
dataset_v2_clean.0_chirp_000097,3,chirp,48000,0.042666666666666665,,5.060843455611547,noisy,0.9930517982206111,1.0,white,42,4121038608,4151699390,dataset_v2_generator-1.2,dataset_v2_clean.0,,,18090.155710156992,20678.956512894554,,4,,0.27039438697499146,0.0946875,0,chirp|noisy|18000_20500,0
dataset_v2_clean.0_ook_000052,2,ook,48000,0.042666666666666665,20604.396920795236,6.657374933019606,noisy,0.6228605171147162,1.0,ambient,42,2214124115,3877289554,dataset_v2_generator-1.2,dataset_v2_clean.0,52.62700924800206,,,,,,,0.37351888282683104,0.2800625,0,ook|noisy|20500,0
dataset_v2_clean.0_fsk_000018,1,fsk,48000,0.042666666666666665,18256.025416731405,14.489467312393241,moderate,0.8043912725803678,1.0,ambient,42,569373386,2318598388,dataset_v2_generator-1.2,dataset_v2_clean.0,35.61202474011182,854.6657415877744,,,,,,0.27373457325624817,0.05358333333333333,0,fsk|moderate|18500,0
dataset_v2_clean.0_chirp_000450,3,chirp,48000,0.042666666666666665,,12.99083567786245,moderate,0.9396223092934683,1.0,white,42,61696944,3536194103,dataset_v2_generator-1.2,dataset_v2_clean.0,,,19148.922194851148,20298.56378411726,,4,,0.42505412960206757,0.015583333333333333,0,chirp|moderate|19000_20500,0
dataset_v2_clean.0_fsk_000153,1,fsk,48000,0.042666666666666665,19511.00362705571,3.299932302013862,noisy,0.595473793661631,1.0,white,42,443253763,1018508124,dataset_v2_generator-1.2,dataset_v2_clean.0,28.68158152996891,616.5292432275091,,,,,,0.3956208222613117,0.24189583333333334,0,fsk|noisy|19500,0
dataset_v2_clean.0_ook_000314,2,ook,48000,0.042666666666666665,20793.294664494017,16.09581914952463,moderate,0.7014754542404326,0.8160915789866802,ambient,42,1888530013,2145112162,dataset_v2_generator-1.2,dataset_v2_clean.0,55.8742258006217,,,,,,,0.3318812298733244,0.07560416666666667,0,ook|moderate|21000,0
dataset_v2_clean.0_benign_000135,0,benign,48000,0.042666666666666665,,,,0.7427508446541503,3.038489541069819,white,42,3202245851,2821129453,dataset_v2_generator-1.2,dataset_v2_clean.0,,,,,,,band_limited_hiss,0.39953417752271025,0.12320833333333334,0,benign|band_limited_hiss|na|a70,0
dataset_v2_clean.0_benign_000034,0,benign,48000,0.042666666666666665,,,,0.4117195877144369,1.6989411504169534,white,42,1958473412,3595996709,dataset_v2_generator-1.2,dataset_v2_clean.0,,,,,,,band_limited_hiss,0.2829734666030849,0.0935,0,benign|band_limited_hiss|na|a40,0
dataset_v2_clean.0_fsk_000279,1,fsk,48000,0.042666666666666665,19773.454965624183,13.234463715653868,moderate,0.778743319164774,1.0,white,42,507005662,842939551,dataset_v2_generator-1.2,dataset_v2_clean.0,25.346835058561098,1226.5450343758166,,,,,,0.32609162924006835,0.12472916666666667,0,fsk|moderate|20000,0
dataset_v2_clean.0_tone_000126,4,tone,48000,0.042666666666666665,18544.811364530793,-4.646864336942054,very_noisy,0.5902899708949146,1.0,ambient,42,1711667376,1519623699,dataset_v2_generator-1.2,dataset_v2_clean.0,,,,,,,,0.24212178669968243,0.0012916666666666667,0,tone|very_noisy|18500,0
dataset_v2_clean.0_chirp_000007,3,chirp,48000,0.042666666666666665,,10.847319849114363,moderate,0.8142863070831605,1.0,ambient,42,534854730,1192612528,dataset_v2_generator-1.2,dataset_v2_clean.0,,,18496.09254949525,20739.121255493836,,4,,0.3026260936381745,0.17066666666666666,0,chirp|moderate|18500_20500,0
dataset_v2_clean.0_benign_000019,0,benign,48000,0.042666666666666665,,6.71841638730702,noisy,0.3233550673522808,0.4770540989234292,white,42,512693053,3011949697,dataset_v2_generator-1.2,dataset_v2_clean.0,,,,,,,ambient_hf_boost,0.31451224734563227,0.1695,0,benign|ambient_hf_boost|noisy,0
dataset_v2_clean.0_fsk_000079,1,fsk,48000,0.042666666666666665,19763.15096982907,16.063502284948974,moderate,0.7905905616334633,1.0,ambient,42,3517361075,1063757154,dataset_v2_generator-1.2,dataset_v2_clean.0,42.62721554808748,1236.8490301709317,,,,,,0.2889551826426787,0.10525,0,fsk|moderate|20000,0
dataset_v2_clean.0_chirp_000316,3,chirp,48000,0.042666666666666665,,26.165806812730246,clean,0.7085437420240369,0.7655392038812271,ambient,42,650207567,3570711278,dataset_v2_generator-1.2,dataset_v2_clean.0,,,18066.117318887478,20632.824759136485,,5,,0.2713292335987297,0.106,0,chirp|clean|18000_20500,0
dataset_v2_clean.0_chirp_000326,3,chirp,48000,0.042666666666666665,,27.18261074321348,clean,0.799471786830284,0.8746416696093728,white,42,2583162062,29640019,dataset_v2_generator-1.2,dataset_v2_clean.0,,,18337.714858998246,20688.286977822863,,6,,0.3892800359936333,0.16025,0,chirp|clean|18500_20500,0
dataset_v2_clean.0_ook_000189,2,ook,48000,0.042666666666666665,20361.17379795279,13.337280120943753,moderate,0.7559222768334405,1.0,white,42,437657498,1375309667,dataset_v2_generator-1.2,dataset_v2_clean.0,66.4726418179238,,,,,,,0.32811986227026574,0.273,0,ook|moderate|20500,0
dataset_v2_clean.0_benign_000204,0,benign,48000,0.042666666666666665,,-0.2116139568159312,very_noisy,0.2722340084973114,0.6231933378813717,white,42,485443214,3164574748,dataset_v2_generator-1.2,dataset_v2_clean.0,,,,,,,ambient_hf_boost,0.3129102600390948,0.12310416666666667,0,benign|ambient_hf_boost|very_noisy,0
dataset_v2_clean.0_chirp_000320,3,chirp,48000,0.042666666666666665,,18.494518745581956,moderate,0.8054416811227503,1.0,white,42,3043604020,3256316919,dataset_v2_generator-1.2,dataset_v2_clean.0,,,18975.012382816476,20687.897307593845,,2,,0.24292182455604822,0.1216875,0,chirp|moderate|19000_20500,0
dataset_v2_clean.0_fsk_000497,1,fsk,48000,0.042666666666666665,19399.340659010722,3.9443027842769824,noisy,0.6023519973793288,1.0,white,42,2936157103,1487288881,dataset_v2_generator-1.2,dataset_v2_clean.0,57.075101572356985,1600.6593409892776,,,,,,0.38746470630418584,0.16210416666666666,0,fsk|noisy|19500,0
dataset_v2_clean.0_ook_000018,2,ook,48000,0.042666666666666665,18718.352262100343,7.480355173304379,noisy,0.9646802664236943,1.0,ambient,42,3757437991,3102981037,dataset_v2_generator-1.2,dataset_v2_clean.0,32.24698098358159,,,,,,,0.22159843076948596,0.0603125,0,ook|noisy|18500,0
dataset_v2_clean.0_ook_000435,2,ook,48000,0.042666666666666665,19675.22554219568,21.300479487543278,clean,0.662754760697348,0.7417749966228645,white,42,905208361,813807779,dataset_v2_generator-1.2,dataset_v2_clean.0,40.03216011076227,,,,,,,0.32426909522504144,0.09075,0,ook|clean|19500,0
dataset_v2_clean.0_tone_000199,4,tone,48000,0.042666666666666665,20283.88989557653,11.710777133054865,moderate,0.8663992046060981,1.0,ambient,42,1586722645,4237754210,dataset_v2_generator-1.2,dataset_v2_clean.0,,,,,,,,0.37728249333547986,0.16770833333333332,0,tone|moderate|20500,0
dataset_v2_clean.0_fsk_000050,1,fsk,48000,0.042666666666666665,19534.8009297417,8.89317533394864,noisy,0.8851241130655543,1.0,white,42,3138274473,1013113302,dataset_v2_generator-1.2,dataset_v2_clean.0,34.37580452545549,937.3644438849769,,,,,,0.4253890306734277,0.050166666666666665,0,fsk|noisy|19500,0
dataset_v2_clean.0_benign_000429,0,benign,48000,0.042666666666666665,,,,0.1702379834475177,0.7096599929315227,white,42,3785275260,3248213572,dataset_v2_generator-1.2,dataset_v2_clean.0,,,,,,,white,0.29487224210176505,0.13316666666666666,0,benign|white|a20,0
dataset_v2_clean.0_ook_000323,2,ook,48000,0.042666666666666665,18417.824473667515,-2.649201173069752,very_noisy,0.8493795347682445,1.0,ambient,42,1744254701,1922633456,dataset_v2_generator-1.2,dataset_v2_clean.0,31.065652846918827,,,,,,,0.4090371613903374,0.23125,0,ook|very_noisy|18500,0
dataset_v2_clean.0_fsk_000400,1,fsk,48000,0.042666666666666665,18526.569289941104,21.27976866849376,clean,0.6833648709314467,0.8011663536017005,white,42,3123659338,2073904815,dataset_v2_generator-1.2,dataset_v2_clean.0,45.23637432071716,2197.757794670997,,,,,,0.25473937305978483,0.12485416666666667,0,fsk|clean|18500,0
dataset_v2_clean.0_benign_000324,0,benign,48000,0.042666666666666665,,,,0.48161085475236254,2.058733596439788,white,42,2555430723,4171130663,dataset_v2_generator-1.2,dataset_v2_clean.0,,,,,,,white,0.3895728685569881,0.2934583333333333,0,benign|white|a50,0
dataset_v2_clean.0_ook_000420,2,ook,48000,0.042666666666666665,19077.60518092571,14.439068735988023,moderate,0.6163975315141332,0.7982973703557478,white,42,2271999402,2786443186,dataset_v2_generator-1.2,dataset_v2_clean.0,54.51180463448722,,,,,,,0.36253485545546676,0.07422916666666667,0,ook|moderate|19000,0
dataset_v2_clean.0_chirp_000078,3,chirp,48000,0.042666666666666665,,7.9678489903199985,noisy,0.8293731972442291,1.0,ambient,42,761591938,158623035,dataset_v2_generator-1.2,dataset_v2_clean.0,,,18348.406752311654,20525.844240118222,,5,,0.409940269739775,0.11975,0,chirp|noisy|18500_20500,0
dataset_v2_clean.0_chirp_000401,3,chirp,48000,0.042666666666666665,,-3.0564872543650274,very_noisy,0.7381552670734357,1.0,ambient,42,3629693033,4080008068,dataset_v2_generator-1.2,dataset_v2_clean.0,,,18150.35487726079,20479.511300239967,,7,,0.24088163638139812,0.018479166666666668,0,chirp|very_noisy|18000_20500,0
dataset_v2_clean.0_benign_000045,0,benign,48000,0.042666666666666665,18909.601242862744,,,0.4486100270803599,0.4486100265458517,none,42,4050511488,4088374080,dataset_v2_generator-1.2,dataset_v2_clean.0,,,,,,,steady_ultrasonic_hum,0.3479170290507455,0.18783333333333332,0,benign|steady_ultrasonic_hum|19000|a40,0
dataset_v2_clean.0_tone_000301,4,tone,48000,0.042666666666666665,19949.52503354008,16.309300961481373,moderate,0.6898491059872491,0.8948393665808423,ambient,42,1263914023,2282557665,dataset_v2_generator-1.2,dataset_v2_clean.0,,,,,,,,0.24006855876225563,0.1798125,0,tone|moderate|20000,0
dataset_v2_clean.0_fsk_000107,1,fsk,48000,0.042666666666666665,18466.981323997592,24.122982940809354,clean,0.7097502893458356,0.7873463077354037,ambient,42,851814249,1042996936,dataset_v2_generator-1.2,dataset_v2_clean.0,76.92326574120021,1160.9661911245894,,,,,,0.2194731493909669,0.1170625,0,fsk|clean|18500,0
dataset_v2_clean.0_ook_000233,2,ook,48000,0.042666666666666665,18326.883693917203,9.736848003397899,noisy,0.9052234281927347,1.0,ambient,42,3522632575,272350961,dataset_v2_generator-1.2,dataset_v2_clean.0,63.53098506374976,,,,,,,0.3993280835019003,0.12902083333333333,1,ook|noisy|18500,0
dataset_v2_clean.0_tone_000022,4,tone,48000,0.042666666666666665,18760.399075864305,18.041943493791894,moderate,0.8518080500765299,1.0,white,42,1997490082,2208010460,dataset_v2_generator-1.2,dataset_v2_clean.0,,,,,,,,0.23130446072976932,0.1624375,0,tone|moderate|19000,0
dataset_v2_clean.0_fsk_000437,1,fsk,48000,0.042666666666666665,19243.2485992819,29.4957826536993,clean,0.6154411416925268,0.6522186338015713,ambient,42,2253666565,2567648831,dataset_v2_generator-1.2,dataset_v2_clean.0,50.31665876515452,1596.6634647083483,,,,,,0.2744016261503274,0.1315,0,fsk|clean|19000,0
dataset_v2_clean.0_benign_000096,0,benign,48000,0.042666666666666665,,,,0.20763034991738,0.8339338032596593,white,42,3800294060,1357131858,dataset_v2_generator-1.2,dataset_v2_clean.0,,,,,,,white,0.3345752685409377,0.2316875,0,benign|white|a20,0
dataset_v2_clean.0_ook_000377,2,ook,48000,0.042666666666666665,18482.46406079569,2.55731087048259,noisy,0.7419467947924407,1.0,white,42,4278231258,7872388,dataset_v2_generator-1.2,dataset_v2_clean.0,32.5190198701375,,,,,,,0.3141253928242425,0.10179166666666667,0,ook|noisy|18500,0
dataset_v2_clean.0_fsk_000374,1,fsk,48000,0.042666666666666665,19178.85511837461,15.35045235155332,moderate,0.6572508403145466,0.8448933176276643,ambient,42,4223682305,3061332731,dataset_v2_generator-1.2,dataset_v2_clean.0,41.63703076443555,1476.85741652266,,,,,,0.3772179869813696,0.0881875,0,fsk|moderate|19000,0
dataset_v2_clean.0_fsk_000343,1,fsk,48000,0.042666666666666665,19426.57005420777,0.9148855672619991,very_noisy,0.8659380970425665,1.0,white,42,3014106387,2029024470,dataset_v2_generator-1.2,dataset_v2_clean.0,22.86974145546581,878.3943109154716,,,,,,0.24882912306838045,0.09775,0,fsk|very_noisy|19500,0
dataset_v2_clean.0_chirp_000032,3,chirp,48000,0.042666666666666665,,-0.48707335109188854,very_noisy,0.9430341220293215,1.0,ambient,42,551068999,1852091607,dataset_v2_generator-1.2,dataset_v2_clean.0,,,18288.84616671128,20753.31824100361,,5,,0.23049583428653833,0.10704166666666666,0,chirp|very_noisy|18500_21000,0
dataset_v2_clean.0_ook_000294,2,ook,48000,0.042666666666666665,20132.665683174233,13.622462253007003,moderate,0.9768331409719999,1.0,ambient,42,3467785174,4015415893,dataset_v2_generator-1.2,dataset_v2_clean.0,31.63610676979515,,,,,,,0.28396022717104186,0.1025,0,ook|moderate|20000,0
dataset_v2_clean.0_tone_000208,4,tone,48000,0.042666666666666665,20172.159847212573,8.4347881595255,noisy,0.6840589259178468,1.0,ambient,42,2437367602,197484173,dataset_v2_generator-1.2,dataset_v2_clean.0,,,,,,,,0.40992060096053395,0.11152083333333333,0,tone|noisy|20000,0
dataset_v2_clean.0_fsk_000413,1,fsk,48000,0.042666666666666665,18436.304464916662,-1.696731100783417,very_noisy,0.6353526820256812,1.0,white,42,835505481,1112575181,dataset_v2_generator-1.2,dataset_v2_clean.0,16.631327099565702,1501.136980557898,,,,,,0.3592519182358805,0.233875,0,fsk|very_noisy|18500,0
dataset_v2_clean.0_ook_000365,2,ook,48000,0.042666666666666665,20076.734272302096,26.346775034506578,clean,0.7318238963241808,0.7712822847345517,ambient,42,4039878643,2777141844,dataset_v2_generator-1.2,dataset_v2_clean.0,37.442432186970414,,,,,,,0.26021608855469164,0.12460416666666667,0,ook|clean|20000,0
dataset_v2_clean.0_ook_000168,2,ook,48000,0.042666666666666665,20566.269216087265,8.063527852140336,noisy,0.8194778456027179,1.0,ambient,42,1157261328,3938162910,dataset_v2_generator-1.2,dataset_v2_clean.0,50.29350303560173,,,,,,,0.3661671495765888,0.2335625,0,ook|noisy|20500,0
dataset_v2_clean.0_tone_000044,4,tone,48000,0.042666666666666665,19201.38169078346,14.069256820130855,moderate,0.5759812861106787,0.8408816596162791,white,42,1826936189,1783462036,dataset_v2_generator-1.2,dataset_v2_clean.0,,,,,,,,0.3142980826485429,0.09220833333333334,0,tone|moderate|19000,0
dataset_v2_clean.0_fsk_000453,1,fsk,48000,0.042666666666666665,19206.919439561112,11.43185927549527,moderate,0.5539937077220703,0.8679618999895895,white,42,2572684816,1197362459,dataset_v2_generator-1.2,dataset_v2_clean.0,35.18520149955466,875.6419170270019,,,,,,0.2443726844541787,0.12458333333333334,0,fsk|moderate|19000,0
dataset_v2_clean.0_benign_000119,0,benign,48000,0.042666666666666665,19044.28481287806,,,0.35846107273329825,0.3584610717931035,none,42,60197084,3715376847,dataset_v2_generator-1.2,dataset_v2_clean.0,,,,,,,steady_ultrasonic_hum,0.30869429197731374,0.0389375,0,benign|steady_ultrasonic_hum|19000|a40,0
dataset_v2_clean.0_ook_000321,2,ook,48000,0.042666666666666665,18552.761513095098,0.7600560181583651,very_noisy,0.7088447089295875,1.0,white,42,4119284791,26340308,dataset_v2_generator-1.2,dataset_v2_clean.0,57.56283489570702,,,,,,,0.39967833709617706,0.10354166666666667,0,ook|very_noisy|18500,0
dataset_v2_clean.0_chirp_000260,3,chirp,48000,0.042666666666666665,,8.585317825136002,noisy,0.926912802960663,1.0,ambient,42,1004859056,1367558409,dataset_v2_generator-1.2,dataset_v2_clean.0,,,18527.96125134024,20311.80622080115,,7,,0.41111576176500353,0.0515625,0,chirp|noisy|18500_20500,0
dataset_v2_clean.0_ook_000473,2,ook,48000,0.042666666666666665,19611.061232121425,17.74928542895469,moderate,0.5962988318004887,0.6721319386835588,ambient,42,2540904199,2306992571,dataset_v2_generator-1.2,dataset_v2_clean.0,52.44862648298982,,,,,,,0.27080784274181874,0.0918125,0,ook|moderate|19500,0
dataset_v2_clean.0_chirp_000048,3,chirp,48000,0.042666666666666665,,1.5178185667519397,very_noisy,0.8104075414704386,1.0,ambient,42,653235081,3656147671,dataset_v2_generator-1.2,dataset_v2_clean.0,,,18972.199498654183,20322.277230907817,,5,,0.31897572186133777,0.05604166666666666,0,chirp|very_noisy|19000_20500,0
dataset_v2_clean.0_tone_000150,4,tone,48000,0.042666666666666665,19206.85010753998,10.029593527326796,moderate,0.5642899270835289,0.9314704447925928,ambient,42,4286116088,4168440879,dataset_v2_generator-1.2,dataset_v2_clean.0,,,,,,,,0.3811893832515572,0.10379166666666667,0,tone|moderate|19000,0
dataset_v2_clean.0_fsk_000318,1,fsk,48000,0.042666666666666665,18538.498716970742,1.0978725277187387,very_noisy,0.8438816523862505,1.0,white,42,1123379051,576750168,dataset_v2_generator-1.2,dataset_v2_clean.0,15.930115427285868,1193.0830047361778,,,,,,0.2673970006542439,0.0986875,0,fsk|very_noisy|18500,0
dataset_v2_clean.0_fsk_000471,1,fsk,48000,0.042666666666666665,19308.389532163368,14.109628069250764,moderate,0.8862794424452634,1.0,white,42,3570822871,4228670343,dataset_v2_generator-1.2,dataset_v2_clean.0,45.54576609616941,1354.31383844445,,,,,,0.2800093189588487,0.018916666666666665,0,fsk|moderate|19500,0
dataset_v2_clean.0_benign_000161,0,benign,48000,0.042666666666666665,,,,0.36757543391391895,0.36757543391391895,ambient,42,450804696,2141920438,dataset_v2_generator-1.2,dataset_v2_clean.0,,,,,,,ambient,0.29532659673907197,0.1861875,0,benign|ambient|a40,1
dataset_v2_clean.0_chirp_000360,3,chirp,48000,0.042666666666666665,,5.694510412406152,noisy,0.6401094514585552,1.0,white,42,1384408665,670405599,dataset_v2_generator-1.2,dataset_v2_clean.0,,,18551.023621301007,20896.126049596314,,5,,0.282523462150845,0.019416666666666665,0,chirp|noisy|18500_21000,0
dataset_v2_clean.0_ook_000146,2,ook,48000,0.042666666666666665,18406.039631491556,14.273588719017356,moderate,0.8872684676048633,1.0,ambient,42,1098878397,1843434824,dataset_v2_generator-1.2,dataset_v2_clean.0,49.342334130498124,,,,,,,0.4250054332708864,0.04625,0,ook|moderate|18500,0
dataset_v2_clean.0_benign_000468,0,benign,48000,0.042666666666666665,,,,0.5538762507076421,2.2187735899191625,white,42,1497636050,117089112,dataset_v2_generator-1.2,dataset_v2_clean.0,,,,,,,white,0.39142667615216387,0.28575,0,benign|white|a60,0
dataset_v2_clean.0_fsk_000251,1,fsk,48000,0.042666666666666665,18538.06629277415,21.948295118468263,clean,0.8710084374050253,1.0,white,42,247939622,304885731,dataset_v2_generator-1.2,dataset_v2_clean.0,64.21194453804452,1098.525480252105,,,,,,0.3755513098034234,0.023583333333333335,0,fsk|clean|18500,0
dataset_v2_clean.0_benign_000103,0,benign,48000,0.042666666666666665,,,,0.4989764664969356,2.2434168692437093,white,42,3834391763,4016647389,dataset_v2_generator-1.2,dataset_v2_clean.0,,,,,,,band_limited_hiss,0.36624269876901877,0.12335416666666667,0,benign|band_limited_hiss|na|a50,0
dataset_v2_clean.0_fsk_000144,1,fsk,48000,0.042666666666666665,18957.96097406322,27.60270510299273,clean,0.9661964377595322,1.0,ambient,42,3022892756,1056814760,dataset_v2_generator-1.2,dataset_v2_clean.0,74.57470389649451,1908.5767767977813,,,,,,0.25739034391436466,0.050479166666666665,0,fsk|clean|19000,0
dataset_v2_clean.0_ook_000075,2,ook,48000,0.042666666666666665,19906.853102744335,15.136547232466217,moderate,0.5646910587103496,0.7020888559177033,white,42,46126036,4267343335,dataset_v2_generator-1.2,dataset_v2_clean.0,69.80588679480061,,,,,,,0.30852618233733,0.2343125,0,ook|moderate|20000,0
dataset_v2_clean.0_fsk_000131,1,fsk,48000,0.042666666666666665,19116.146430552388,8.375241710656637,noisy,0.8184684304210084,1.0,white,42,1430203692,140932784,dataset_v2_generator-1.2,dataset_v2_clean.0,38.72310172923799,963.1163206972269,,,,,,0.280384506484053,0.13222916666666668,0,fsk|noisy|19000,0
dataset_v2_clean.0_chirp_000058,3,chirp,48000,0.042666666666666665,,9.865117203880036,noisy,0.632884409840814,0.9511629136593871,ambient,42,1878007919,2933977117,dataset_v2_generator-1.2,dataset_v2_clean.0,,,18497.964587676568,20819.730438486593,,4,,0.2728407997946496,0.13854166666666667,0,chirp|noisy|18500_21000,0
dataset_v2_clean.0_ook_000159,2,ook,48000,0.042666666666666665,20955.59758481372,15.80728865629581,moderate,0.8569042379715761,1.0,ambient,42,851128711,3725152076,dataset_v2_generator-1.2,dataset_v2_clean.0,63.333744940235235,,,,,,,0.3985603280401504,0.21425,0,ook|moderate|21000,0
dataset_v2_clean.0_fsk_000447,1,fsk,48000,0.042666666666666665,18528.657658517215,9.34143977480208,noisy,0.9777380225435872,1.0,white,42,512266230,3984025925,dataset_v2_generator-1.2,dataset_v2_clean.0,61.46785826481771,1678.104898835787,,,,,,0.27465978558105597,0.1298125,0,fsk|noisy|18500,0
dataset_v2_clean.0_chirp_000160,3,chirp,48000,0.042666666666666665,,28.321189451869095,clean,0.7116222298808791,0.7618134851061467,ambient,42,1981379705,3266138849,dataset_v2_generator-1.2,dataset_v2_clean.0,,,19107.88539993573,20908.442687382372,,2,,0.41730522875464643,0.007083333333333333,0,chirp|clean|19000_21000,0
dataset_v2_clean.0_fsk_000006,1,fsk,48000,0.042666666666666665,19601.31547700286,27.414518598205238,clean,0.934573667880028,0.9880786860729509,ambient,42,2188516665,429466934,dataset_v2_generator-1.2,dataset_v2_clean.0,85.30233601685687,660.1417269364028,,,,,,0.31982302648822764,0.051791666666666666,0,fsk|clean|19500,0
dataset_v2_clean.0_chirp_000296,3,chirp,48000,0.042666666666666665,,23.88922027122186,clean,0.9703631326884599,1.0,white,42,3274604353,134995375,dataset_v2_generator-1.2,dataset_v2_clean.0,,,18207.47814569697,20670.99330816344,,4,,0.350247383885769,0.08129166666666666,0,chirp|clean|18000_20500,0
dataset_v2_clean.0_tone_000422,4,tone,48000,0.042666666666666665,20605.708768045453,-2.406498440475789,very_noisy,0.7343058778321924,1.0,white,42,2386197543,3986453984,dataset_v2_generator-1.2,dataset_v2_clean.0,,,,,,,,0.404526233311733,0.05564583333333333,0,tone|very_noisy|20500,0
dataset_v2_clean.0_ook_000427,2,ook,48000,0.042666666666666665,19446.80373171675,16.828152598608064,moderate,0.8567480206864013,1.0,white,42,374541377,3501706339,dataset_v2_generator-1.2,dataset_v2_clean.0,62.5728158606521,,,,,,,0.3161221857090789,0.0409375,0,ook|moderate|19500,0
dataset_v2_clean.0_chirp_000115,3,chirp,48000,0.042666666666666665,,9.922950957924218,noisy,0.7508149082599256,1.0,ambient,42,2114928368,3336201194,dataset_v2_generator-1.2,dataset_v2_clean.0,,,19121.40072084497,20660.524581868656,,8,,0.24470814385944006,0.17620833333333333,0,chirp|noisy|19000_20500,0
dataset_v2_clean.0_ook_000322,2,ook,48000,0.042666666666666665,19973.017085504347,4.546744072839885,noisy,0.9046966341675032,1.0,ambient,42,2683584563,2286152473,dataset_v2_generator-1.2,dataset_v2_clean.0,48.78484920322912,,,,,,,0.23620847278778573,0.11975,0,ook|noisy|20000,0
dataset_v2_clean.0_tone_000257,4,tone,48000,0.042666666666666665,19287.87028644545,25.852151623243472,clean,0.9130310367057914,0.9873713286922702,ambient,42,3639783239,3396988640,dataset_v2_generator-1.2,dataset_v2_clean.0,,,,,,,,0.2997919716686047,0.15489583333333334,0,tone|clean|19500,0
dataset_v2_clean.0_benign_000417,0,benign,48000,0.042666666666666665,,,,0.5251997546197584,2.07136254314569,white,42,1188178004,777519618,dataset_v2_generator-1.2,dataset_v2_clean.0,,,,,,,white,0.3544695527529869,0.15933333333333333,0,benign|white|a50,0
dataset_v2_clean.0_tone_000062,4,tone,48000,0.042666666666666665,19390.39769576723,-3.3474372662836624,very_noisy,0.7118873082398465,1.0,ambient,42,1332209810,3906778900,dataset_v2_generator-1.2,dataset_v2_clean.0,,,,,,,,0.42113693367615374,0.005895833333333334,0,tone|very_noisy|19500,0
dataset_v2_clean.0_fsk_000324,1,fsk,48000,0.042666666666666665,19638.092104097843,12.715675170641047,moderate,0.8354200124134243,1.0,white,42,1056975661,1820478290,dataset_v2_generator-1.2,dataset_v2_clean.0,53.727280514032515,1171.8925397122475,,,,,,0.31409405174338484,0.0299375,0,fsk|moderate|19500,0
dataset_v2_clean.0_fsk_000469,1,fsk,48000,0.042666666666666665,18794.09351511263,27.914730243317575,clean,0.9903721882423444,1.0,white,42,957274205,3086696704,dataset_v2_generator-1.2,dataset_v2_clean.0,46.613592063827994,1146.2738930371888,,,,,,0.2906324926442453,0.1471875,0,fsk|clean|19000,0
dataset_v2_clean.0_tone_000050,4,tone,48000,0.042666666666666665,20481.55142890148,3.819580863092848,noisy,0.8535366075244937,1.0,white,42,1131027487,3689136856,dataset_v2_generator-1.2,dataset_v2_clean.0,,,,,,,,0.3275770570801945,0.0329375,0,tone|noisy|20500,0
dataset_v2_clean.0_chirp_000242,3,chirp,48000,0.042666666666666665,,5.204737540441644,noisy,0.7961288208355611,1.0,ambient,42,1010663287,2099837006,dataset_v2_generator-1.2,dataset_v2_clean.0,,,18439.97953850323,20207.032475427004,,8,,0.35952123259242813,0.0025416666666666665,0,chirp|noisy|18500_20000,0
dataset_v2_clean.0_benign_000354,0,benign,48000,0.042666666666666665,,,,0.5269689945468263,2.12398330083298,white,42,4088275764,3189748317,dataset_v2_generator-1.2,dataset_v2_clean.0,,,,,,,band_limited_hiss,0.3117617722901073,0.2659375,0,benign|band_limited_hiss|na|a50,0
dataset_v2_clean.0_chirp_000445,3,chirp,48000,0.042666666666666665,,27.062255734636363,clean,0.9338424213477586,1.0,white,42,557966327,1236391718,dataset_v2_generator-1.2,dataset_v2_clean.0,,,18129.870106769526,20463.538129627505,,7,,0.3702783353513271,0.24110416666666667,0,chirp|clean|18000_20500,0
dataset_v2_clean.0_tone_000216,4,tone,48000,0.042666666666666665,20558.9416400569,13.47189593176449,moderate,0.9065305757318665,1.0,ambient,42,1313909691,1511628949,dataset_v2_generator-1.2,dataset_v2_clean.0,,,,,,,,0.2863999308826437,0.0630625,0,tone|moderate|20500,0
dataset_v2_clean.0_benign_000249,0,benign,48000,0.042666666666666665,,,,0.6754707703157445,2.6261360392924473,white,42,288463963,4169922209,dataset_v2_generator-1.2,dataset_v2_clean.0,,,,,,,band_limited_hiss,0.41867318929428815,0.2643125,0,benign|band_limited_hiss|na|a70,0
dataset_v2_clean.0_fsk_000312,1,fsk,48000,0.042666666666666665,19654.797022211344,8.647982315273815,noisy,0.8785303345853763,1.0,white,42,2723562318,3708733644,dataset_v2_generator-1.2,dataset_v2_clean.0,71.76778769930422,1345.2029777886564,,,,,,0.34907489377316553,0.1875625,0,fsk|noisy|19500,0
dataset_v2_clean.0_fsk_000334,1,fsk,48000,0.042666666666666665,18564.993378773,29.13327442849411,clean,0.8960508556648479,0.9541612687370598,ambient,42,350661464,1022770033,dataset_v2_generator-1.2,dataset_v2_clean.0,47.54528781756316,443.39885500475793,,,,,,0.3138065629400152,0.10020833333333333,0,fsk|clean|18500,0
dataset_v2_clean.0_tone_000087,4,tone,48000,0.042666666666666665,20558.88597938767,22.279392247332474,clean,0.9602262875805541,1.0,white,42,3862053069,2592093230,dataset_v2_generator-1.2,dataset_v2_clean.0,,,,,,,,0.21532656597301142,0.06995833333333333,0,tone|clean|20500,0
dataset_v2_clean.0_benign_000479,0,benign,48000,0.042666666666666665,,,,0.6714092626801601,2.865904000335469,white,42,3226286778,1619359499,dataset_v2_generator-1.2,dataset_v2_clean.0,,,,,,,band_limited_hiss,0.3464163925543806,0.04933333333333333,0,benign|band_limited_hiss|na|a70,0
dataset_v2_clean.0_benign_000139,0,benign,48000,0.042666666666666665,,,,0.7102630173090179,2.809642091951435,white,42,4002783822,1294142538,dataset_v2_generator-1.2,dataset_v2_clean.0,,,,,,,band_limited_hiss,0.3493702610785043,0.2146875,0,benign|band_limited_hiss|na|a70,0
dataset_v2_clean.0_benign_000448,0,benign,48000,0.042666666666666665,,-2.2761267338815996,very_noisy,0.2590891476000113,0.7333997861785848,white,42,1583731423,3851832738,dataset_v2_generator-1.2,dataset_v2_clean.0,,,,,,,ambient_hf_boost,0.2380700581852957,0.06458333333333334,0,benign|ambient_hf_boost|very_noisy,0
dataset_v2_clean.0_ook_000160,2,ook,48000,0.042666666666666665,20247.297392770164,3.7674047564177933,noisy,0.9486562748360153,1.0,ambient,42,3130085036,2325194967,dataset_v2_generator-1.2,dataset_v2_clean.0,56.68302842851215,,,,,,,0.277361000654686,0.0799375,0,ook|noisy|20000,0
dataset_v2_clean.0_ook_000065,2,ook,48000,0.042666666666666665,19089.847924290312,4.667894797530033,noisy,0.9978530230069155,1.0,ambient,42,2641446120,1810483493,dataset_v2_generator-1.2,dataset_v2_clean.0,50.655147010424415,,,,,,,0.2507944967500325,0.170625,1,ook|noisy|19000,0
dataset_v2_clean.0_ook_000126,2,ook,48000,0.042666666666666665,19649.40718194568,18.471943402943488,moderate,0.8278761736461836,0.9178860100098059,ambient,42,1243173472,1631344590,dataset_v2_generator-1.2,dataset_v2_clean.0,42.7092869142923,,,,,,,0.2834947329681626,0.0416875,0,ook|moderate|19500,0
dataset_v2_clean.0_tone_000036,4,tone,48000,0.042666666666666665,19013.77782377024,-3.6934834923769913,very_noisy,0.9865109838725632,1.0,white,42,3269351937,1110985396,dataset_v2_generator-1.2,dataset_v2_clean.0,,,,,,,,0.2781300466416953,0.10539583333333333,0,tone|very_noisy|19000,0
dataset_v2_clean.0_ook_000359,2,ook,48000,0.042666666666666665,20759.324461711534,10.345679080588141,moderate,0.7115349860784386,0.9019649046891186,ambient,42,3086478830,3671713294,dataset_v2_generator-1.2,dataset_v2_clean.0,67.25887004612379,,,,,,,0.2443124572513759,0.1289375,0,ook|moderate|21000,0
dataset_v2_clean.0_chirp_000380,3,chirp,48000,0.042666666666666665,,15.530396776700837,moderate,0.9890236869846263,1.0,ambient,42,2224850551,1687742088,dataset_v2_generator-1.2,dataset_v2_clean.0,,,18196.306550495196,20901.877160331795,,6,,0.2924894146755315,0.06072916666666667,0,chirp|moderate|18000_21000,0
dataset_v2_clean.0_benign_000325,0,benign,48000,0.042666666666666665,18880.909402246,,,0.5056284673015612,0.5056284662968273,none,42,3215381193,294799467,dataset_v2_generator-1.2,dataset_v2_clean.0,,,,,,,steady_ultrasonic_hum,0.3431498820719339,0.16566666666666666,0,benign|steady_ultrasonic_hum|19000|a50,0
dataset_v2_clean.0_tone_000068,4,tone,48000,0.042666666666666665,19686.82574517537,4.116745748587655,noisy,0.7726936719911042,1.0,ambient,42,1819006368,2409341029,dataset_v2_generator-1.2,dataset_v2_clean.0,,,,,,,,0.4203529271703231,0.3106875,0,tone|noisy|19500,0
dataset_v2_clean.0_tone_000310,4,tone,48000,0.042666666666666665,19863.353376974082,-1.4570442239827344,very_noisy,0.8117705079397972,1.0,ambient,42,3214466276,1635118234,dataset_v2_generator-1.2,dataset_v2_clean.0,,,,,,,,0.37709567038993946,0.056604166666666664,0,tone|very_noisy|20000,0
dataset_v2_clean.0_tone_000424,4,tone,48000,0.042666666666666665,20644.49297628848,-0.864354484351372,very_noisy,0.6946964830600539,1.0,white,42,1533929980,1215889679,dataset_v2_generator-1.2,dataset_v2_clean.0,,,,,,,,0.23561311772247454,0.1290625,0,tone|very_noisy|20500,0
dataset_v2_clean.0_ook_000337,2,ook,48000,0.042666666666666665,20815.87536074372,13.629360536111104,moderate,0.7463663740156943,0.9680983601300662,white,42,561897313,4117729228,dataset_v2_generator-1.2,dataset_v2_clean.0,67.75352361636655,,,,,,,0.24228324914288163,0.191875,0,ook|moderate|21000,0
dataset_v2_clean.0_chirp_000183,3,chirp,48000,0.042666666666666665,,12.748385040584159,moderate,0.6828680755165368,1.0,white,42,3275924,3269408462,dataset_v2_generator-1.2,dataset_v2_clean.0,,,19292.34685943153,20796.785988074324,,5,,0.4180194317251148,0.12579166666666666,0,chirp|moderate|19500_21000,0
dataset_v2_clean.0_chirp_000291,3,chirp,48000,0.042666666666666665,,21.29630878037049,clean,0.7711867287397667,0.9118993769755173,white,42,2158681876,2246590700,dataset_v2_generator-1.2,dataset_v2_clean.0,,,18052.03185143203,20208.067199797562,,6,,0.39060393801716176,0.25908333333333333,0,chirp|clean|18000_20000,0
dataset_v2_clean.0_tone_000136,4,tone,48000,0.042666666666666665,20830.486121455993,7.780834301824293,noisy,0.7117012521608139,1.0,ambient,42,3133095138,3882367014,dataset_v2_generator-1.2,dataset_v2_clean.0,,,,,,,,0.40877738442419237,0.31775,0,tone|noisy|21000,0
dataset_v2_clean.0_tone_000315,4,tone,48000,0.042666666666666665,19915.2102203944,1.6971226579055756,very_noisy,0.6758470535390751,1.0,ambient,42,897440671,2091772074,dataset_v2_generator-1.2,dataset_v2_clean.0,,,,,,,,0.312878697894121,0.2626041666666667,0,tone|very_noisy|20000,0
dataset_v2_clean.0_benign_000095,0,benign,48000,0.042666666666666665,,12.35236930743341,moderate,0.4788431944574294,0.5568309596303005,white,42,307036908,2757966377,dataset_v2_generator-1.2,dataset_v2_clean.0,,,,,,,ambient_hf_boost,0.386244768723617,0.0915,0,benign|ambient_hf_boost|moderate,0
dataset_v2_clean.0_fsk_000087,1,fsk,48000,0.042666666666666665,18904.02566539854,-0.6010708160313696,very_noisy,0.6907259589294586,1.0,ambient,42,1520562430,4263963038,dataset_v2_generator-1.2,dataset_v2_clean.0,77.78285580028128,778.6292529145976,,,,,,0.42060663233427276,0.24589583333333334,0,fsk|very_noisy|19000,0
dataset_v2_clean.0_fsk_000455,1,fsk,48000,0.042666666666666665,18676.29589369704,-3.6493069011446178,very_noisy,0.7507344025185205,1.0,white,42,3240820769,2403456150,dataset_v2_generator-1.2,dataset_v2_clean.0,69.48665456756424,1633.1445690735272,,,,,,0.3921123434270665,0.04158333333333333,0,fsk|very_noisy|18500,0
dataset_v2_clean.0_benign_000058,0,benign,48000,0.042666666666666665,19087.517005986832,,,0.42483028845820475,0.42483028793393807,none,42,3382950888,382925725,dataset_v2_generator-1.2,dataset_v2_clean.0,,,,,,,steady_ultrasonic_hum,0.25313907877958125,0.20125,0,benign|steady_ultrasonic_hum|19000|a40,0
dataset_v2_clean.0_ook_000393,2,ook,48000,0.042666666666666665,19662.846692960647,8.3009200379637,noisy,0.7440294246060002,1.0,ambient,42,2959681799,216686149,dataset_v2_generator-1.2,dataset_v2_clean.0,52.15872795699438,,,,,,,0.24088108875262937,0.12675,0,ook|noisy|19500,0
dataset_v2_clean.0_ook_000080,2,ook,48000,0.042666666666666665,18568.708577832112,19.48821224333436,moderate,0.9781353414670995,1.0,ambient,42,2575405593,917019716,dataset_v2_generator-1.2,dataset_v2_clean.0,62.15100722365329,,,,,,,0.40961296782753376,0.19885416666666667,0,ook|moderate|18500,0
dataset_v2_clean.0_chirp_000082,3,chirp,48000,0.042666666666666665,,12.380218243007162,moderate,0.9161895163443166,1.0,ambient,42,1728255716,3148803929,dataset_v2_generator-1.2,dataset_v2_clean.0,,,18514.04760351836,20965.458454978227,,5,,0.3546025726387984,0.28589583333333335,0,chirp|moderate|18500_21000,0
dataset_v2_clean.0_fsk_000181,1,fsk,48000,0.042666666666666665,18354.129068199916,-1.197366086045832,very_noisy,0.7601566463702722,1.0,white,42,1143714778,626539566,dataset_v2_generator-1.2,dataset_v2_clean.0,21.10402624586679,931.4079764461021,,,,,,0.31911689786076797,0.1699375,0,fsk|very_noisy|18500,0
dataset_v2_clean.0_chirp_000070,3,chirp,48000,0.042666666666666665,,21.62627659235858,clean,0.6847436880995834,0.7856646360876738,ambient,42,786108536,1098693033,dataset_v2_generator-1.2,dataset_v2_clean.0,,,19089.478820816665,20283.158460397717,,7,,0.35575601405322116,0.14627083333333332,0,chirp|clean|19000_20500,0
dataset_v2_clean.0_fsk_000125,1,fsk,48000,0.042666666666666665,19217.16807914707,29.66649220620961,clean,0.6694831151863665,0.7071645475893725,ambient,42,1674152166,2158315330,dataset_v2_generator-1.2,dataset_v2_clean.0,35.88609487268246,469.38164285970197,,,,,,0.21409080133302386,0.14954166666666666,0,fsk|clean|19000,0
dataset_v2_clean.0_fsk_000323,1,fsk,48000,0.042666666666666665,18682.405387693714,12.620256703850089,moderate,0.8919350969276568,1.0,white,42,2224147201,2331812184,dataset_v2_generator-1.2,dataset_v2_clean.0,35.14847273616453,547.585494371102,,,,,,0.28522136958201916,0.03920833333333333,0,fsk|moderate|18500,0
dataset_v2_clean.0_ook_000429,2,ook,48000,0.042666666666666665,19989.985710791967,16.957286561002604,moderate,0.9336572779031316,1.0,white,42,767661786,3250783235,dataset_v2_generator-1.2,dataset_v2_clean.0,49.90314518423341,,,,,,,0.33062869837067255,0.23591666666666666,0,ook|moderate|20000,0
dataset_v2_clean.0_benign_000399,0,benign,48000,0.042666666666666665,19945.640099643737,,,0.5480406558442408,0.5480406540162739,none,42,978005546,3267262464,dataset_v2_generator-1.2,dataset_v2_clean.0,,,,,,,steady_ultrasonic_hum,0.25485993643940585,0.1344375,0,benign|steady_ultrasonic_hum|20000|a50,0
dataset_v2_clean.0_ook_000022,2,ook,48000,0.042666666666666665,18367.76065186407,2.8172000816093785,noisy,0.6177855235543606,1.0,white,42,2849823307,182630802,dataset_v2_generator-1.2,dataset_v2_clean.0,67.52351105144297,,,,,,,0.39228697111705124,0.03679166666666667,0,ook|noisy|18500,0
dataset_v2_clean.0_benign_000266,0,benign,48000,0.042666666666666665,20800.09746442803,,,0.31817067900027285,0.3181706789803508,none,42,1605368157,1072303410,dataset_v2_generator-1.2,dataset_v2_clean.0,,,,,,,steady_ultrasonic_hum,0.2715246006290387,0.20433333333333334,0,benign|steady_ultrasonic_hum|21000|a30,0
dataset_v2_clean.0_ook_000414,2,ook,48000,0.042666666666666665,20711.31580526837,7.82063537555771,noisy,0.6802628297364143,1.0,white,42,2465636599,2293674148,dataset_v2_generator-1.2,dataset_v2_clean.0,61.1518424095627,,,,,,,0.3768202177505509,0.20535416666666667,0,ook|noisy|20500,0
dataset_v2_clean.0_fsk_000256,1,fsk,48000,0.042666666666666665,19268.03828612884,19.294155649762384,moderate,0.9238648065794537,1.0,white,42,2558128123,3711366465,dataset_v2_generator-1.2,dataset_v2_clean.0,79.16316756238487,1731.9617138711583,,,,,,0.2715135585008368,0.18214583333333334,0,fsk|moderate|19500,0
dataset_v2_clean.0_ook_000297,2,ook,48000,0.042666666666666665,18885.330247839152,-0.6362277889220724,very_noisy,0.5723535499334371,1.0,white,42,936123664,535815446,dataset_v2_generator-1.2,dataset_v2_clean.0,60.31020447473636,,,,,,,0.3889336289229987,0.025916666666666668,0,ook|very_noisy|19000,0
dataset_v2_clean.0_benign_000335,0,benign,48000,0.042666666666666665,,,,0.6076212047931404,2.471349179618797,white,42,1885248602,3891864445,dataset_v2_generator-1.2,dataset_v2_clean.0,,,,,,,band_limited_hiss,0.3677059722072939,0.1463125,0,benign|band_limited_hiss|na|a60,0
dataset_v2_clean.0_benign_000409,0,benign,48000,0.042666666666666665,19026.015893565713,,,0.38136013436135763,0.38136012178799406,none,42,4077994640,3572469380,dataset_v2_generator-1.2,dataset_v2_clean.0,,,,,,,steady_ultrasonic_hum,0.32382487358280926,0.057354166666666664,0,benign|steady_ultrasonic_hum|19000|a40,0
dataset_v2_clean.0_ook_000195,2,ook,48000,0.042666666666666665,18484.858974764596,-1.8007815946876788,very_noisy,0.9462550045683547,1.0,white,42,153454959,3416556498,dataset_v2_generator-1.2,dataset_v2_clean.0,49.224948628619494,,,,,,,0.3414176370586484,0.18302083333333333,0,ook|very_noisy|18500,0
dataset_v2_clean.0_ook_000066,2,ook,48000,0.042666666666666665,20374.223626960706,24.793324540757496,clean,0.6088139047675877,0.6642068744382129,white,42,763887471,2318040965,dataset_v2_generator-1.2,dataset_v2_clean.0,41.485812417433564,,,,,,,0.2508433097616515,0.03679166666666667,0,ook|clean|20500,0
dataset_v2_clean.0_benign_000005,0,benign,48000,0.042666666666666665,,-4.221284170771367,very_noisy,0.48991141471598243,1.0,white,42,3625716501,2008327831,dataset_v2_generator-1.2,dataset_v2_clean.0,,,,,,,ambient_hf_boost,0.33887322880396475,0.16570833333333335,0,benign|ambient_hf_boost|very_noisy,0
dataset_v2_clean.0_chirp_000359,3,chirp,48000,0.042666666666666665,,20.64202415700703,clean,0.7597357564595735,0.985537679759576,white,42,2818633575,1715348256,dataset_v2_generator-1.2,dataset_v2_clean.0,,,19177.00910512763,20240.227301936666,,6,,0.42636729960636055,0.2021875,0,chirp|clean|19000_20000,0
dataset_v2_clean.0_fsk_000109,1,fsk,48000,0.042666666666666665,19423.761649409225,22.888831283244187,clean,0.8458074572911776,0.9416157279224994,ambient,42,154440457,118745667,dataset_v2_generator-1.2,dataset_v2_clean.0,49.56712353916152,1576.2383505907746,,,,,,0.2953483211935743,0.07952083333333333,0,fsk|clean|19500,0
dataset_v2_clean.0_fsk_000089,1,fsk,48000,0.042666666666666665,18744.82458143509,9.15300179861725,noisy,0.8727398294857976,1.0,ambient,42,2865872142,1793865271,dataset_v2_generator-1.2,dataset_v2_clean.0,80.04020247493955,1738.2488943228273,,,,,,0.2646153142734791,0.11629166666666667,0,fsk|noisy|18500,0
dataset_v2_clean.0_fsk_000337,1,fsk,48000,0.042666666666666665,19413.570347338016,19.827857392765424,moderate,0.9130739758347337,1.0,white,42,2525037144,1678126307,dataset_v2_generator-1.2,dataset_v2_clean.0,24.37631606399332,1120.082947110779,,,,,,0.30021933757497027,0.11370833333333333,0,fsk|moderate|19500,0
dataset_v2_clean.0_benign_000146,0,benign,48000,0.042666666666666665,,,,0.6245229802283222,2.7722600938207744,white,42,1518686754,223230458,dataset_v2_generator-1.2,dataset_v2_clean.0,,,,,,,band_limited_hiss,0.40001390696155126,0.14485416666666667,0,benign|band_limited_hiss|na|a60,0
dataset_v2_clean.0_fsk_000179,1,fsk,48000,0.042666666666666665,19477.745498271648,9.146949061082672,noisy,0.7461466520272655,1.0,ambient,42,790908156,1449397901,dataset_v2_generator-1.2,dataset_v2_clean.0,52.47510206497674,1253.065893758725,,,,,,0.3814663066883098,0.10035416666666666,0,fsk|noisy|19500,0
dataset_v2_clean.0_chirp_000019,3,chirp,48000,0.042666666666666665,,29.41984993628087,clean,0.9613521433183498,1.0,ambient,42,1209090646,368945205,dataset_v2_generator-1.2,dataset_v2_clean.0,,,18586.563288164816,20823.465474058838,,3,,0.24666660809085786,0.051895833333333335,0,chirp|clean|18500_21000,0
dataset_v2_clean.0_benign_000451,0,benign,48000,0.042666666666666665,,7.8087467768318035,noisy,0.360410019691102,0.42079161130578385,white,42,862959759,1208698366,dataset_v2_generator-1.2,dataset_v2_clean.0,,,,,,,ambient_hf_boost,0.2335698217604475,0.02020833333333333,0,benign|ambient_hf_boost|noisy,0
dataset_v2_clean.0_tone_000250,4,tone,48000,0.042666666666666665,19961.357465789315,-4.503281029748021,very_noisy,0.6701783704698682,1.0,white,42,937194761,2163907031,dataset_v2_generator-1.2,dataset_v2_clean.0,,,,,,,,0.28807223585176084,0.09995833333333333,0,tone|very_noisy|20000,0
dataset_v2_clean.0_tone_000038,4,tone,48000,0.042666666666666665,18503.507433279934,-4.928256688493908,very_noisy,0.9794452916582645,1.0,white,42,1158157250,456831796,dataset_v2_generator-1.2,dataset_v2_clean.0,,,,,,,,0.22392019511840805,0.17125,0,tone|very_noisy|18500,0
dataset_v2_clean.0_tone_000098,4,tone,48000,0.042666666666666665,18434.9802024414,29.288165986825312,clean,0.6670718455430948,0.6994539049839259,ambient,42,1869639612,3993607899,dataset_v2_generator-1.2,dataset_v2_clean.0,,,,,,,,0.27670585561760175,0.0760625,0,tone|clean|18500,0
dataset_v2_clean.0_tone_000454,4,tone,48000,0.042666666666666665,20593.051328867987,0.9861484087886989,very_noisy,0.7844348928078894,1.0,ambient,42,108782834,1955803473,dataset_v2_generator-1.2,dataset_v2_clean.0,,,,,,,,0.3533035169659644,0.22295833333333334,0,tone|very_noisy|20500,0
dataset_v2_clean.0_benign_000313,0,benign,48000,0.042666666666666665,19174.337353975396,,,0.31833103435907817,0.3183310340219296,none,42,2366046227,195786574,dataset_v2_generator-1.2,dataset_v2_clean.0,,,,,,,steady_ultrasonic_hum,0.31335034146750673,0.03810416666666667,0,benign|steady_ultrasonic_hum|19000|a30,0
dataset_v2_clean.0_fsk_000283,1,fsk,48000,0.042666666666666665,19734.90747791419,3.5995054241003777,noisy,0.8227751398815846,1.0,ambient,42,2428503465,1060911719,dataset_v2_generator-1.2,dataset_v2_clean.0,53.106930720575605,627.0674430732834,,,,,,0.2859555968007363,0.020708333333333332,0,fsk|noisy|19500,0
dataset_v2_clean.0_ook_000130,2,ook,48000,0.042666666666666665,18651.408479470676,2.030980242335077,noisy,0.6129532906082199,1.0,ambient,42,2936219839,624668467,dataset_v2_generator-1.2,dataset_v2_clean.0,44.321218869485136,,,,,,,0.32877738539750856,0.06660416666666667,0,ook|noisy|18500,0
dataset_v2_clean.0_ook_000306,2,ook,48000,0.042666666666666665,19688.855160288647,-1.318152735585786,very_noisy,0.9900082957752386,1.0,white,42,2350387010,1707464618,dataset_v2_generator-1.2,dataset_v2_clean.0,31.74489493146826,,,,,,,0.4034819007419654,0.13779166666666667,0,ook|very_noisy|19500,0
dataset_v2_clean.0_fsk_000160,1,fsk,48000,0.042666666666666665,18779.9317952548,3.257325451005472,noisy,0.9841766619114667,1.0,white,42,2232823026,2342710057,dataset_v2_generator-1.2,dataset_v2_clean.0,80.8451922323702,1434.4392395567338,,,,,,0.2607671335230192,0.014354166666666666,0,fsk|noisy|19000,0
dataset_v2_clean.0_ook_000489,2,ook,48000,0.042666666666666665,20604.84686413638,-4.557004519497497,very_noisy,0.8624467603043081,1.0,white,42,1212450051,1332382870,dataset_v2_generator-1.2,dataset_v2_clean.0,67.09251724852976,,,,,,,0.24016965881050048,0.04902083333333333,0,ook|very_noisy|20500,0
dataset_v2_clean.0_benign_000471,0,benign,48000,0.042666666666666665,20614.402115476925,,,0.2824361979462774,0.28243619745795234,none,42,881701083,3498271252,dataset_v2_generator-1.2,dataset_v2_clean.0,,,,,,,steady_ultrasonic_hum,0.4081825050518134,0.16139583333333332,0,benign|steady_ultrasonic_hum|20500|a30,0
dataset_v2_clean.0_chirp_000169,3,chirp,48000,0.042666666666666665,,19.2332468182772,moderate,0.8184310251972405,0.9773036545482753,ambient,42,284959236,610395876,dataset_v2_generator-1.2,dataset_v2_clean.0,,,18514.431275876104,20696.8993685018,,7,,0.3768150526151039,0.04845833333333333,0,chirp|moderate|18500_20500,0
dataset_v2_clean.0_chirp_000304,3,chirp,48000,0.042666666666666665,,8.783200820936058,noisy,0.8632283570830417,1.0,white,42,3315369848,2235958250,dataset_v2_generator-1.2,dataset_v2_clean.0,,,19249.431772199627,20207.640116191928,,2,,0.2980030271810809,0.24939583333333334,0,chirp|noisy|19000_20000,0
dataset_v2_clean.0_benign_000404,0,benign,48000,0.042666666666666665,20772.890902648032,,,0.5159841067893547,0.5159841063422471,none,42,386344864,977296339,dataset_v2_generator-1.2,dataset_v2_clean.0,,,,,,,steady_ultrasonic_hum,0.38473445792177713,0.0148125,0,benign|steady_ultrasonic_hum|21000|a50,0
dataset_v2_clean.0_ook_000193,2,ook,48000,0.042666666666666665,20452.38433817236,16.43168269580987,moderate,0.936293225854921,1.0,ambient,42,3682553352,360460065,dataset_v2_generator-1.2,dataset_v2_clean.0,60.36837328314864,,,,,,,0.38319883495585544,0.19325,0,ook|moderate|20500,0
dataset_v2_clean.0_fsk_000464,1,fsk,48000,0.042666666666666665,18997.777679373445,-3.6124185358167633,very_noisy,0.9169899159760877,1.0,white,42,135737548,109247180,dataset_v2_generator-1.2,dataset_v2_clean.0,29.194753884327945,739.4677594776076,,,,,,0.32683221347781094,0.07810416666666667,0,fsk|very_noisy|19000,0
dataset_v2_clean.0_ook_000150,2,ook,48000,0.042666666666666665,19261.11016622515,13.592089539525603,moderate,0.7812674250227807,0.9831306418507358,white,42,764338952,2822872480,dataset_v2_generator-1.2,dataset_v2_clean.0,38.617939215432784,,,,,,,0.2927121740417718,0.20779166666666668,0,ook|moderate|19500,0
dataset_v2_clean.0_fsk_000284,1,fsk,48000,0.042666666666666665,19097.373943340557,-1.3229342203318852,very_noisy,0.719462191832463,1.0,white,42,1192973063,365262223,dataset_v2_generator-1.2,dataset_v2_clean.0,45.39329020988984,482.6179193539465,,,,,,0.28436260145704906,0.018020833333333333,0,fsk|very_noisy|19000,0
dataset_v2_clean.0_chirp_000464,3,chirp,48000,0.042666666666666665,,-4.020525873404032,very_noisy,0.8683308726103102,1.0,white,42,478333720,2838219968,dataset_v2_generator-1.2,dataset_v2_clean.0,,,18939.9688567402,20817.026637603034,,5,,0.3806758141069646,0.18335416666666668,0,chirp|very_noisy|19000_21000,0
dataset_v2_clean.0_fsk_000446,1,fsk,48000,0.042666666666666665,19312.713898601665,-2.9993399067742446,very_noisy,0.7301297493450223,1.0,white,42,2397351124,955579113,dataset_v2_generator-1.2,dataset_v2_clean.0,81.0940766433914,1677.5905078050273,,,,,,0.300730816790376,0.16283333333333333,0,fsk|very_noisy|19500,0
dataset_v2_clean.0_chirp_000110,3,chirp,48000,0.042666666666666665,,10.158119060812988,moderate,0.7685721838269376,1.0,white,42,1486858965,1048119388,dataset_v2_generator-1.2,dataset_v2_clean.0,,,18173.31726976375,20270.798184728534,,3,,0.32999242308800725,0.221375,0,chirp|moderate|18000_20500,0
dataset_v2_clean.0_ook_000008,2,ook,48000,0.042666666666666665,20573.24353164539,5.1415418107975,noisy,0.7876799586542066,1.0,ambient,42,2839235966,318932432,dataset_v2_generator-1.2,dataset_v2_clean.0,66.5308962516016,,,,,,,0.387536753752249,0.060020833333333336,0,ook|noisy|20500,0
dataset_v2_clean.0_ook_000012,2,ook,48000,0.042666666666666665,18745.52756726529,3.460899364226738,noisy,0.7747975188923575,1.0,white,42,838615200,1067313526,dataset_v2_generator-1.2,dataset_v2_clean.0,52.65038763969338,,,,,,,0.33535907244683055,0.23529166666666668,0,ook|noisy|18500,0
dataset_v2_clean.0_fsk_000272,1,fsk,48000,0.042666666666666665,19192.893011612643,-3.3812377911292413,very_noisy,0.5507729869956967,1.0,white,42,336045839,2854834375,dataset_v2_generator-1.2,dataset_v2_clean.0,67.82234415280405,1807.106988387357,,,,,,0.30061241095043,0.06241666666666667,0,fsk|very_noisy|19000,0
dataset_v2_clean.0_ook_000078,2,ook,48000,0.042666666666666665,18618.029991555366,-2.3201639039590085,very_noisy,0.7685499181796163,1.0,white,42,1376195506,3260070931,dataset_v2_generator-1.2,dataset_v2_clean.0,56.75271759348559,,,,,,,0.360043690787698,0.043541666666666666,0,ook|very_noisy|18500,0
dataset_v2_clean.0_benign_000066,0,benign,48000,0.042666666666666665,19367.893660602153,,,0.48097729760789065,0.48097729743494666,none,42,357209393,2040244800,dataset_v2_generator-1.2,dataset_v2_clean.0,,,,,,,steady_ultrasonic_hum,0.41891745283085075,0.042229166666666665,0,benign|steady_ultrasonic_hum|19500|a50,0
dataset_v2_clean.0_chirp_000432,3,chirp,48000,0.042666666666666665,,5.130978629169858,noisy,0.6084988946926778,1.0,ambient,42,2341205894,2825450641,dataset_v2_generator-1.2,dataset_v2_clean.0,,,18930.72211057937,20220.460498187374,,5,,0.41827966291297086,0.3546875,0,chirp|noisy|19000_20000,0
dataset_v2_clean.0_tone_000317,4,tone,48000,0.042666666666666665,18443.747375942512,29.54837610628652,clean,0.7404922589689351,0.7893009579688008,white,42,2659793583,3665775590,dataset_v2_generator-1.2,dataset_v2_clean.0,,,,,,,,0.3133317784331215,0.236875,0,tone|clean|18500,0
dataset_v2_clean.0_tone_000476,4,tone,48000,0.042666666666666665,20324.543725915657,12.368631573785827,moderate,0.5818682103448917,0.9772389734477388,white,42,3892492204,2378250859,dataset_v2_generator-1.2,dataset_v2_clean.0,,,,,,,,0.3690317288625491,0.15602083333333333,0,tone|moderate|20500,0
dataset_v2_clean.0_ook_000411,2,ook,48000,0.042666666666666665,18390.517175040863,18.389973753170906,moderate,0.6700732156679962,0.8019369124351013,white,42,3861713370,3263607625,dataset_v2_generator-1.2,dataset_v2_clean.0,68.94778631638135,,,,,,,0.2977485618601981,0.2189375,0,ook|moderate|18500,0
dataset_v2_clean.0_chirp_000263,3,chirp,48000,0.042666666666666665,,22.415858324990193,clean,0.6417298958473503,0.7060880316475335,ambient,42,126498487,438429337,dataset_v2_generator-1.2,dataset_v2_clean.0,,,18852.07042528762,20256.275790539694,,8,,0.2901007322496568,0.22766666666666666,0,chirp|clean|19000_20500,0
dataset_v2_clean.0_tone_000469,4,tone,48000,0.042666666666666665,19511.410245437015,4.884887296773367,noisy,0.8759547693179166,1.0,white,42,1956285431,247027829,dataset_v2_generator-1.2,dataset_v2_clean.0,,,,,,,,0.27936648708973605,0.0483125,0,tone|noisy|19500,0
dataset_v2_clean.0_chirp_000473,3,chirp,48000,0.042666666666666665,,8.577387532076532,noisy,0.5792267388310177,0.9535996241202823,ambient,42,3940272699,1806738757,dataset_v2_generator-1.2,dataset_v2_clean.0,,,18347.12329407331,20687.51338639933,,8,,0.22170520739632066,0.0345625,0,chirp|noisy|18500_20500,0
dataset_v2_clean.0_chirp_000185,3,chirp,48000,0.042666666666666665,,21.163734045470086,clean,0.8213097115458701,0.9527042197050362,ambient,42,2800609691,1377374294,dataset_v2_generator-1.2,dataset_v2_clean.0,,,18757.490576432945,20669.86106126544,,7,,0.40589818599287136,0.132625,0,chirp|clean|19000_20500,0
dataset_v2_clean.0_fsk_000061,1,fsk,48000,0.042666666666666665,19497.75894167551,26.37783025052278,clean,0.5515737689362399,0.5881303416603997,ambient,42,3456494746,1483076116,dataset_v2_generator-1.2,dataset_v2_clean.0,59.58734121841582,1005.0510875492728,,,,,,0.2449188132064366,0.17672916666666666,0,fsk|clean|19500,0
dataset_v2_clean.0_fsk_000372,1,fsk,48000,0.042666666666666665,19132.962342973922,16.772241651823226,moderate,0.893481491275404,1.0,white,42,167092694,1117150611,dataset_v2_generator-1.2,dataset_v2_clean.0,28.259638287451033,1255.6253779776816,,,,,,0.3430583004834828,0.21514583333333334,0,fsk|moderate|19000,0
dataset_v2_clean.0_chirp_000020,3,chirp,48000,0.042666666666666665,,-4.551481412922392,very_noisy,0.7824984078017272,1.0,white,42,935330377,875449347,dataset_v2_generator-1.2,dataset_v2_clean.0,,,18232.460716262816,20667.161806265387,,3,,0.3632914749228709,0.21352083333333333,0,chirp|very_noisy|18000_20500,0
dataset_v2_clean.0_chirp_000433,3,chirp,48000,0.042666666666666665,,3.475187183362695,noisy,0.7505953714588494,1.0,white,42,3611714899,1779485588,dataset_v2_generator-1.2,dataset_v2_clean.0,,,19038.023753766727,20254.733490852253,,5,,0.38803268439426086,0.2779583333333333,0,chirp|noisy|19000_20500,0
dataset_v2_clean.0_ook_000348,2,ook,48000,0.042666666666666665,19617.308192888097,27.718950009372257,clean,0.7203507987957886,0.7441649126401275,ambient,42,3039585171,4234651026,dataset_v2_generator-1.2,dataset_v2_clean.0,35.23200170953299,,,,,,,0.298093400668823,0.043895833333333335,0,ook|clean|19500,0
dataset_v2_clean.0_benign_000136,0,benign,48000,0.042666666666666665,19794.80787245191,,,0.4374541206844827,0.4374541194239709,none,42,85332124,3425051981,dataset_v2_generator-1.2,dataset_v2_clean.0,,,,,,,steady_ultrasonic_hum,0.3714229970833605,0.09527083333333333,0,benign|steady_ultrasonic_hum|20000|a40,1
dataset_v2_clean.0_fsk_000190,1,fsk,48000,0.042666666666666665,18881.99010390595,6.285244272733086,noisy,0.8100574795981216,1.0,white,42,3452848600,3335003978,dataset_v2_generator-1.2,dataset_v2_clean.0,15.456673095776472,1615.0575717339234,,,,,,0.37153656209910807,0.1743125,0,fsk|noisy|19000,0
dataset_v2_clean.0_tone_000289,4,tone,48000,0.042666666666666665,19294.552124518523,6.56786564652142,noisy,0.8705137749710606,1.0,ambient,42,1522412762,459113276,dataset_v2_generator-1.2,dataset_v2_clean.0,,,,,,,,0.2349491474375354,0.07510416666666667,0,tone|noisy|19500,0
dataset_v2_clean.0_ook_000194,2,ook,48000,0.042666666666666665,19579.383841931387,27.519298005962096,clean,0.60082249874531,0.6251407120348565,ambient,42,2259175789,2803985240,dataset_v2_generator-1.2,dataset_v2_clean.0,41.55622835411897,,,,,,,0.425950456696437,0.1399375,0,ook|clean|19500,0
dataset_v2_clean.0_ook_000293,2,ook,48000,0.042666666666666665,19619.500840996352,26.62195029199422,clean,0.7595967626326336,0.8027671274382477,ambient,42,3985215061,452535149,dataset_v2_generator-1.2,dataset_v2_clean.0,64.50298575679196,,,,,,,0.37947825015169245,0.008520833333333333,0,ook|clean|19500,0
dataset_v2_clean.0_ook_000346,2,ook,48000,0.042666666666666665,19235.998725287525,27.614287276750645,clean,0.8776488969973335,0.9195705248142775,ambient,42,1579771175,2910211316,dataset_v2_generator-1.2,dataset_v2_clean.0,33.69325185276101,,,,,,,0.39089394751818035,0.18620833333333334,1,ook|clean|19000,0
dataset_v2_clean.0_fsk_000342,1,fsk,48000,0.042666666666666665,18730.937549219412,3.0589180544324197,noisy,0.745897331905682,1.0,ambient,42,275577229,3838180536,dataset_v2_generator-1.2,dataset_v2_clean.0,75.66624696991431,1323.1319883093638,,,,,,0.30175892868380105,0.17570833333333333,0,fsk|noisy|18500,0
dataset_v2_clean.0_benign_000101,0,benign,48000,0.042666666666666665,19593.475174121882,,,0.4698351979882328,0.4698351977537756,none,42,2879408996,2876498478,dataset_v2_generator-1.2,dataset_v2_clean.0,,,,,,,steady_ultrasonic_hum,0.3814660083229175,0.0565,0,benign|steady_ultrasonic_hum|19500|a50,0
dataset_v2_clean.0_fsk_000297,1,fsk,48000,0.042666666666666665,19323.33254010575,4.16477770419856,noisy,0.9526642535609772,1.0,white,42,3414031356,3646521137,dataset_v2_generator-1.2,dataset_v2_clean.0,46.781472643680175,1676.6674598942518,,,,,,0.306323123537223,0.1410625,0,fsk|noisy|19500,0
dataset_v2_clean.0_tone_000041,4,tone,48000,0.042666666666666665,18456.169683506436,8.239935587888766,noisy,0.6825469544868218,1.0,white,42,2166475038,3780824081,dataset_v2_generator-1.2,dataset_v2_clean.0,,,,,,,,0.3084481970075197,0.0234375,0,tone|noisy|18500,0
dataset_v2_clean.0_tone_000212,4,tone,48000,0.042666666666666665,18626.23813745973,10.610235816679156,moderate,0.674682535131424,1.0,white,42,1537883586,2425380805,dataset_v2_generator-1.2,dataset_v2_clean.0,,,,,,,,0.3672402249589364,0.08572916666666666,0,tone|moderate|18500,0
dataset_v2_clean.0_tone_000009,4,tone,48000,0.042666666666666665,19352.527298749083,0.09042363703156742,very_noisy,0.7759039028263266,1.0,ambient,42,1481913056,2361825073,dataset_v2_generator-1.2,dataset_v2_clean.0,,,,,,,,0.26385859733982503,0.015,0,tone|very_noisy|19500,0
dataset_v2_clean.0_fsk_000025,1,fsk,48000,0.042666666666666665,18634.347493186706,1.2217086000335131,very_noisy,0.8273856999440949,1.0,white,42,3947137033,3554254871,dataset_v2_generator-1.2,dataset_v2_clean.0,28.823808699768822,1864.6963363358445,,,,,,0.24653458186367924,0.13108333333333333,0,fsk|very_noisy|18500,0
dataset_v2_clean.0_tone_000214,4,tone,48000,0.042666666666666665,20500.06659267121,5.495485391572278,noisy,0.7476900758792242,1.0,ambient,42,768972815,1972336882,dataset_v2_generator-1.2,dataset_v2_clean.0,,,,,,,,0.30638500639565386,0.0694375,0,tone|noisy|20500,0
dataset_v2_clean.0_chirp_000230,3,chirp,48000,0.042666666666666665,,16.711094588898387,moderate,0.9563366250768301,1.0,ambient,42,1371829678,3362814822,dataset_v2_generator-1.2,dataset_v2_clean.0,,,18972.25526218673,20706.008056296094,,8,,0.3439924330488006,0.030145833333333334,0,chirp|moderate|19000_20500,0
dataset_v2_clean.0_ook_000234,2,ook,48000,0.042666666666666665,18379.961841185203,12.271330712745165,moderate,0.6188150661982619,0.7391954149915111,ambient,42,849252061,2518554345,dataset_v2_generator-1.2,dataset_v2_clean.0,62.78665457811583,,,,,,,0.2529829496527956,0.0936875,0,ook|moderate|18500,0
dataset_v2_clean.0_tone_000048,4,tone,48000,0.042666666666666665,19292.31865317468,15.862088820096432,moderate,0.7193834708409939,0.9895289945483209,white,42,2333565109,633179877,dataset_v2_generator-1.2,dataset_v2_clean.0,,,,,,,,0.25554914034638715,0.09095833333333334,0,tone|moderate|19500,0
dataset_v2_clean.0_benign_000392,0,benign,48000,0.042666666666666665,,,,0.5610146604605167,2.377081507423718,white,42,2239586000,1995622118,dataset_v2_generator-1.2,dataset_v2_clean.0,,,,,,,band_limited_hiss,0.421359868735249,0.3770833333333333,0,benign|band_limited_hiss|na|a60,0
dataset_v2_clean.0_tone_000007,4,tone,48000,0.042666666666666665,19167.805123648544,-0.45781669828054383,very_noisy,0.9888378724312135,1.0,white,42,1007667009,317044006,dataset_v2_generator-1.2,dataset_v2_clean.0,,,,,,,,0.303246007980067,0.22760416666666666,0,tone|very_noisy|19000,0
dataset_v2_clean.0_tone_000466,4,tone,48000,0.042666666666666665,19251.387040672886,7.110322738127247,noisy,0.6054031239635035,1.0,ambient,42,2800825292,3319340410,dataset_v2_generator-1.2,dataset_v2_clean.0,,,,,,,,0.2343174391793109,0.0755,0,tone|noisy|19500,0
dataset_v2_clean.0_tone_000012,4,tone,48000,0.042666666666666665,19148.492279134545,-3.1743692919880875,very_noisy,0.661381310882749,1.0,white,42,570943061,813500786,dataset_v2_generator-1.2,dataset_v2_clean.0,,,,,,,,0.36148969588058344,0.2946666666666667,0,tone|very_noisy|19000,0
dataset_v2_clean.0_tone_000340,4,tone,48000,0.042666666666666665,20699.621974085425,5.637141617269827,noisy,0.920001866767948,1.0,white,42,980071033,1191904427,dataset_v2_generator-1.2,dataset_v2_clean.0,,,,,,,,0.3456045053235141,0.13902083333333334,0,tone|noisy|20500,0
dataset_v2_clean.0_benign_000091,0,benign,48000,0.042666666666666665,,,,0.3969568762581711,1.6523141871317848,white,42,2672562399,1976703175,dataset_v2_generator-1.2,dataset_v2_clean.0,,,,,,,band_limited_hiss,0.39047999265107797,0.011333333333333334,0,benign|band_limited_hiss|na|a40,0
dataset_v2_clean.0_ook_000421,2,ook,48000,0.042666666666666665,19769.42279310287,27.721396336373402,clean,0.6302923260880742,0.6450535339757868,ambient,42,58893039,3927567995,dataset_v2_generator-1.2,dataset_v2_clean.0,32.69645243940899,,,,,,,0.2552695023263112,0.14716666666666667,4,ook|clean|20000,0
dataset_v2_clean.0_benign_000407,0,benign,48000,0.042666666666666665,20331.73288927022,,,0.47918132496214827,0.479181324872281,none,42,1942408147,2515351346,dataset_v2_generator-1.2,dataset_v2_clean.0,,,,,,,steady_ultrasonic_hum,0.23354884053800332,0.17222916666666666,0,benign|steady_ultrasonic_hum|20500|a50,0
dataset_v2_clean.0_tone_000196,4,tone,48000,0.042666666666666665,19472.49162892208,29.503743556134438,clean,0.5539751550341092,0.593175914566621,white,42,634503243,1942284459,dataset_v2_generator-1.2,dataset_v2_clean.0,,,,,,,,0.3587564987279855,0.10858333333333334,0,tone|clean|19500,0
dataset_v2_clean.0_benign_000080,0,benign,48000,0.042666666666666665,,,,0.16302330895966324,0.6223142243559541,white,42,1346836581,1581982516,dataset_v2_generator-1.2,dataset_v2_clean.0,,,,,,,white,0.2657891875617616,0.202625,0,benign|white|a20,0
dataset_v2_clean.0_fsk_000358,1,fsk,48000,0.042666666666666665,19696.084274752655,9.129529860324133,noisy,0.8387664983574369,1.0,white,42,1897265397,2084801764,dataset_v2_generator-1.2,dataset_v2_clean.0,87.59500831464692,565.7485085816916,,,,,,0.24706973902194176,0.14547916666666666,0,fsk|noisy|19500,0
dataset_v2_clean.0_fsk_000392,1,fsk,48000,0.042666666666666665,18988.34248311226,-1.67474707148445,very_noisy,0.645804034884889,1.0,ambient,42,2986710972,2741377832,dataset_v2_generator-1.2,dataset_v2_clean.0,37.08110035056443,2004.7429493905438,,,,,,0.3342032474966869,0.035958333333333335,0,fsk|very_noisy|19000,0
dataset_v2_clean.0_benign_000243,0,benign,48000,0.042666666666666665,,,,0.3561864128506681,0.3561864128506681,ambient,42,4067455498,1342103400,dataset_v2_generator-1.2,dataset_v2_clean.0,,,,,,,ambient,0.3308596898555166,0.2504166666666667,0,benign|ambient|a40,0
dataset_v2_clean.0_fsk_000203,1,fsk,48000,0.042666666666666665,18826.384982238345,20.951793102883627,clean,0.7606405627853055,0.9131004867183186,white,42,38780548,4007433701,dataset_v2_generator-1.2,dataset_v2_clean.0,49.934631196724524,2118.365113147065,,,,,,0.35051590541494554,0.3043958333333333,0,fsk|clean|19000,0
dataset_v2_clean.0_tone_000149,4,tone,48000,0.042666666666666665,18846.862092453655,10.892169253547621,moderate,0.9739182286839825,1.0,ambient,42,933501774,3029932935,dataset_v2_generator-1.2,dataset_v2_clean.0,,,,,,,,0.425142740706543,0.298125,0,tone|moderate|19000,0
dataset_v2_clean.0_tone_000175,4,tone,48000,0.042666666666666665,20916.926593191572,26.75146656160199,clean,0.778989033629572,0.8340652927855559,ambient,42,2018237600,2437603646,dataset_v2_generator-1.2,dataset_v2_clean.0,,,,,,,,0.2504295572277521,0.19858333333333333,0,tone|clean|21000,0
dataset_v2_clean.0_chirp_000335,3,chirp,48000,0.042666666666666665,,-3.1247331907669076,very_noisy,0.6595620721725783,1.0,white,42,4067258232,318251581,dataset_v2_generator-1.2,dataset_v2_clean.0,,,18205.670306575932,20377.77913186568,,8,,0.38635121857253124,0.16708333333333333,0,chirp|very_noisy|18000_20500,0
dataset_v2_clean.0_benign_000219,0,benign,48000,0.042666666666666665,19418.91340158349,,,0.26674448790585065,0.2667444874415524,none,42,1148039419,3285391405,dataset_v2_generator-1.2,dataset_v2_clean.0,,,,,,,steady_ultrasonic_hum,0.3513615161360926,0.22772916666666668,0,benign|steady_ultrasonic_hum|19500|a30,0
dataset_v2_clean.0_fsk_000434,1,fsk,48000,0.042666666666666665,19537.991949743195,19.889777214171907,moderate,0.7209580828538681,0.8948795014859555,white,42,3097796935,1219723821,dataset_v2_generator-1.2,dataset_v2_clean.0,57.99606561683285,1462.0080502568053,,,,,,0.3145915242111982,0.202125,0,fsk|moderate|19500,0
dataset_v2_clean.0_tone_000481,4,tone,48000,0.042666666666666665,18628.01995270403,0.6031964406221944,very_noisy,0.848063420189043,1.0,ambient,42,3164558382,3163637253,dataset_v2_generator-1.2,dataset_v2_clean.0,,,,,,,,0.35619873483203235,0.0074375,0,tone|very_noisy|18500,0
dataset_v2_clean.0_benign_000332,0,benign,48000,0.042666666666666665,,,,0.6467255963335352,2.42466113026926,white,42,3434730432,1094719406,dataset_v2_generator-1.2,dataset_v2_clean.0,,,,,,,band_limited_hiss,0.22760903885964018,0.0734375,0,benign|band_limited_hiss|na|a60,0
dataset_v2_clean.0_benign_000092,0,benign,48000,0.042666666666666665,,,,0.37579528672200685,1.5876538459882976,white,42,2974841040,1762410338,dataset_v2_generator-1.2,dataset_v2_clean.0,,,,,,,band_limited_hiss,0.4162351257459883,0.31277083333333333,0,benign|band_limited_hiss|na|a40,0
dataset_v2_clean.0_fsk_000289,1,fsk,48000,0.042666666666666665,18293.157856004796,19.10432471091451,moderate,0.8386839193123379,1.0,white,42,3107231723,80046851,dataset_v2_generator-1.2,dataset_v2_clean.0,49.399859570125656,1054.6109637883783,,,,,,0.39778228242226354,0.11666666666666667,0,fsk|moderate|18500,0
dataset_v2_clean.0_chirp_000436,3,chirp,48000,0.042666666666666665,,10.905773311057356,moderate,0.8898078685963313,1.0,ambient,42,1371691560,848080311,dataset_v2_generator-1.2,dataset_v2_clean.0,,,18713.5634114724,20778.641165095964,,5,,0.35111213155256876,0.11527083333333334,0,chirp|moderate|18500_21000,0
dataset_v2_clean.0_fsk_000277,1,fsk,48000,0.042666666666666665,19173.359456625585,26.76015807101843,clean,0.7914349047271751,0.8690921606261317,white,42,2382663166,931808336,dataset_v2_generator-1.2,dataset_v2_clean.0,61.3112226675265,702.9636283885047,,,,,,0.2928874201130001,0.0830625,0,fsk|clean|19000,0
dataset_v2_clean.0_benign_000273,0,benign,48000,0.042666666666666665,,,,0.36688970570616664,1.7374750213897152,white,42,3775306364,2555876645,dataset_v2_generator-1.2,dataset_v2_clean.0,,,,,,,band_limited_hiss,0.25020757855890047,0.1786875,0,benign|band_limited_hiss|na|a40,0
dataset_v2_clean.0_ook_000436,2,ook,48000,0.042666666666666665,18584.68670400736,-0.6040505687864348,very_noisy,0.642691822772476,1.0,white,42,3134292391,532138212,dataset_v2_generator-1.2,dataset_v2_clean.0,42.771895451983326,,,,,,,0.41594745504493447,0.31352083333333336,0,ook|very_noisy|18500,0
dataset_v2_clean.0_benign_000393,0,benign,48000,0.042666666666666665,,,,0.6483989932095966,2.5494931755113894,white,42,4258515481,1249314947,dataset_v2_generator-1.2,dataset_v2_clean.0,,,,,,,band_limited_hiss,0.29390288653897684,0.18472916666666667,0,benign|band_limited_hiss|na|a60,0
dataset_v2_clean.0_fsk_000440,1,fsk,48000,0.042666666666666665,18477.018981806697,-4.96249581297995,very_noisy,0.9667184598526269,1.0,ambient,42,1641368390,2987276544,dataset_v2_generator-1.2,dataset_v2_clean.0,34.821135882719624,1547.2957544677556,,,,,,0.23008527970183265,0.098,0,fsk|very_noisy|18500,0
dataset_v2_clean.0_ook_000122,2,ook,48000,0.042666666666666665,19856.7924462397,22.793764310313072,clean,0.9524970618850953,1.0,ambient,42,383401686,3556117103,dataset_v2_generator-1.2,dataset_v2_clean.0,35.88184641343656,,,,,,,0.38559890242691636,0.109,0,ook|clean|20000,0
dataset_v2_clean.0_tone_000275,4,tone,48000,0.042666666666666665,19279.807081137937,18.2387345045096,moderate,0.6745831514278611,0.8455057396352058,white,42,3590890286,1737365020,dataset_v2_generator-1.2,dataset_v2_clean.0,,,,,,,,0.23856292906731186,0.052958333333333336,0,tone|moderate|19500,0
dataset_v2_clean.0_tone_000318,4,tone,48000,0.042666666666666665,19625.98806219407,1.0665953721469537,very_noisy,0.6741290726911509,1.0,white,42,2857742945,860431344,dataset_v2_generator-1.2,dataset_v2_clean.0,,,,,,,,0.3093753611204101,0.25145833333333334,0,tone|very_noisy|19500,0
dataset_v2_clean.0_benign_000194,0,benign,48000,0.042666666666666665,,,,0.426900899975055,0.426900899975055,ambient,42,2302239860,4084354465,dataset_v2_generator-1.2,dataset_v2_clean.0,,,,,,,ambient,0.30100105551899686,0.2229375,2,benign|ambient|a40,0
dataset_v2_clean.0_benign_000306,0,benign,48000,0.042666666666666665,20009.947263565267,,,0.2973766244621851,0.2973766238091827,none,42,3063882674,893943768,dataset_v2_generator-1.2,dataset_v2_clean.0,,,,,,,steady_ultrasonic_hum,0.41679227474842534,0.10129166666666667,0,benign|steady_ultrasonic_hum|20000|a30,0
dataset_v2_clean.0_benign_000385,0,benign,48000,0.042666666666666665,,,,0.5138887444277025,1.8905379104729703,white,42,1281169337,176803312,dataset_v2_generator-1.2,dataset_v2_clean.0,,,,,,,white,0.3001864026206197,0.023708333333333335,0,benign|white|a50,0
dataset_v2_clean.0_fsk_000258,1,fsk,48000,0.042666666666666665,18368.341516790435,29.184007164130264,clean,0.8881743766548138,0.9696257581647216,white,42,1943578351,2720910630,dataset_v2_generator-1.2,dataset_v2_clean.0,57.17134855801347,1537.315529443451,,,,,,0.34067183302094695,0.19272916666666667,0,fsk|clean|18500,0
dataset_v2_clean.0_benign_000305,0,benign,48000,0.042666666666666665,,,,0.3896076663941137,0.3896076663941137,ambient,42,245439299,1501208485,dataset_v2_generator-1.2,dataset_v2_clean.0,,,,,,,ambient,0.23702277182128537,0.0384375,0,benign|ambient|a40,0
dataset_v2_clean.0_ook_000276,2,ook,48000,0.042666666666666665,18510.8360962078,-3.0788006570686663,very_noisy,0.8379449995997319,1.0,white,42,773075024,2796525000,dataset_v2_generator-1.2,dataset_v2_clean.0,33.16958128416635,,,,,,,0.35518325562157654,0.16570833333333335,0,ook|very_noisy|18500,0
dataset_v2_clean.0_tone_000040,4,tone,48000,0.042666666666666665,20743.28436119487,12.840529101625847,moderate,0.955895668265258,1.0,ambient,42,3634164659,1004209128,dataset_v2_generator-1.2,dataset_v2_clean.0,,,,,,,,0.31313908174228455,0.16335416666666666,0,tone|moderate|20500,0
dataset_v2_clean.0_tone_000434,4,tone,48000,0.042666666666666665,19058.680992638336,-0.9805636166842584,very_noisy,0.8930979324453713,1.0,white,42,465122258,176518908,dataset_v2_generator-1.2,dataset_v2_clean.0,,,,,,,,0.2863024197913777,0.21772916666666667,0,tone|very_noisy|19000,0
dataset_v2_clean.0_tone_000405,4,tone,48000,0.042666666666666665,19490.00544189402,0.6489526784089792,very_noisy,0.8887611448721631,1.0,ambient,42,617856076,1972726269,dataset_v2_generator-1.2,dataset_v2_clean.0,,,,,,,,0.3373057033674287,0.28722916666666665,0,tone|very_noisy|19500,0
dataset_v2_clean.0_tone_000027,4,tone,48000,0.042666666666666665,19133.858431296256,7.790225871028714,noisy,0.9193914959990741,1.0,white,42,2853895632,1038777175,dataset_v2_generator-1.2,dataset_v2_clean.0,,,,,,,,0.2565400083513159,0.036645833333333336,0,tone|noisy|19000,0
dataset_v2_clean.0_tone_000065,4,tone,48000,0.042666666666666665,19523.572424343645,15.505140978887365,moderate,0.8898261231108309,1.0,white,42,1984515789,530882484,dataset_v2_generator-1.2,dataset_v2_clean.0,,,,,,,,0.2713388307124772,0.015520833333333333,0,tone|moderate|19500,0
dataset_v2_clean.0_chirp_000394,3,chirp,48000,0.042666666666666665,,7.023126329383442,noisy,0.7995945352796472,1.0,ambient,42,2897814614,2388947712,dataset_v2_generator-1.2,dataset_v2_clean.0,,,18285.139286691414,20633.481530098023,,6,,0.33116181991229576,0.015458333333333333,0,chirp|noisy|18500_20500,0
dataset_v2_clean.0_tone_000103,4,tone,48000,0.042666666666666665,19278.57877550241,7.825741806357069,noisy,0.8158810392325466,1.0,ambient,42,855019057,1420985239,dataset_v2_generator-1.2,dataset_v2_clean.0,,,,,,,,0.3302683687925686,0.08666666666666667,0,tone|noisy|19500,0
dataset_v2_clean.0_fsk_000002,1,fsk,48000,0.042666666666666665,18751.93739878631,3.0513963764546173,noisy,0.838947849152742,1.0,white,42,2436437895,1151155471,dataset_v2_generator-1.2,dataset_v2_clean.0,47.35972183375608,1979.2653174547631,,,,,,0.30136052974182753,0.0050416666666666665,0,fsk|noisy|19000,0
dataset_v2_clean.0_benign_000143,0,benign,48000,0.042666666666666665,,,,0.5677844457977422,2.389635145995871,white,42,2285070802,3077362308,dataset_v2_generator-1.2,dataset_v2_clean.0,,,,,,,white,0.30797226983793885,0.0795,0,benign|white|a60,0
dataset_v2_clean.0_benign_000356,0,benign,48000,0.042666666666666665,,,,0.6551115976612304,2.7399387782193414,white,42,2772691905,3785682824,dataset_v2_generator-1.2,dataset_v2_clean.0,,,,,,,band_limited_hiss,0.29508121121023007,0.050104166666666665,0,benign|band_limited_hiss|na|a70,0
dataset_v2_clean.0_benign_000152,0,benign,48000,0.042666666666666665,,,,0.5725425522443798,0.5725425522443798,ambient,42,3281623903,3352224481,dataset_v2_generator-1.2,dataset_v2_clean.0,,,,,,,ambient,0.36319653262718793,0.040125,0,benign|ambient|a60,0
dataset_v2_clean.0_fsk_000380,1,fsk,48000,0.042666666666666665,18696.772733963717,13.096759915675715,moderate,0.7523763102016594,1.0,white,42,635389632,3077407041,dataset_v2_generator-1.2,dataset_v2_clean.0,88.28431233478845,644.5999611133484,,,,,,0.344573418032216,0.15735416666666666,0,fsk|moderate|18500,0
dataset_v2_clean.0_chirp_000300,3,chirp,48000,0.042666666666666665,,-4.828640937419162,very_noisy,0.8368033211026447,1.0,ambient,42,3037895923,1165802442,dataset_v2_generator-1.2,dataset_v2_clean.0,,,18584.181759942487,20528.865492967954,,5,,0.34799499831043385,0.15660416666666666,0,chirp|very_noisy|18500_20500,0
dataset_v2_clean.0_benign_000078,0,benign,48000,0.042666666666666665,,,,0.5976969405585406,2.6357592769815894,white,42,156219971,2830929686,dataset_v2_generator-1.2,dataset_v2_clean.0,,,,,,,band_limited_hiss,0.29351157753633894,0.23045833333333332,0,benign|band_limited_hiss|na|a60,0
dataset_v2_clean.0_benign_000379,0,benign,48000,0.042666666666666665,,,,0.6755658271161933,2.8605381940874937,white,42,224829334,3388599385,dataset_v2_generator-1.2,dataset_v2_clean.0,,,,,,,band_limited_hiss,0.2512678926872578,0.1083125,0,benign|band_limited_hiss|na|a70,0
dataset_v2_clean.0_fsk_000142,1,fsk,48000,0.042666666666666665,18399.245559941413,6.499797772848474,noisy,0.9749556524769825,1.0,white,42,3833878523,1025891806,dataset_v2_generator-1.2,dataset_v2_clean.0,22.380975834263964,1868.08834438735,,,,,,0.3228773680235479,0.27958333333333335,0,fsk|noisy|18500,0
dataset_v2_clean.0_chirp_000244,3,chirp,48000,0.042666666666666665,,29.017603423849764,clean,0.664321939921654,0.7142233430217853,white,42,2800877602,3411710664,dataset_v2_generator-1.2,dataset_v2_clean.0,,,18000.728651712,20753.960873067223,,3,,0.33931715745990043,0.21491666666666667,0,chirp|clean|18000_21000,0
dataset_v2_clean.0_tone_000343,4,tone,48000,0.042666666666666665,20411.956250031846,6.819654915724764,noisy,0.9966663205190569,1.0,ambient,42,1199011401,1757630202,dataset_v2_generator-1.2,dataset_v2_clean.0,,,,,,,,0.3988656303296978,0.2754375,0,tone|noisy|20500,0
dataset_v2_clean.0_tone_000147,4,tone,48000,0.042666666666666665,20662.887359738,17.875094083478444,moderate,0.6724604243694055,0.8134599294461019,ambient,42,1330500451,621999622,dataset_v2_generator-1.2,dataset_v2_clean.0,,,,,,,,0.4211375650104218,0.18839583333333335,0,tone|moderate|20500,0
dataset_v2_clean.0_chirp_000159,3,chirp,48000,0.042666666666666665,,10.808811605952018,moderate,0.7623507694207032,1.0,ambient,42,1809388710,1609174816,dataset_v2_generator-1.2,dataset_v2_clean.0,,,18227.73709932511,20595.051393232967,,7,,0.3781940068150333,0.0703125,0,chirp|moderate|18000_20500,0
dataset_v2_clean.0_chirp_000031,3,chirp,48000,0.042666666666666665,,25.971679710936023,clean,0.6486428728878104,0.717264530144744,white,42,1431125787,2853621934,dataset_v2_generator-1.2,dataset_v2_clean.0,,,18035.536056085282,20953.18229744977,,7,,0.29257936898100123,0.050291666666666665,0,chirp|clean|18000_21000,0
dataset_v2_clean.0_ook_000136,2,ook,48000,0.042666666666666665,19536.122642819497,-2.385966951132049,very_noisy,0.9288702332563061,1.0,white,42,2877279975,375219970,dataset_v2_generator-1.2,dataset_v2_clean.0,42.38450954596033,,,,,,,0.24591277243171505,0.105625,0,ook|very_noisy|19500,0
dataset_v2_clean.0_fsk_000225,1,fsk,48000,0.042666666666666665,19714.602446272853,6.022528185608289,noisy,0.6846770154685521,1.0,ambient,42,2262708431,3069056970,dataset_v2_generator-1.2,dataset_v2_clean.0,66.45945958994285,990.5833082084064,,,,,,0.41873274834466667,0.13002083333333334,0,fsk|noisy|19500,0
dataset_v2_clean.0_chirp_000281,3,chirp,48000,0.042666666666666665,,3.408256482743048,noisy,0.6636087261758532,1.0,white,42,2109993971,3035315469,dataset_v2_generator-1.2,dataset_v2_clean.0,,,19143.954007812532,20911.57680152484,,3,,0.338463713070363,0.08027083333333333,0,chirp|noisy|19000_21000,0
dataset_v2_clean.0_ook_000050,2,ook,48000,0.042666666666666665,20901.126658827336,26.3644237804105,clean,0.9339036620172683,0.9976144641510019,white,42,3544387216,1137116358,dataset_v2_generator-1.2,dataset_v2_clean.0,63.45567954738372,,,,,,,0.2900286529379173,0.0746875,0,ook|clean|21000,0
dataset_v2_clean.0_benign_000364,0,benign,48000,0.042666666666666665,,,,0.6066107454774818,2.3029731563303866,white,42,2037152454,278337307,dataset_v2_generator-1.2,dataset_v2_clean.0,,,,,,,band_limited_hiss,0.2490018498153029,0.020770833333333332,0,benign|band_limited_hiss|na|a60,0
dataset_v2_clean.0_ook_000067,2,ook,48000,0.042666666666666665,18420.90187442049,-0.9511332377035417,very_noisy,0.9888992394969829,1.0,ambient,42,332805299,811496597,dataset_v2_generator-1.2,dataset_v2_clean.0,33.45550769173896,,,,,,,0.3709080579774075,0.12166666666666667,0,ook|very_noisy|18500,0
dataset_v2_clean.0_fsk_000403,1,fsk,48000,0.042666666666666665,18800.205106666224,14.202964492745433,moderate,0.9583947867054268,1.0,ambient,42,2099577375,1756545484,dataset_v2_generator-1.2,dataset_v2_clean.0,85.02688878362312,671.9418943946694,,,,,,0.32082307009462496,0.026979166666666665,0,fsk|moderate|19000,0
dataset_v2_clean.0_ook_000263,2,ook,48000,0.042666666666666665,20778.77574981053,19.875538405463566,moderate,0.6942478978823936,0.7617454434164843,white,42,4203999788,968656228,dataset_v2_generator-1.2,dataset_v2_clean.0,68.96559505919626,,,,,,,0.22341781003525135,0.0016458333333333333,0,ook|moderate|21000,0
dataset_v2_clean.0_ook_000283,2,ook,48000,0.042666666666666665,18383.794758915992,23.068203183864462,clean,0.8917554940197383,1.0,white,42,1748297848,2615975271,dataset_v2_generator-1.2,dataset_v2_clean.0,61.50214684455366,,,,,,,0.25824127626327625,0.14085416666666667,0,ook|clean|18500,0
dataset_v2_clean.0_ook_000232,2,ook,48000,0.042666666666666665,18780.684831470688,11.979165561170923,moderate,0.9522034516502291,1.0,ambient,42,605515468,244257348,dataset_v2_generator-1.2,dataset_v2_clean.0,63.11020922152516,,,,,,,0.24473585932880557,0.18383333333333332,0,ook|moderate|19000,0
dataset_v2_clean.0_ook_000184,2,ook,48000,0.042666666666666665,20137.433760424326,6.469401619984414,noisy,0.6615285867072965,0.9702748526864449,ambient,42,292403496,4236914101,dataset_v2_generator-1.2,dataset_v2_clean.0,31.692467881666264,,,,,,,0.2662237602514698,0.041854166666666665,0,ook|noisy|20000,0
dataset_v2_clean.0_ook_000452,2,ook,48000,0.042666666666666665,19168.10231028924,20.74696281196499,clean,0.5702200145098527,0.608864306803445,ambient,42,810502341,3868842095,dataset_v2_generator-1.2,dataset_v2_clean.0,37.731668074308764,,,,,,,0.276666697604286,0.176875,0,ook|clean|19000,0
dataset_v2_clean.0_tone_000198,4,tone,48000,0.042666666666666665,19754.904716780606,2.4062321207821666,noisy,0.7490881117983345,1.0,white,42,653776157,1961520717,dataset_v2_generator-1.2,dataset_v2_clean.0,,,,,,,,0.38849317680826434,0.02675,0,tone|noisy|20000,0
dataset_v2_clean.0_fsk_000409,1,fsk,48000,0.042666666666666665,19564.631744003545,-1.2883647844772161,very_noisy,0.815352072261604,1.0,ambient,42,3099202563,3582760984,dataset_v2_generator-1.2,dataset_v2_clean.0,77.28349966715334,825.7932881492707,,,,,,0.2666746569260491,0.1536875,0,fsk|very_noisy|19500,0
dataset_v2_clean.0_chirp_000261,3,chirp,48000,0.042666666666666665,,18.385346680429414,moderate,0.718999267291006,0.9250261128527633,white,42,2379654577,1375520926,dataset_v2_generator-1.2,dataset_v2_clean.0,,,18219.014556564533,20628.096974304928,,8,,0.3302899330852807,0.23935416666666667,0,chirp|moderate|18000_20500,0
dataset_v2_clean.0_tone_000292,4,tone,48000,0.042666666666666665,20399.429693996077,2.4490031873947986,noisy,0.789866033430356,1.0,white,42,620423812,3011067898,dataset_v2_generator-1.2,dataset_v2_clean.0,,,,,,,,0.408863091167312,0.23264583333333333,0,tone|noisy|20500,0
dataset_v2_clean.0_benign_000425,0,benign,48000,0.042666666666666665,18781.091477498565,,,0.5075120899018786,0.5075120894504156,none,42,2339310345,1482227185,dataset_v2_generator-1.2,dataset_v2_clean.0,,,,,,,steady_ultrasonic_hum,0.32294623350956947,0.07235416666666666,0,benign|steady_ultrasonic_hum|19000|a50,0
dataset_v2_clean.0_benign_000482,0,benign,48000,0.042666666666666665,,,,0.39914855952864053,1.7414862848987727,white,42,2629747395,4276527029,dataset_v2_generator-1.2,dataset_v2_clean.0,,,,,,,band_limited_hiss,0.33888645842860626,0.28541666666666665,0,benign|band_limited_hiss|na|a40,0
dataset_v2_clean.0_ook_000463,2,ook,48000,0.042666666666666665,19606.743131986153,2.8492381229587247,noisy,0.7450272931965515,1.0,white,42,3596031847,2579078774,dataset_v2_generator-1.2,dataset_v2_clean.0,62.76678971044209,,,,,,,0.32328796762110634,0.011020833333333334,0,ook|noisy|19500,0
dataset_v2_clean.0_ook_000415,2,ook,48000,0.042666666666666665,18752.995353019724,14.763378184626571,moderate,0.8493262171919707,1.0,white,42,28042278,3650929622,dataset_v2_generator-1.2,dataset_v2_clean.0,33.96028726041972,,,,,,,0.34847926448168903,0.03997916666666667,0,ook|moderate|19000,0
dataset_v2_clean.0_tone_000411,4,tone,48000,0.042666666666666665,20094.197141442448,14.28874331015948,moderate,0.9916969624900553,1.0,ambient,42,1869935518,2780665784,dataset_v2_generator-1.2,dataset_v2_clean.0,,,,,,,,0.28612733720126676,0.22670833333333335,0,tone|moderate|20000,0
dataset_v2_clean.0_chirp_000411,3,chirp,48000,0.042666666666666665,,24.054737366212017,clean,0.7428185926492005,0.8160361929759898,ambient,42,1294627126,1623383873,dataset_v2_generator-1.2,dataset_v2_clean.0,,,18281.596961967716,20979.453334964794,,3,,0.36668600964517023,0.1405625,0,chirp|clean|18500_21000,0
dataset_v2_clean.0_ook_000361,2,ook,48000,0.042666666666666665,19167.658161240008,1.300077591217165,very_noisy,0.703898411026901,1.0,white,42,1091950750,3544787908,dataset_v2_generator-1.2,dataset_v2_clean.0,66.60874795232449,,,,,,,0.3934071299975678,0.09822916666666667,0,ook|very_noisy|19000,0
dataset_v2_clean.0_fsk_000467,1,fsk,48000,0.042666666666666665,19640.365457078013,-4.863346995724202,very_noisy,0.9071977156599194,1.0,ambient,42,1076956413,256990675,dataset_v2_generator-1.2,dataset_v2_clean.0,58.81772692241552,762.0657522731526,,,,,,0.3632739407588015,0.2498125,0,fsk|very_noisy|19500,0
dataset_v2_clean.0_tone_000441,4,tone,48000,0.042666666666666665,20516.23921612241,13.451800024467621,moderate,0.8041140653218143,1.0,ambient,42,2676133262,1545423553,dataset_v2_generator-1.2,dataset_v2_clean.0,,,,,,,,0.30144086874066744,0.013354166666666667,0,tone|moderate|20500,0
dataset_v2_clean.0_ook_000367,2,ook,48000,0.042666666666666665,19145.69661704291,29.191917560601844,clean,0.9450907026115412,0.9966357650095351,white,42,1794863966,1906454965,dataset_v2_generator-1.2,dataset_v2_clean.0,68.73062432199978,,,,,,,0.28321817092930623,0.19808333333333333,0,ook|clean|19000,0
dataset_v2_clean.0_fsk_000393,1,fsk,48000,0.042666666666666665,19127.458600857535,27.019524949693313,clean,0.9496082455073809,1.0,white,42,305727197,2496293764,dataset_v2_generator-1.2,dataset_v2_clean.0,88.3432904060331,1288.2577281077756,,,,,,0.3494096030560133,0.0875,0,fsk|clean|19000,0
dataset_v2_clean.0_benign_000130,0,benign,48000,0.042666666666666665,20381.114487452796,,,0.43042473999520536,0.4304247399008009,none,42,2591521349,4045456468,dataset_v2_generator-1.2,dataset_v2_clean.0,,,,,,,steady_ultrasonic_hum,0.2984926116476145,0.032,0,benign|steady_ultrasonic_hum|20500|a40,0
dataset_v2_clean.0_fsk_000359,1,fsk,48000,0.042666666666666665,18811.120390302753,12.175701763822525,moderate,0.880801635997088,1.0,white,42,3103653173,2638176491,dataset_v2_generator-1.2,dataset_v2_clean.0,25.188107647523466,1785.4759661519238,,,,,,0.36197613684182417,0.18960416666666666,0,fsk|moderate|19000,0
dataset_v2_clean.0_fsk_000303,1,fsk,48000,0.042666666666666665,18204.60531305868,14.502469266389607,moderate,0.7881634957077837,1.0,ambient,42,433222908,3486456021,dataset_v2_generator-1.2,dataset_v2_clean.0,47.70182997600938,658.3142109006076,,,,,,0.21660864939086952,0.08325,0,fsk|moderate|18000,0
dataset_v2_clean.0_fsk_000452,1,fsk,48000,0.042666666666666665,19759.91560347722,11.369611291982661,moderate,0.9127827057011583,1.0,ambient,42,3515568512,2889250383,dataset_v2_generator-1.2,dataset_v2_clean.0,20.720285495095876,1140.6668797668535,,,,,,0.3541672777793986,0.30114583333333333,0,fsk|moderate|20000,0
